Sl. No.,Classification,Name and address of the industry,Latitude,Longitude,Remarks,Source
1,Aluminium,"HINDALCO, P.B-1, Belgaum-590 010.",15.9082675,74.5342441,,KSPCB 17 Category List
2,Distillery,"United Spirits Ltd ( previously Pampasara Distilleries Ltd.), (ISO 14000) Hospet,
Bellary District.",12.88742296,77.44606045,,KSPCB 17 Category List
3,Distillery,"Godavari Bio-Refineries(Previously M/s.Somaiya Organo Chemicals,) Sameerwadi-
597 316 Bagalkot District.",16.39071124,75.04511257,,KSPCB 17 Category List
4,Distillery,"Siddapura Distilleries Ltd., Siddapur, Jamakhandi Taluk, Bagalkote District",16.5042632,75.2915174,,KSPCB 17 Category List
5,Distillery,"Karthik Agro Industries Pvt Ltd
sy.no 92.93, Hooligeri village,  Badamai Taluk, Bagalkote District",16.1416049,75.594085,,KSPCB 17 Category List
6,Distillery,"Sri Malaprabha Sahakari Sakkare Karkhane Niyamit (distillery unit),  M.K.Hubli ?
591 153, Belgaum District.",15.6933876,74.7146856,,KSPCB 17 Category List
7,Distillery,Sathish Sugars Hunshyal P G village Gokak taluk Belgaum district,16.2430563,74.9038451,,KSPCB 17 Category List
8,Distillery,"Amruth Distilleries Limited, 13 Mile, Bangalore Mysore Road, Kambipura, Bangalore-74",12.8890489,77.4520753,,KSPCB 17 Category List
9,Distillery,"Nirani Sugars Ltd, (Distillery Unit), Sy. No. 18&19, Malapur Village, Mudhol Tq,
Bagalkot Dist.",16.35035209,75.27056384,,KSPCB 17 Category List
10,Distillery,"J.P. Distilleries (P) Ltd., Heggadathi Halli, Kunigal Taluk, Tumkur Dist.  (Actual address is 8, Tumkur Road, Mahali Village, Dasanpur Nelamangala Taluk, Bengaluru, Karnataka 562123)",13.07532578,77.44934827,,KSPCB 17 Category List
11,Distillery,"Indian Cane power Ltd [Previously Samson Distilleries (P) Ltd.,] Duggavathi Village
? 583 137, Harappanahally Taluk, Davangere Dist.",14.6319932,75.8443996,,KSPCB 17 Category List
12,Distillery,"SLN Distilleries (p) Ltd., Block No.459, Garaga Village, Dharwad Taluk and District.",15.5503709,74.9359878,,KSPCB 17 Category List
13,Distillery,Herms Distilleries Private Limited Sy No 98 Yardvadi Raibhagh taluk Belgavi district,16.52455187,74.72167431,,KSPCB 17 Category List
14,"Bulk Drug and
Pharmaceuticals","Hikal Ltd., No.82-A, Jigani Industrial Area, Anekal Taluk, Bangalore District.",12.76840271,77.63872641,There are two units of Hikal - Close to each other,KSPCB 17 Category List
15,"Bulk Drug and
Pharmaceuticals","Ace Bright Pvt Limited, Unit II (CDYMAX, UNIT-II  ) No.116/117, KIADB Inddl.
Area, Jigani II Phase, Bangalore",12.7743154,77.6363434,,KSPCB 17 Category List
16,"Bulk Drug and
Pharmaceuticals","Kumar Organics Products (p) Ltd., 62, Jigani Industrial Area, Anekal Taluk,
Bangalore.",12.7667236,77.64117,,KSPCB 17 Category List
17,Bulk Drug and Pharmaceuticals,"Jubilant Generics Ltd.,(Formerly Jubilant Organosys Ltd., (Formely M/s. Max India
(P) Ltd)  No.56, KIADB, Indl. Area, Nanjangud-571 301, Mysore Dist.",12.14101896,76.65886536,,KSPCB 17 Category List
18,"Bulk Drug and
Pharmaceuticals","Solara Active Pharma Sciences Limited (formerly Sequent Pharmaceuticals ) Plot
No.120 A/B, KIADB Industrial Area Baikampady, Mangalore ? 575 011.",12.95180293,74.82553056,,KSPCB 17 Category List
19,"Bulk Drug and
Pharmaceuticals","Anthem Biosciences Private Limited, Plot No.49, KIADB Bommasandra Industrial
Area, Phase-I, Bangalore-560 099",12.8153889,77.6847628,,KSPCB 17 Category List
20,Bulk Drug and Pharmaceuticals,"Vani Organics   Kolhar Industrial Area, Bidar District.",17.9207514,77.4610492,,KSPCB 17 Category List
21,"Bulk Drug and
Pharmaceuticals","Anugraha Chemicals, Shed No.D-48, KSSIDC Industrial Estate, Doddaballapura,
Bangalore Rural District",13.2481541,77.5549321,,KSPCB 17 Category List
22,Bulk Drug and Pharmaceuticals,"Apotex Pharmachem India Ltd., Plot No. 1A, 4th Phase, Bommasandra - Jigani Link road, Industrial Area, Anekal Taluk, Bangalore",12.8103248,77.6605264,,KSPCB 17 Category List
23,Bulk Drug and Pharmaceuticals,"Sathyadeeptha Pharmacueticals Limited, Plot No. 101, Humnabad Industrial Area, , Bidar",17.76577574,77.09367968,,KSPCB 17 Category List
24,"Bulk Drug and
Pharmaceuticals","Solara Active Pharma Sciences Limited (formerly Sequent Scientific Limited), Sy.
No. 265,250,251,252 & 233, Thoremavu village, Nanjangud Taluk, Mysore District",12.1503332,76.69742242,,KSPCB 17 Category List
25,"Bulk Drug and
Pharmaceuticals","Microlabs Limited, Unit-III, Bommasandra-Jigani link Road, industrial area, 4th
Phase, Anekal taluk, Bangalore.",12.84469551,77.68222368,,KSPCB 17 Category List
26,"Bulk Drug and
Pharmaceuticals","Azekem Lab  Private Limited, Plot No.94, Kolhar Industrial Area, Bidar",17.90002661,77.45608521,,KSPCB 17 Category List
27,Bulk Drug and Pharmaceuticals,"Lake chemicals Pvt. Ltd., Bommasandra, Anekal Tq, Bangalore",12.77999754,77.74705826,,KSPCB 17 Category List
28,"Bulk Drug and
Pharmaceuticals","HLL Life Sciences., Kanagala Village, Hukkeri Taluk, Belgaum",16.31003921,74.42916681,,KSPCB 17 Category List
29,"Bulk Drug and
Pharmaceuticals","Stellance Pharma Science (Karnataka Chemsyn Ltd.) plot No. 456A & B, Jigani
Industrial Area, Anekal taluk, Bangalore",12.77016012,77.63635422,,KSPCB 17 Category List
30,"Bulk Drug and
Pharmaceuticals","Bal Pharma Limited, Bommasandra-Jigani Link Rd., Anekal Tq.",12.8123348,77.6852703,,KSPCB 17 Category List
31,"Bulk Drug and
Pharmaceuticals","Vivimed Labs Ltd., Plot No. 78/A, Kolhar Industrial Area, Bidar.",17.91034224,77.46407542,,KSPCB 17 Category List
32,"Bulk Drug and
Pharmaceuticals","Vivimed Laboratories Ltd,  54P, Kolhar Industrial Area, Bidar ? 585 403.",17.91873376,77.46049199,,KSPCB 17 Category List
33,"Bulk Drug and
Pharmaceuticals","Shilpa Medicare Limited, Unit-II, Plot No33,33A,40-47, Raichur Industrial Growth
Centre, Raichur",16.216018,77.3565608,,KSPCB 17 Category List
34,"Bulk Drug and
Pharmaceuticals","Shilpa Medicare Limited, Unit-I, Plot No4, Deosugur, Industrial Area, Raichur",16.3690676,77.3611886,,KSPCB 17 Category List
35,"Bulk Drug and
Pharmaceuticals","Trimax Bio science Private Limited, Plot No. 27, KIADB Industrial Area, Raichur
Growth Centre, Raichur",16.31300784,77.354717,Exact location not found,KSPCB 17 Category List
36,"Bulk Drug and
Pharmaceuticals","Kemwell Private Limited, T-Begur, Tumkur Road, Nelamangala Taluk, Bangalore
Rural District (Kemwell BioPharma seems to be the name of the company)",13.1440043,77.34311999,,KSPCB 17 Category List
37,"Bulk Drug and
Pharmaceuticals","Biocon India Limited, 20th KM, Hebbagodi, Hosur Road, Anekal Tq.",12.8274988,77.6820364,,KSPCB 17 Category List
38,"Bulk Drug and
Pharmaceuticals","Quadragen Vethealth Private Ltd( Formerly Karnataka Nutraceuticals India Limited),
Plot No. 101B, KIADB Growth Cetre,Industrial Area, Hassan",12.96439709,76.12857291,,KSPCB 17 Category List
39,"Bulk Drug and
Pharmaceuticals","Biocon Limited, Plot No.2, 3 & 4, Bommasandra-Jigani Link Road Industrial Area,
4th Phase, Anekal Taluk, Bangalore- 560 099",12.8183291,77.6818548,,KSPCB 17 Category List
40,"Bulk Drug and
Pharmaceuticals","Kumar Organic Products Limited, Plot No.103 & 104, KIADB Industrial Area,
Pharma Zone Hassan",12.9652667,76.12949885,,KSPCB 17 Category List
41,"Bulk Drug and
Pharmaceuticals","Provimi Animal Nuetrition India Private Limited, KIADB Industrial Area,
doddaballapura, Bangalore Rural District",13.24961671,77.55426296,,KSPCB 17 Category List
42,Bulk Drug and Pharmaceuticals,"Sai Life Science (Sai Adventum Pharma Limited),        Plot No. 80-B & 81-A, Kolhar Industrial Area, Bidar.",17.90815752,77.46188977,,KSPCB 17 Category List
43,"Bulk Drug and
Pharmaceuticals","Chandra Life Sciences, Plot No. 200, Kolhar Industrial Area, Bidar",17.90977054,77.45555976,,KSPCB 17 Category List
44,"Bulk Drug and
Pharmaceuticals","Chiral Bio Sciences Private Limited, Plot No.50 & 51, Kolhar Industrial Area, Bidar",17.91322113,77.46654609,,KSPCB 17 Category List
45,"Bulk Drug and
Pharmaceuticals","Chorus Labs Ltd, Plot No. 23-B, Kolhar Indl Area, Bidar Dist.",17.91598108,77.47036603,,KSPCB 17 Category List
46,"Bulk Drug and
Pharmaceuticals","Cipla (P) Ltd., Old Madras Road, Virgonagar, Hoskote taluk, Bangalore District.",13.02731794,77.73194211,,KSPCB 17 Category List
47,"Bulk Drug and
Pharmaceuticals","Cipla Limited, Bommasandra-Jigani link Road, Bangalore",12.78558878,77.64784173,,KSPCB 17 Category List
48,"Bulk Drug and
Pharmaceuticals","Corvine Chemicals & Pharmaceuticals Ltd. Plot No. 135 E, Kolhar Industrial Area,
Bidar.",17.90857864,77.46138896,,KSPCB 17 Category List
49,"Bulk Drug and
Pharmaceuticals","Resonance Laboratories Ltd., Plot No. 8C & 9A, KIADB Indl. Area, Doddaballapura
Tq. B'lore Rural Dist.",13.26108513,77.55809909,,KSPCB 17 Category List
50,"Bulk Drug and
Pharmaceuticals","Somu Organo-Chem (P) Ltd.            Plot No. C-29, C-30, KSSIDC Estate, Malur
taluk, Kolar district.",12.98216663,77.91753654,,KSPCB 17 Category List
51,"Bulk Drug and
Pharmaceuticals","R.L. Fine Chem Pvt. Ltd., Plot No 14, KHB Industrial area, Yalahanka, Bangalore
North Taluk, Bangalore",13.10662748,77.58069064,,KSPCB 17 Category List
52,"Bulk Drug and
Pharmaceuticals","R.L. Fine Chem Pvt. Ltd., Plot No 15, KHB Industrial area, Yalahanka, Bangalore
North Taluk, Bangalore",13.10035678,77.58383211,,KSPCB 17 Category List
53,"Bulk Drug and
Pharmaceuticals","Vibrant Pharma Chem Private Limited, KIADB Industrial Area, Raichur Growth
Centre, Raichur",16.2076287,77.3462705,,KSPCB 17 Category List
54,"Bulk Drug and
Pharmaceuticals","R-Chem (Somanahalli) Pvt Limited, Plot No.122A, Humnabad Industrial Area,
Humnabad Taluk, Bidar District",17.7649732,77.09484097,,KSPCB 17 Category List
55,"Bulk Drug and
Pharmaceuticals","Gland Chemicals Private Limited, Plot No. 30A &B, KIADB Industrial Area, Malur,
Kolar District",12.98335077,77.91864624,,KSPCB 17 Category List
56,Bulk Drug and Pharmaceuticals,"Activz  Life Sciences (I) Privated Limited (Formerly ri Sai Amrutha Pharma Private
Limited), Plot No. 53,54,73 & &4, KIADB Indutrial Area, Raichur Growth Centre, Raichur",16.31033044,77.35449859,,KSPCB 17 Category List
57,Bulk Drug and Pharmaceuticals,"Larsen Pharma Ltd., (Previously Sasank Biotech Limited,) Plot No. 120 to 124, KIADB Industrial Area, Raichur Growth Centre, Raichur",16.20926561,77.34600972,Not exact location,KSPCB 17 Category List
58,"Bulk Drug and
Pharmaceuticals","Sparkvee Fine Chemicals Private Limited, Plot No. 55,56,71 & 72, KIADB Industrial
Area, Raichur Growth Centre, Raichur",16.30893696,77.35595815,,KSPCB 17 Category List
59,"Bulk Drug and
Pharmaceuticals","Eurofins Advinus Biopharma Services India Private Limited(Gomti Pharma Chem),
Plot No. 17F, KIADB Industrial Area, Bidadi, Ramaqnagaram Taluk and District",12.81318331,77.42553331,,KSPCB 17 Category List
60,Bulk Drug and Pharmaceuticals,"Shreegen  Pharma, Plot No. 135 F , Kolhar Industrial Area, Bidar",17.90980042,77.46003849,,KSPCB 17 Category List
61,"Bulk Drug and
Pharmaceuticals","Suryakala Laboratories, Plot No. 131, Kolhar Industrial Area, Bidar",17.90803607,77.46141218,,KSPCB 17 Category List
62,"Bulk Drug and
Pharmaceuticals","SN2 Asymmetric Private Limited, Plot No.94, Kolhar Industrial Area, Bidar",17.90042263,77.45824213,,KSPCB 17 Category List
63,"Bulk Drug and
Pharmaceuticals","Syntho chiral Private Limited, Plot No.53B and 54P, Kolhar Industrial Aerea, Bidar",17.91271855,77.46392468,,KSPCB 17 Category List
64,"Bulk Drug and
Pharmaceuticals","Sri Lakshmi Chemicals Private Limited,  Plot No.73D, Kolhar Industrial Aerea, Bidar",17.91127197,77.45667613,,KSPCB 17 Category List
65,"Bulk Drug and
Pharmaceuticals","Wholer Laboratories  Private Limited,  Plot No.123 & 124, Kolhar Industrial Aerea,
Bidar (Location for Hoogar Pharmaceuticals is being put here)",17.90688615,77.46090119,Couldn't find Wholer laboratories on XGN portal too,KSPCB 17 Category List
66,Bulk Drug and Pharmaceuticals,"Hexagon Bio Pharma (P) Ltd., Plot No.11-D, KIADB, Indl, Arear, Doddaballapur",13.25812045,77.55795038,,KSPCB 17 Category List
67,"Bulk Drug and
Pharmaceuticals","Samarth Life sciences oPvt Ltd., Plot No. 191 A, Vasantha Narasapura KIADB
Industrial Area, Tumkur-572 106.",13.49244745,77.02660226,,KSPCB 17 Category List
68,"Bulk Drug and
Pharmaceuticals","Raichem Medicare Private Limited, Plot No.25 & 26, KIADB Industrial Area,
Raichur Growth Centre, Raichur",16.31385839,77.35826128,,KSPCB 17 Category List
69,"Bulk Drug and
Pharmaceuticals","V P L Chemicals Private Limited, Plot No.64, KIADB Industrial Area, Somapura,
Dabaspet, Nelamangala Taluk, Bangalore Rural District",13.2256776,77.26561904,,KSPCB 17 Category List
70,"Bulk Drug and
Pharmaceuticals","Kumar Organics Products (p) Ltd.,  Plot No.60/65, Road No.3,,Jigani Industrial Area,
Anekal Taluk, Bangalore.",12.76864889,77.64082667,,KSPCB 17 Category List
71,"Bulk Drug and
Pharmaceuticals","Jayanth Life Sciences Private Limited, Plot No. 29P(1), KIADB Industrial Area,
Raichur Growth Centre, Raichur",16.31558586,77.35419179,,KSPCB 17 Category List
72,"Bulk Drug and
Pharmaceuticals","Phona Lab Shed No.76A & 77, KSSIDC Industrial Area, Metagalli Post, Hebbal,
Mysore-16",12.344678,76.628114,Couldn't find it on XGN too,KSPCB 17 Category List
73,"Bulk Drug and
Pharmaceuticals","Ksatriya Laboratories Private Limitd, Plot No 106 & 107/A KIADB Industrial Area,
Humnabad, Bidar district",17.76250478,77.09117543,,KSPCB 17 Category List
74,"Bulk Drug and
Pharmaceuticals","SRC laboratories Private Limited, Plot No. 198 & 199 KIADB Industrial Area,
Raichur Growth Centre, Raichur",16.31449633,77.35215097,,KSPCB 17 Category List
75,Bulk Drug and Pharmaceuticals,Phikon Bio Tech Private Limited Yashavanthapura Bangalore (Phyto Biotech),13.0250302,77.5340242,"Phyto Biotech Pvt Ltd.
#93, Ambati Mansion
Karthik Nagar, Outer Ring Road
Marathahalli
Bangalore - 560 037
Karnataka, India.",KSPCB 17 Category List
76,"Bulk Drug and
Pharmaceuticals","Anthem Biosciences Private Limited, Plot No.276 P, 277 P II Phase Harohalli
Industrial Area Kanakapura taluk Ramnagar district",12.6733403,77.43817558,,KSPCB 17 Category List
77,"Bulk Drug and
Pharmaceuticals","Seutic Labs Private Limited (Formerly Vasista Life Science Private Limited) Plot No
4P2 Kiadb Ind Area Humnabad Bidar",17.76640801,77.0993663,,KSPCB 17 Category List
78,"Bulk Drug and
Pharmaceuticals","Lakhmi Durga Intermediates Private Limited Plot No. 94,95, Humnabad Industrial
Area Bidar (Current coordinates are for Sri Lakshmi Drugs and Chemicals Pvt.Ltd)",17.91187429,77.45670831,,KSPCB 17 Category List
79,"Bulk Drug and
Pharmaceuticals","Millennium Chemi Pharma (Mysore Private Limited Plot No 49 Mysore-Belagola
Industrial area Metagalli Mysore",12.3614316,76.6255177,,KSPCB 17 Category List
80,"Bulk Drug and
Pharmaceuticals","RL Finechem Private Limited, Plot 27-29, KIADB Industrial Area, Gowribidanur,
Chikkaballapura district",13.70718748,77.50398305,,KSPCB 17 Category List
81,"Bulk Drug and
Pharmaceuticals","Gland Chemicals Private Limited, Plot No. 42B, KIADB Industrial Area, Malur,
Kolar District",12.98110353,77.92531501,,KSPCB 17 Category List
82,"Bulk Drug and
Pharmaceuticals","Raichur Laboratories Private Limited, Plot 126 to 129, Raichur Growth Centre,
KIADB Industrial Area, Raichur",16.30796754,77.35762617,,KSPCB 17 Category List
83,"Bulk Drug and
Pharmaceuticals","YMS Laboratories Private Limited Plot 99-102 Raichur Growth Center Chikasagur
Raichur",16.30981874,77.3517788,,KSPCB 17 Category List
84,"Bulk Drug and
Pharmaceuticals","Hikal Limited, No. 28, KIADB Ingani  Industrial Area, Jigani Hobli, Bangalore",12.76845978,77.63867497,,KSPCB 17 Category List
85,Bulk Drug and Pharmaceuticals,"Radison Labs Private Limited (Formerly Sahithi Drug & Intermedites Limited), Plot No. 108-B & 109, Humnabad Indl. Area, Bidar",17.76144914,77.09016788,,KSPCB 17 Category List
86,"Bulk Drug and
Pharmaceuticals","Lohitha Laboratories, Plot No. 187 & 188, Mundargi Indl. Area, 3rd Stage , KIADB,
Bangalore Road, Ballary",15.0970289,76.90096389,,KSPCB 17 Category List
87,"Bulk Drug and
Pharmaceuticals","Hema Laboratories,   Plot No. 125, Raichur growth Centre, Chikkasugur village,
Raichur",16.30834822,77.35583727,,KSPCB 17 Category List
88,"Bulk Drug and
Pharmaceuticals","Jaya Saketh Chemicals , Plot No. 189, KIADB Indl. Area, Mundargi Industrial Area,
Bangalore Road, Ballary",15.10390777,76.90433398,Not the exact location,KSPCB 17 Category List
89,"Bulk Drug and
Pharmaceuticals","Syngene International Limited,  Plot No:IP-39,IP-46 & IP-60,
IP-25 (part),& IP-61 (part),  Mangalore",12.98291415,74.85752714,,KSPCB 17 Category List
90,"Bulk Drug and
Pharmaceuticals","J.Y.Pharma Pvt Ltd.,Plot No.123 &  124,Raichur growth Centre Raichur taluk & Dist",16.30872414,77.3548473,,KSPCB 17 Category List
91,"Bulk Drug and
Pharmaceuticals","Stelis Biopharma Pvt Ltd.,No.2 D1, Obadenahalli,Doddaballapur,Bangalore",13.27930187,77.57926414,,KSPCB 17 Category List
92,"Bulk Drug and
Pharmaceuticals","K.G.N Industries., Plot No.93P & 94P,kiadb,2nd Stage,Mundargi Industries Area,
Bangalore Road,Ballari",15.21385492,76.92604406,The address says 'temporarily closed',KSPCB 17 Category List
93,"Bulk Drug and
Pharmaceuticals","Galaxy Chemicals.,Plot No.185 & 186,KIADB,2nd Stage Mundargi Indl Area,Bng
Road, Ballary",13.33278362,74.78408137,,KSPCB 17 Category List
94,Bulk Drug and Pharmaceuticals,"Biocon Biologics India Limited.No.2,3,4 & 5 Bommasandra Indl Area,4TH Phase Anekal,Bangalore",12.8241078,77.6739015,,KSPCB 17 Category List
95,"Bulk Drug and
Pharmaceuticals","Venus Chemicals & Drugs(P)Ltd.,Plot No.197(P),Raichur Growth Cenre,Chikasugur
Village Raichur",16.31288603,77.35185187,,KSPCB 17 Category List
96,"Bulk Drug and
Pharmaceuticals","Biocon Biologics India Limited, 20th Km, Hosur Raod, Hebbagodi Village, Bangalor",12.8465739,77.6755784,,KSPCB 17 Category List
97,"Bulk Drug and
Pharmaceuticals","Natural Capsules Limited.,Plot No.67, KIADB Indlu Area, Vasanthanarasapura Indl
Area, Phase-II, Tumkur Tq & Dist",13.50005264,77.03367831,Seems to be in Attibele Area too,KSPCB 17 Category List
98,Bulk Drug and Pharmaceuticals,"Aditya Pharmachemplot no.265,kadechur Indl Area,Yadgir",16.5363051,77.304101,,KSPCB 17 Category List
99,"Bulk Drug and
Pharmaceuticals","Sada Pharma Pvt Ltd.,Plot No.80-P1,KIADB Indul Area,Gadwanthi
village,Humnabad Hobli & Taluk,Bidar District",17.9103939,77.5199079,,KSPCB 17 Category List
100,"Bulk Drug and
Pharmaceuticals","Sapthagiri Sciences and Services., Plot No.19-B,Chikkaballapura Indl Area,Nandi
Chikkaballapura",13.4354985,77.7315344,,KSPCB 17 Category List
101,Bulk Drug and,"Kalpasthana Life Care Products Pvt Ltd.,Plot No.105,Part A,KIADB Indul",,,,KSPCB 17 Category List
,Pharmaceuticals,"Area,Humnabad,Bidar",17.7682755,77.1312586,,KSPCB 17 Category List
102,"Bulk Drug and
Pharmaceuticals","Neo Anthem Life Science Pvt Ltd.,314-p & 318-p,Sy no.170,Bannikuppe
Road,KIADB Indl Area,Phase-III,Horohalli Hobli Kanakapura Ramanagar.",12.7208614,77.2798963,,KSPCB 17 Category List
103,Bulk Drug and Pharmaceuticals,"MM HERBS(Formerly known as Sunanda Organics).,Sy No.445,Mysore-KRS Road,Metagalli,mysore 570016",12.368683,76.625,,KSPCB 17 Category List
104,"Bulk Drug and
Pharmaceuticals","Vigilant Technologies.,Sy No.104,Humnabad Indl Area,Gadawanthi
village,Humnabad,Bidar",17.7628844,77.0938583,,KSPCB 17 Category List
105,"Bulk Drug and
Pharmaceuticals","Seutic Labs Private Limited., Plot No.4P2,KIADB Indl Area,Humnabad,Bidar",17.7662752,77.0992912,,KSPCB 17 Category List
106,"Bulk Drug and
Pharmaceuticals","Pharma Noble Chem Limited., Plot No.279 to 300,Kadechur Indl Area, Kadechur,
Yadgir",16.5363051,77.304101,,KSPCB 17 Category List
107,"Bulk Drug and
Pharmaceuticals","Tetrachem Labs,Plot No.64,Kadechur Indl Area,Yadgir Taluk,Yadgir
District,Kadechur",16.517157,77.3266991,,KSPCB 17 Category List
108,"Bulk Drug and
Pharmaceuticals","Bondbay Pharmaceuticals Private Limited.,Plot No.483,Road No.2,Kadechur
Industrial Area,Kadechur,Yadgir",16.5363051,77.304101,,KSPCB 17 Category List
109,"Bulk Drug and
Pharmaceuticals","Mansfield Pharma Pvt Ltd.,Plot No.63,kadechur indl Area,Yadgir taluk & district",16.517157,77.3266991,,KSPCB 17 Category List
110,"Bulk Drug and
Pharmaceuticals","FCR Organics.,Plot No.277 & 278, Kadechur Industrial Area,Yadgir Taluk & District",16.5248081,77.3077708,,KSPCB 17 Category List
111,"Bulk Drug and
Pharmaceuticals","J.Y.Pharma Pvt Ltd.,Plot No.123 &  124,Raichur growth Centre Raichur taluk & Dist",16.216018,77.3565608,,KSPCB 17 Category List
112,"Bulk Drug and
Pharmaceuticals","Sami Nutraceuticals Pvt Ltd.,(Formerly Semi Labs Limited.,) Plot No.110-P,111-P &
112-P,Pharmaceutical SEZ,KIADB Indl Area,Hassan",12.9669483,76.1125307,,KSPCB 17 Category List
113,Bulk Drug and Pharmaceuticals,"Ramsay Laboratories Private Limited., Plot 267,Kadechur Industrial Area,Kadechur,Yadgir",16.5363051,77.304101,,KSPCB 17 Category List
114,Pesticides,"Popular Chemicals Manufactures and supplies,Plot No.380,village Karagada,Tehsil-
Belur,Hassan",13.233332,75.855799,,KSPCB 17 Category List
115,"Bulk Drug and
Pharmaceuticals","SVP Chemicals pvt ltd.,Plot No.Sy No.54/3, Navage village jamboti road,belgaum",15.6910084,74.3660784,,KSPCB 17 Category List
116,Bulk Drug and Pharmaceuticals,"Omkrown Pharma Chem Pvt Ltd., 422/4,Khanapur Road,Macche, Belgaum",15.774789,74.486284,,KSPCB 17 Category List
117,"Bulk Drug and
Pharmaceuticals","Dynarx Technology(India)Ltd.,Plot No.23,KIADB Industrial Area,2nd
Phase,Gauribidanur,Chikkabidanu,Chikkaballapur",12.951306,77.576562,,KSPCB 17 Category List
118,Pesticides,"Bonageri Life Sciences ltd., plot no.546/a,belur indl area,belur dharwad",15.5025668,74.9079864,,KSPCB 17 Category List
119,"Bulk Drug and
Pharmaceuticals","Shilpa Biologicals Private Ltd., Plot No.531,532A,Belur Industrail Area,KIADB
Growth Center,Bellur,Dharwad",15.5091247,74.9150313,,KSPCB 17 Category List
120,"Bulk Drug and
Pharmaceuticals","Sriven Pharmachem India Pvt Ltd., Plot No.264,Kadechur Indl Area, Yadgir",16.517157,77.3266991,,KSPCB 17 Category List
121,"Bulk Drug and
Pharmaceuticals","KST Pharmaceuticals., Plot No.99P,KIADB Indl Area, Humnabad, Bidar",17.7628844,77.0938583,,KSPCB 17 Category List
122,"Bulk Drug and
Pharmaceuticals","Tarunya Life Science Pvt Ltd., Plot No.65GHIJ & 59,Humnabad Indl
Area,Gadavanthi, Humnabad Bidar",17.7628844,77.0938583,,KSPCB 17 Category List
123,"Bulk Drug and
Pharmaceuticals","Shree Venus Health Sciences, Plot No.199(P1),sy no.108(part)& 72(part),Raichur
Growth Center,Indl Area,Raichur",16.216018,77.3565608,,KSPCB 17 Category List
124,"Bulk Drug and
Pharmaceuticals","Sreevari Natural & Dairy products Plot No.282,283 & 284 Kolhar Indl area,Bidar",17.9103939,77.5199079,,KSPCB 17 Category List
125,"Bulk Drug and
Pharmaceuticals","Stelis Biopharma Pvt Ltd.,(unit-3) Plot no.68/A,Bommasandra Jigani Indl
Area,Bangalore-560056",12.7914347,77.6575557,,KSPCB 17 Category List
126,"Bulk Drug and
Pharmaceuticals","Sun pharmaceuticals Industries Ltd.,Sy No.16,Ekarajapura,Siddlagha Road,Hasigala
Post,Hoskote",13.1368668,77.7709558,,KSPCB 17 Category List
127,Bulk Drug and Pharmaceuticals,"Venus Chemicals & Drugs(P)Ltd.,Plot No.197(P),Raichur Growth Cenre,Chikasugur Village Raichur",16.1924075,77.3394929,,KSPCB 17 Category List
128,Caustic soda,"Aditya Birla Chemicals (India) Ltd., (Formerly Solaris ChemTech Ltd), Binaga,
Karwar, U.K District",14.7835142,74.1260454,,KSPCB 17 Category List
129,Cement,"A.C.C Limited - New Wadi plant, P.O. Wadi-585 225 Kalburgi District.",17.0580556,76.9813889,,KSPCB 17 Category List
130,Cement,"A.C.C. Limited - Old Wadi Plant, P.O. Wadi-585 225 Kalburgi District.",17.0580556,76.9813889,,KSPCB 17 Category List
131,Cement,"Chettinadu Cement Corporation Limited, Sangem k Village, Chincholi Taluk,
Kalburgi District",17.4610238,77.4192758,,KSPCB 17 Category List
132,Cement,"Ultratech Cements                    (Rajashree Cements) (ISO 14000), Adityanagar,
Malkhed Road, Sedam Taluk, Kalburgi District.",17.1465828,77.1676556,,KSPCB 17 Category List
133,Cement,Vasavadatta Cements (ISO 14000) Sedam-585 222 Kalburgi District.,17.1649022,77.3145676,,KSPCB 17 Category List
134,Cement,"JAYPEE (Zawar) Cements Pvt. Limited, Shahabad, Kalburgi",17.1296741,76.947022,,KSPCB 17 Category List
135,Cement,"Kalaburagi Cement Private Limited (Vicat Sagar Cement Limited), Sy. No. 1 to 138,
Chatrasal Village, Chincholi Taluk, Kalburgi District",17.4610238,77.4192758,,KSPCB 17 Category List
136,Cement,"J K Cement Works Muddapura village, Mudhol Taluk, Bagalkot District",16.208824,75.303984,,KSPCB 17 Category List
137,Cement,"Dalmia Cements Limited, Yadawad Village, Gokak Taluk, Belgaum District.",16.2339301,75.1835032,,KSPCB 17 Category List
138,Cement,"Shri Keshav Cements & Infra Ltd., Plant ?II,  (Previously known as M/s. Shree Quality Cement Ltd.)Sy. No. 15/4, 88/1A, 88/1B, 88/2, 88/3, 88/4+5+6, Naganapur Village, Mudhol Taluk, Bagalkot District.",16.1714232,75.3617793,,KSPCB 17 Category List
139,Cement,"Shree Keshav Cements & Infra Ltd. Plant-I (Katwa Udyog Limited), Kaladagi,
Bagalkot.",16.2049622,75.5014641,,KSPCB 17 Category List
140,Cement,"Heidelberg Cement India Ltd.    (Mysore Cements), Ammasandra, Tumkur District.",13.2707123,76.7225688,,KSPCB 17 Category List
141,Cement,"South India Cements, No.67, Malkhed village,Sedam Taluk Kalburgi District",17.1300263,77.1662351,,KSPCB 17 Category List
142,Cement,"Orient Cement Limited, Itagi village, Chittapura taluk, Kalburgi distrct",17.1181765,77.0830256,,KSPCB 17 Category List
143,Cement,"Shree Cements Limited, ( Karnataka Cement project), Benakanahalli & Korla
village, Sedam taluk and Kalburgi District",17.1783909,77.2872658,,KSPCB 17 Category List
144,Cement,"Ratna Cements Ltd., Yadwad Village, Gokak Taluk, Belgaum District.",16.1591849,74.8156199,,KSPCB 17 Category List
145,"Dyes and Dye
intermidiates","BASF India Ltd., (ISO 14000) Bala Village, Mangalore, D.K. District ? 574 149",12.9141417,74.8559568,,KSPCB 17 Category List
146,"Dyes and Dye
intermidiates","S.F.Dyes Ltd., Lpot No.21 P, KIADB Induatrial Area, Hoskote, Bangalore Rural
District",13.0692593,77.7982428,,KSPCB 17 Category List
147,"Dyes and Dye
intermidiates","M/S. Huebright Colors Pvt. Ltd.,  Plot No. 29 B 1st Main Road, 1st Phase, Kiadb
Industrial Area,   Malur Takul, Kolar District.",12.9869325,77.9210307,,KSPCB 17 Category List
148,Fertilizer,"Coramandel International Limited (Tungabhadra Fertilizer & Chemicals Ltd.,)survey
No.101-102, Koppal District.",15.6218951,76.1783739,,KSPCB 17 Category List
149,Fertilizer,"Mangalore Chemicals & Fertilizers Ltd., Panambur, Mangalore. D.K. Dist.",12.9530213,74.8011783,,KSPCB 17 Category List
150,Fertilizer,"KPR Fertilizers Chemicals Ltd., survey No.108 & 109, Halavarthi village, Kunikeri
(Post), Koppal taluk & District.",14.3947381,76.0834258,,KSPCB 17 Category List
151,Oil Refinery,"Mangalore Refinery &  Petrochemicals Limited, Kuthethoor P.O., Via
Katipalla,Moodpadav, Mangalore ? 574 149.",12.9806045,74.7973392,,KSPCB 17 Category List
152,Paper and pulp,"Harihar Polyfibers (ISO 14000) Kumarapatnam, Near Harihar, Haveri District.",14.5270778,75.7923778,,KSPCB 17 Category List
153,Paper and pulp,"West Coast Paper Mills, Bangurnagar, Dandeli, Haliyal Taluk, U.K.District.",15.2519375,74.6286875,,KSPCB 17 Category List
154,Paper and pulp,"Grasilene division, Unit of Grasim Industries, Kumarapattanam, Ranebennur Taluk, Haveri District",14.5241297,75.7870276,,KSPCB 17 Category List
155,Pesticides,"Nichino Chemical India Private Limited, (Formerly Nectar CropScience  Limited),
Plot No. 50,82,83 & 84, KIADB Industrial Area, Humnabad, Bidar District",17.7628844,77.0938583,,KSPCB 17 Category List
156,Petrochemical,"OMPL Petrochemicals Limited, MSEZ, Permude, Mangalore",12.9917606,74.8719325,,KSPCB 17 Category List
157,Sugar,"Laila Sugars Ltd., (Previously M/s.Bhagyalakshmi SSK Niyamit), Khanapura ? 592
302, Belgaum District.",15.6434234,74.5442766,,KSPCB 17 Category List
158,Sugar,"The Ghataprabha SSK Niyamit, Singlapur village, Gokak Taluk, Belgaum District.",16.192395,74.819522,,KSPCB 17 Category List
159,Sugar,"Shree Renuka Sugars (Previously M/s.Raibag SSK Niyamit), Bavachi village, Raibag
Taluk, Belgaum District.",16.4941345,74.7746684,,KSPCB 17 Category List
160,Sugar,"Sri Malaprabha Sahakari Sakkare Karkhane Niyamit,  M.K.Hubli ? 591 153, Belgaum
District.",15.7216978,74.6927354,,KSPCB 17 Category List
161,Sugar,"Shri Shivsagar Sugars & Agro Products Ltd. Udapudi (P), Ramdurga Tq, Belgaum
Dist.",16.0730972,75.2599377,,KSPCB 17 Category List
162,Sugar,"Harsha Sugars Limited,
SY. 411/1, 411/2, 413/1, 412,411/3, of Savadatti village,  Savadatti taluk, Belagavi District",15.7521513,75.1253492,,KSPCB 17 Category List
163,Sugar & Co-Gen,"Bilagi Sugars,Badagandi village, Bilagi Taluk Bagalkot District.",16.3559662,75.6671575,,KSPCB 17 Category List
164,Sugar & Co-Gen,"Coromandal Sugars (Previously M/s.ICL Sugars), K.R.Pet, Mandya.",12.7037305,76.4216182,,KSPCB 17 Category List
165,Sugar & Co-Gen,"Shri Balaji Sugars and Chemicals Private Limited, Yargal and Madari villages,
Muddebihal Taluk, Vijayapura District",16.235021,76.161109,,KSPCB 17 Category List
166,Sugar & Co-Gen,"Godavari Biorefineries, P.O. Sameerwadi, Tal. Mudhol, Dist. Bagalkot.",16.3917899,75.0455376,,KSPCB 17 Category List
167,Sugar & Co-Gen,"Bannari Amman Sugars (Previously M/s. Mahadeshwara Sugars), Kunthur, Kollegal Taluk, Chamarajanagar District",12.1269471,77.0341631,,KSPCB 17 Category List
168,Sugar & Co-gen,"Sri. Chamundeswari sugars (previously M/s.Hemavathi SSK Ltd.), Srinivasapura,
Channarayapatna Taluk Hassan District.",12.9035322,76.3897978,,KSPCB 17 Category List
169,Sugar & Co-Gen,"Gokak sugars Limited, Kolavi-591344, Gokak Taluk, Belgaum District",16.1591849,74.8156199,,KSPCB 17 Category List
170,Sugar & Co-Gen,"Nirani Sugars, Kulali Cross, JKD Road, Mudhol, Bagalkot Taluk and  District.",16.3501565,75.2705102,,KSPCB 17 Category List
171,Sugar & Co-Gen,"Indian Cane Power Ltd., Uttur village, Mudhol Taluk, Bagalkote District",16.3332861,75.2858293,,KSPCB 17 Category List
172,Sugar & Co-Gen,"EID Parry( Iindia) Limited (Sadashiva Sugars), Nagaral village, Bagalkote Taluk &
District",16.3421765,75.1786148,,KSPCB 17 Category List
173,Sugar & Co-Gen,"Ugar Sugar Works (unit-2) Malli post, Jevargi Taluk, Glubarga District.",16.7738972,76.4837808,,KSPCB 17 Category List
174,Sugar & Co-Gen,"Pandavapura SSK Ltd., (Kothari Sugars and Chemicals), Pandavapura, Mandya Dist.",12.4928616,76.6642853,,KSPCB 17 Category List
175,Sugar & Co-Gen,"Shivshakthi Sugars Ltd, Mayoor Chitra Mandir Road, Ankali,Chikodi Taluk,
Belgaum Dist.",16.5409644,74.6722459,,KSPCB 17 Category List
176,Sugar & Co-Gen,"Manali Sugars Limited, Malgana village, Sindhagi Taluk, Bijapur District",16.9172558,76.2334278,,KSPCB 17 Category List
177,Sugar & Co-Gen,"Shiraguppi Sugar Works Limited,Kagwad village, Athani Taluk, Belgaum district",16.7107878,74.7225287,,KSPCB 17 Category List
178,Sugar & Co-Gen,"Dnyanyogi Sri Shivakumara Swamiji Sugars Ltd., Sri Siddeshwara nagar, Hirebevanur, Indi tq, Bijapur Dist.",16.8301708,75.710031,,KSPCB 17 Category List
179,Sugar & Co-Gen,"G.M. Sugars (Previously M/s. Karnataka SSK Ltd)., Haveri District",14.3775625,75.6116875,,KSPCB 17 Category List
180,Sugar & Co-Gen,"NSL Sugars (Lessee of M/s SSKN, Aland) Bhunsoor Post ? 585 302, Aland Taluk,
Gulbarga District.",17.5676275,76.5661622,,KSPCB 17 Category List
181,Sugar & Co-Gen,"Davangere Sugar Company Ltd., Kukkavada, Davangere Taluk and  District.",14.3301448,75.8818438,,KSPCB 17 Category List
182,Sugar & Co-Gen,"The Mahatma Gandhi SSK Niyamith, Bhalki Tq., Hulgi Village, Bidar Dist.",18.0503666,77.2183652,,KSPCB 17 Category List
183,Sugar & Co-Gen,"Naranja SSK, g n Nagar, Imampur village, BidarTaluk &  Disrict.",17.9738224,77.5160788,,KSPCB 17 Category List
184,Sugar & Co-Gen,"Sri Prabhulingeshwara Sugars & Chemicals Ltd., Bagalkote dist.",16.439681,75.2749247,,KSPCB 17 Category List
185,Sugar & Co-Gen,"Rytara Sahakari Sakkare Kharkhane, Ranna Nagar, Timmapur-587 122, Mudhol Tq,
Bagalkot-Dist.",16.3477804,75.2948448,,KSPCB 17 Category List
186,Sugar & Co-Gen,"NSL Sugars (Tungabhadra) Ltd.(Formely M/s. Siruguppa sugar & Chemicals Ltd.,)
Desanur ? 583 140, Siruguppa Tq, Bellary District.",15.6587606,76.8764517,,KSPCB 17 Category List
187,Sugar & Co-Gen,"The Krishna SSK Ltd.,Sankonatti village, Athani Taluk, Belgaum District.",16.6911938,75.0509774,,KSPCB 17 Category List
188,Sugar & Co-Gen,"Shree Someshwara SSK Limited, Siddasamudra village, Belawadi Post, Bailhongal
Taluk, Belgaum District",15.7038186,74.9181156,,KSPCB 17 Category List
189,Sugar & Co-Gen,"EID Parry(India)  Limited (GMR Dhanalaxmi) Khanpeth village, Ramdurg  Taluk
Belgaum  District",15.9500493,75.297485,,KSPCB 17 Category List
190,Sugar & Co-Gen,"Jamkhandi Sugars, unit-II, Nad, KD Post, Indi Taluk, Bijapur District",17.1196892,76.1055007,,KSPCB 17 Category List
191,Sugar & Co-Gen,"Sri Basaveswara Sugars Private Limited, Karjol village Vijayapur Taluk & District",16.8301708,75.710031,,KSPCB 17 Category List
192,Sugar & Co-Gen,"Om Sugars Ltd., Jainapur village, Chikkodi Tq , Belgaum Dist",16.3826136,74.5442861,,KSPCB 17 Category List
193,Sugar & Co-Gen,"Belagaum Sugars Pvt Ltd., Sy. No. 60/2, 65/1, 65/6, 69/1, 69/2, 69/3, 69/4, 69/5, 36,
Hudali village, Belagaumtaluk and  District.",15.9754546,74.6638309,,KSPCB 17 Category List
194,Sugar & Co-Gen,Mylar Sugar Limited Birabbi Hoovinahadagali taluk Ballary district,14.917401,75.794197,,KSPCB 17 Category List
195,Sugar & Co-Gen,"Bidar Kissan Shakkar Kharkhana Ltd.,   Modgal village, Bidar taluk & District",17.7107805,77.3972647,,KSPCB 17 Category List
196,Sugar & Co-Gen,Sathish Sugars Hunshyal P G village Gokak taluk Belgaum district,16.2430563,74.9038451,,KSPCB 17 Category List
197,Sugar & Co-Gen,"Shri Bhimashankar SSK Niyamit Dhulakhed and Maragur Indi taluk Vijayapura
district",17.3622858,75.8343557,,KSPCB 17 Category List
198,Sugar & Co-gen,Sovereign Industries Limited Terdal Jamkhandi taluk Bagalkot district,16.5043199,75.2917512,,KSPCB 17 Category List
199,Sugar & Co-gen,"MRN Cane Power (India) Limited., Kallapur Village, Kulageri , Hobli, Badami Taluk, Bagalkot District",15.918622,75.676082,,KSPCB 17 Category List
200,"Sugar, Co-gen and
distillery","Bhalkeshwara Sugars Ltd.,Bajola village, Balki Tq, Bidar Dist. (Distillery Division)",17.9103939,77.5199079,,KSPCB 17 Category List
201,"Sugar, Co-gen and
distillery","EID Parry India Limited, (GMR Industries) Hullahatti Haliyal taluk U K district",15.3306252,74.7658918,,KSPCB 17 Category List
202,"Sugar, Co-gen and distillery","Bannari Amman Sugars Ltd., Alaganchi Village, Nanjangud Taluk, Mysore District.",12.0937957,76.779096,,KSPCB 17 Category List
203,"Sugar, Co-gen and
distillery","Indian Sugar Manufacturing Co. Ltd., A/P Havinal , Indi Taluk, Bijapur District.",17.3487445,75.6789937,,KSPCB 17 Category List
204,"Sugar, Co-gen and
distillery","Shree Doodhganga Krishna SSK Distillery Division, Chikkodi Taluk, Belgaum
District.",16.5070966,74.6143019,,KSPCB 17 Category List
205,"Sugar, Co-gen and distillery","Shree Renuka Sugars Ltd., Manoli, Soundatti Taluk, Belgaum District",16.5493215,74.7073692,,KSPCB 17 Category List
206,"Sugar, Co-gen and
distillery","Gem Sugars Ltd., Kundargi village, Biligi taluk, Bagalkot Dist. 587 204.",16.2695548,75.53145,,KSPCB 17 Category List
207,"Sugar, Co-Gen and
distillery","Jamkhandi Sugars Ltd., Hirepadasalagi village, Nagnur Post, Jamkhandi Taluk,
Bagalkot Dist.",16.5043199,75.2917512,,KSPCB 17 Category List
208,"Sugar, Co-Gen and
distillery","KPR Sugar and Apparels Ltd., Chinamagera Village, Afzalpur Taluk, Kalaburagi
District.",17.2241615,76.5650433,,KSPCB 17 Category List
209,"Sugar, Co-gen and
distillery","The Nandi SSK Niyamit Krishnanagar (Chickagalagali), Post: Hosur ? 587 117,
Bijapur Tq. & Dist.",12.7409127,77.8252923,,KSPCB 17 Category List
210,"Sugar, Co-gen and
distillery","Venkateshwara Power Project Limited, Beddkihal, Chikkodi Taluk,  Belgaum District",16.5144823,74.4788235,,KSPCB 17 Category List
211,"Sugar, Co-gen and
distillery","KPR Sugar Mills Private Limited, Almel village, Sindhagi Taluk, Bijapur District",17.0908585,76.2174935,,KSPCB 17 Category List
212,"Sugar, Co-Gen and distillery","Shri Sai Priya Sugars Ltd., Mygur village & Hipparagi &  Albal village, Jamkhandi taluk, Bagalkot  District",16.5043199,75.2917512,,KSPCB 17 Category List
213,"Sugar, Co-gen and
distillery","Athani Farmers  Sugar Factory Limited,Vishnunagar village, Athani Taluk, Belgaum
District Belgaum.",16.7696,74.920147,,KSPCB 17 Category List
214,"Sugar, Co-gen and
distillery","Core Green Sugar & Fuels Private Limite, Tumkur Village, Shahapur Taluk, Yadgir
District.",16.6956754,76.8431564,,KSPCB 17 Category List
215,"Sugar, Co-gen and
distillery","Sri. Chamundeshwari Sugars-Distillery uni, Bhatathi nagar, Maddur Taluk, Mandya
District.",12.481939,77.0408518,,KSPCB 17 Category List
216,"Sugar, Co-gen and distillery","Sri. Hiranyakeshi SSK Niymait  (Distillery Unit), Sankeshwara ? 591 314, Belgaum District.",16.2504062,74.4783898,,KSPCB 17 Category List
217,"Sugar, Co-gen and distillery","Ugar Sugar Works,Ugarkhurd, Belgaum District.",16.6525536,74.8196944,,KSPCB 17 Category List
218,"Sugar, Co-gen and
distillery","Shree Renuka Sugars Ltd,  Sy.No.377, Burlatti village, Athani kukatnur Road, Athani
Taluk, Belgaum District.",16.7229891,75.0789854,,KSPCB 17 Category List
219,"Sugar, Co-gen and
distillery","NSL Sugars (Previously M/s.SCM Sugars), Koppa, Maddur Tq., Mandya Dist",12.6998779,76.9787563,,KSPCB 17 Category List
220,"Sugar, Co-gen and
distillery","Shamanur Sugars, Duggavathi Village, Harapanahalli taluk, Davangere District",14.7809865,75.9869609,,KSPCB 17 Category List
221,"Sugar, Co-gen and distillery","Vijayanagar sugars Ltd, Gangapur Siranahalli villages, Mundargi Taluk, Gadag District.",15.1191346,75.8301537,,KSPCB 17 Category List
222,Thermal Power,"Bellary Thermal Power Station, KPC Ltd. Kudithini village, Bellary Taluk and
District.",15.1925397,76.7108305,,KSPCB 17 Category List
223,Thermal Power,"JSW Energy Limited, (2x300 & 2x130 MW), P.B.No.9, Toranagallu, Sandur Taluk,
Bellary District.",15.0886043,76.542089,,KSPCB 17 Category List
224,Thermal Power,"Raichur Thermal Power Co. Ltd., Shaktinagar, Raichur District.",16.3603632,77.3400834,,KSPCB 17 Category List
225,Thermal Power,"Udupi Power Corporation Ltd. Yellur Village, Nandikuru Post, Udupi District - 574138.",13.1605784,74.8036993,,KSPCB 17 Category List
226,Thermal Power,Yermarus Thermal Power Station (RTPS ) Chikasugur Raichur taluk and district,16.2952352,77.3562677,,KSPCB 17 Category List
227,Thermal Power,"N T P C Limited Kudigi Super Thermal Power Project Kudigi Basavanabagewadi
taluk Vijayapura district",16.4968044,75.8426516,,KSPCB 17 Category List