Sl No,Name of STP,Implementing Agency,Operating Capacity,New/upgradation Capacity taken up ,Proposed Capacity (i.e construction has not started or approval is pending),Final capacity,Process,Status,Latitude,Longitude,Data Sources
1,Nagasandra Phase I,BWSSB,20,,,20,Extended Aeration,"Operational since 2005
& mechanical Upgradation taken up",13.0430,77.4929,"Data compiled from BWSSB Dashboard, BWSSB Dashboard 2, Media reports with lat,longs confirmed with Google Imagery "
2,Nagasandra Phase II,BWSSB,20,,,20,Sequential Batch Reactor,Operational since 2018,13.042,77.4920,"Data compiled from BWSSB Dashboard, BWSSB Dashboard 2, Media reports with lat,longs confirmed with Google Imagery "
3,Chikkabanavara I,BWSSB,5,,,5,Sequential Batch Reactor,Operational since 2018,13.0830,77.5130,"Data compiled from BWSSB Dashboard, BWSSB Dashboard 2, Media reports with lat,longs confirmed with Google Imagery "
4,TG halli,BWSSB,20,,,20,Extended Aeration,Operational since 2023,12.9850,77.3600,"Data compiled from BWSSB Dashboard, BWSSB Dashboard 2, Media reports with lat,longs confirmed with Google Imagery "
5,Hesarghatta ,BWSSB,3,,,3,Sequential Batch Reactor,Under Construction under BWSSB Funds,77.4776,77.4776,"Data compiled from BWSSB Dashboard, BWSSB Dashboard 2, Media reports with lat,longs confirmed with Google Imagery "
6,Chikkabanavara II,BWSSB,,4,,4,Extended Aeration with BNR,Under Construction under JICA CP 27,13.0865,77.5059,"Data compiled from BWSSB Dashboard, BWSSB Dashboard 2, Media reports with lat,longs confirmed with Google Imagery "
7,Nagasandra 9 MLD,BWSSB,,9,,9,Extended Aeration with BNR,Under Construction under JICA CP 27,13.0411,77.4903,"Data compiled from BWSSB Dashboard, BWSSB Dashboard 2, Media reports with lat,longs confirmed with Google Imagery "
8,Karihobanahalli,BWSSB,,10,,10,Extended Aeration with BNR,Under Construction under JICA CP 27,13.0165,77.4769,"Data compiled from BWSSB Dashboard, BWSSB Dashboard 2, Media reports with lat,longs confirmed with Google Imagery "
9,Hosahalli,BWSSB,,6,,6,Extended Aeration with BNR,Under Construction under JICA CP 27,12.9965,77.4706,"Data compiled from BWSSB Dashboard, BWSSB Dashboard 2, Media reports with lat,longs confirmed with Google Imagery "
10,Abbigere ,BWSSB,,5,,5,Sequential Batch Reactor,Under Construction under WBS-1,13.0791,77.5313,"Data compiled from BWSSB Dashboard, BWSSB Dashboard 2, Media reports with lat,longs confirmed with Google Imagery (Location to be confirmed)"
11,Mylasandra Ph-I,BWSSB,75,25,,100,Extended Aeration,Operational since 2005 & upgradation work under progress,12.9190,77.4940,"Data compiled from BWSSB Dashboard, BWSSB Dashboard 2, Media reports with lat,longs confirmed with Google Imagery "
12,Doddabele ,BWSSB,20,15,,35,Sequential Batch Reactor,Operational since 2018 & upgradation work under progress,12.897,77.4770,"Data compiled from BWSSB Dashboard, BWSSB Dashboard 2, Media reports with lat,longs confirmed with Google Imagery "
13,Kengeri,BWSSB,60,,20,80,Secondary-Activated Sludge Process,Operational since 2018 & upgradation work under progress,12.9150,77.4890,"Data compiled from BWSSB Dashboard, BWSSB Dashboard 2, Media reports with lat,longs confirmed with Google Imagery "
14,Doddabele ,BWSSB,40,,,40,Sequential Batch Reactor,Operational since 2019,12.8980,77.4780,"Data compiled from BWSSB Dashboard, BWSSB Dashboard 2, Media reports with lat,longs confirmed with Google Imagery "
15,V.Valley ,BWSSB,150,,,150,Activated Sludge Process (ASP),Operational since ,12.9190,77.4940,"Data compiled from BWSSB Dashboard, BWSSB Dashboard 2, Media reports with lat,longs confirmed with Google Imagery "
16,Herohally,BWSSB,,3,,3,SBR,Work under progress,12.9785,77.4688,"Data compiled from BWSSB Dashboard, BWSSB Dashboard 2, Media reports with lat,longs confirmed with Google Imagery "
17,Hemmigepura,BWSSB,,13,,13,SBR,Work under progress,12.8876,77.4839,"Data compiled from BWSSB Dashboard, BWSSB Dashboard 2, Media reports with lat,longs confirmed with Google Imagery "
18,Somapura,BWSSB,,8,,8,SBR,Work under progress,12.8747,77.4975,"Data compiled from BWSSB Dashboard, BWSSB Dashboard 2, Media reports with lat,longs confirmed with Google Imagery "
19,V Valley/Mysore Road,BWSSB,,150,,150,SBR with ASP,Work under progress,12.9347,77.5232,"Data compiled from BWSSB Dashboard, BWSSB Dashboard 2, Media reports with lat,longs confirmed with Google Imagery "
20,"Kempambudhi/
NR Colony",BWSSB,,10,,10,SBR,Work under progress,12.9524,77.5578,"Data compiled from BWSSB Dashboard, BWSSB Dashboard 2, Media reports with lat,longs confirmed with Google Imagery "
21,"Mallathahalli/
Mallathahalli kere",BWSSB,,10,,10,SBR,Work under progress,12.9680,77.4950,"Data compiled from BWSSB Dashboard, BWSSB Dashboard 2, Media reports with lat,longs confirmed with Google Imagery "
22,Kommaghatta,BWSSB,,10,,10,SBR,Work under progress,12.9093,77.4561,"Data compiled from BWSSB Dashboard, BWSSB Dashboard 2, Media reports with lat,longs confirmed with Google Imagery "
23,Doddabele,BWSSB,,,100,100,Conventional ASP,Work proposed to be taken up,12.8982,77.4759,"Data compiled from BWSSB Dashboard, BWSSB Dashboard 2, Media reports with lat,longs confirmed with Google Imagery "
24,Mailasandra,BWSSB,,,100,100,Conventional ASP,Work proposed to be taken up,12.9190,77.4940,"Data compiled from BWSSB Dashboard, BWSSB Dashboard 2, Media reports with lat,longs confirmed with Google Imagery "
25,Byramangala,BWSSB,,,100,100,Conventional ASP,Work proposed to be taken up,12.7620,77.4170,"Data compiled from BWSSB Dashboard, BWSSB Dashboard 2, Media reports with lat,longs confirmed with Google Imagery (Location to be confirmed)"
26,"Thimmegowdadoddi, Byramangala",KUWS&DB ,,6.2,,6.2,SBR,Under Construction,12.7610,77.4155,"Data compiled from BWSSB Dashboard, BWSSB Dashboard 2, Media reports with lat,longs confirmed with Google Imagery  & Polluted Stretches MPR February 2026"
27,Pillaganahalli,BWSSB,,4,,4,SBR,Under Construction,12.8345,77.5693,"Data compiled from BWSSB Dashboard, BWSSB Dashboard 2, Media reports with lat,longs confirmed with Google Imagery "
28,Talaghattapura ,BWSSB,,5,,5,SBR,Under Construction,12.8597,77.5262,"Data compiled from BWSSB Dashboard, BWSSB Dashboard 2, Media reports with lat,longs confirmed with Google Imagery "
29,Anjanapura,BWSSB,,5,,5,SBR,Under Construction,12.8488,77.5673,"Data compiled from BWSSB Dashboard, BWSSB Dashboard 2, Media reports with lat,longs confirmed with Google Imagery "
30,Anjanapura Further extension,BWSSB,,10,,10,SBR,Under Construction,12.8450,77.5456,"Data compiled from BWSSB Dashboard, BWSSB Dashboard 2, Media reports with lat,longs confirmed with Google Imagery "
31,UM kaval,BWSSB,,10,,10,SBR,Work proposed,12.8386,77.5440,"Data compiled from BWSSB Dashboard, BWSSB Dashboard 2, Media reports with lat,longs confirmed with Google Imagery (Location to be confirmed)"
32,Anjanapura ,BWSSB,,35,,35,SBR,Work proposed,,,"Data compiled from BWSSB Dashboard, BWSSB Dashboard 2, Media reports with lat,longs confirmed with Google Imagery "
33,Challaghatta STP 5 NPKL,BDA,,Not Known,,,,Under Construction,12.9078,77.4562,BDA NPKL  and Google Imagery
34,Challaghatta STP 5B NPKL,BDA,,Not Known,,,,Under Construction,12.89080832,77.4488,BDA NPKL  and Google Imagery
35,Challaghatta NPKL BLK6 STP-6,BDA,,Not Known,,,,Under Construction,12.9037,77.4431,BDA NPKL  and Google Imagery
36,NPKL BLK2 STP-2,BDA,,Not Known,,,,Under Construction,12.9526,77.4577,BDA NPKL  and Google Imagery
37,NPKL BLK1 Sector-H STP-1,BDA,,Not Known,,,,Under Construction,12.9697,77.4574,BDA NPKL  and Google Imagery
38,NPKL BLK3 STP-3 sector L,BDA,,Not Known,,,,Under Construction,12.9372,77.4551,BDA NPKL  and Google Imagery
39,NPKL BLK8 STP-8,BDA,,Not Known,,,,Under Construction,12.9375,77.4456,BDA NPKL  and Google Imagery
40,Chikka tumkur STP on Arkavathi River,KUWS&DB,,12,,12,WSP,Operational since ,13.2642,77.5390,
41,Doddaballapura STP,KUIDFC,,21,,21,SBR,Work Proposed,13.2642,77.5390,Deccan Herald Feb 2025
42,Kanakapura STP,KUWS&DB,,6.29,,6.29,WSP,Operational,12.5411,77.4183,Polluted Stretches MPR February 2026
43,Ramanagara STP,KUWS&DB,,7.56,,7.56,Aerated Lagoon,Operational,,,Polluted Stretches MPR February 2026
44,Magadi Puragrama STP,KUWS&DB,,3.7,,3.7,WSP,Operational but non-complying,12.9514,77.2265,Polluted Stretches MPR February 2026 (Location to be verified)
45,Heggadagere STP,KUWS&DB,,0.16,,0.16,MBBR,Under Construction,12.7617,77.3766,Polluted Stretches MPR February 2026 (Location to be verified)