spine_id,ktcda_key,ktcda_name,custodian,corporation,ward_name,osm_id,kspcb_join,kspcb_distance_m,kspcb_serial,kspcb_name,kspcb_class,kspcb_month,kspcb_do_mgl,kspcb_bod_mgl,kspcb_turbidity_ntu,kspcb_tss_mgl,kspcb_fecal_coliform_mpn,programme_state,programme_source_class,programme_match_names,cascade_position,degree_in,drains_to,upstream_lakes
gba-bbmp-001,BBMP#1,Ambalipura Kelagina kere,BBMP,South,Kasavanahalli,232981265,inside_footprint,0,113,"Lower Amblipura Lake, Pwd Quarters,1St Sector, Hsr Layout Bengaluru",E,2026-06,1.2,25,16.8,20,700,BBMP budget 2025-26 (24 lakes; Rs 50 cr),press,Lower Ambalipura,2,1,Iblur Lake,27993889:
gba-bbmp-002,BBMP#2,Gunjur Palya kere,BBMP,East,Gunjur,1088209009,none,,,,,,,,,,,BBMP budget 2025-26 (24 lakes; Rs 50 cr),press,Gunjur Palya,3,1,Varthur Lake,1421748891:
gba-bbmp-003,BBMP#3,Gunjuru Karmelaram lake,BBMP,East,Gunjur,27993527,none,,,,,,,,,,,works approaching completion by Nov 2025 (7 lakes; 240 acres),compilation,Carmalaram,1,0,Gunjuru Palya Lake,
gba-bbmp-004,BBMP#4,Panathur lake,BBMP,East,Panathur,17062035,inside_footprint,0,126,Panathur Lake,E,2026-06,3.4,10,5.8,BDL,79,BBMP budget 2025-26 (24 lakes; Rs 50 cr),press,Panathur,4,2,Varthur Lake,27993463:; 790389588:
gba-bbmp-005,BBMP#5,Varanasi Lake,BBMP,East,Byrathi,44546801,inside_footprint,0,124,Varanasi Lake,E,2026-06,3.5,12,23.6,32,940,,,,1,0,Ramapura Kere,
gba-bbmp-006,BBMP#6,Amblipura melina kere,BBMP,South,Kasavanahalli,27993889,override_none,,,,,,,,,,,BBMP budget 2025-26 (24 lakes; Rs 50 cr),press,Upper Ambalipura,1,0,Ambalipura Lower Lake,
gba-bbmp-007,BBMP#7,Kaigondanahalli Lake,BBMP,South,Kasavanahalli,6820030,inside_footprint,0,22,Kaikondanahalli Lake,D,2026-06,5.4,6,35.8,42,3400,,,,5,4,Saul Kere,62381586:; 111563782:; 781696180:; 1069600852:
gba-bbmp-008,BBMP#8,Kasavanahalli lake,BBMP,South,Kasavanahalli,62381586,inside_footprint,0,79,Kasavanahalli Lake,D,2026-06,5.6,5,8.8,12,3200,,,,4,6,Kaikondrahalli Lake,18077303:; 19427514:; 111563782:; 133729401:; 350153647:; 781696180:
gba-bbmp-009,BBMP#9,Haraluru kere,BBMP,South,Kasavanahalli,111563782,inside_footprint,0,31,Haralur Lake,D,2026-06,5.5,5,8.5,12,580,,,,3,4,Kasavanahalli Lake,18077303:; 19427514:; 133729401:; 350153647:
gba-bbmp-010,BBMP#10,Sowl kere,BBMP,East,Shivanasamudra Ward,350098022,nearest_name_conflict,10,,,,,,,,,,,,,6,4,,6820030:; 17083906:; 62381586:; 1069600852:
gba-bbmp-011,BBMP#11,Devarabeesanahalli Lake,BBMP,East,Shivanasamudra Ward,17083842,inside_footprint,0,71,Devarabeesanahalli Lake,E,2026-06,1.7,30,109,124,3100,,,,1,0,,
gba-bbmp-012,BBMP#12,Doddakanahalli kere,BBMP,East,Gunjur,17083906,inside_footprint,0,78,Doddakannehalli Lake,D,2026-06,5.6,5,35.2,40,840,,,,2,1,Saul Kere,477154739:
gba-bbmp-013,BBMP#13,Munnekolalu kere,BBMP,East,Priyadarshini Ward,18077306,inside_footprint,0,96,"Munekolalu Lake ,Marathahalli, East Taluka ,Bengaluru",E,2026-06,1.2,40,9.1,14,79,BBMP budget 2025-26 (24 lakes; Rs 50 cr),press,Munnekolala,2,1,Varthur Lake,6183523:
gba-bbmp-014,BBMP#14,Chinnappanahalli,BBMP,East,Priyadarshini Ward,6183523,inside_footprint,0,70,Chinnappanahalli Lake,E,2026-06,3,13,7.3,BDL,140,,,,1,0,Munekolala Lake,
gba-bbmp-015,BBMP#15,Shilavanthana kere,BBMP,East,Whitefield,45860708,override,0,77,Sheelavanta-Whitefield Lake,E,2026-06,2.5,12,18.2,24,310,,,,3,3,Kelavarapalli reservoir,120904870:; 130111880:; 866148184:
gba-bbmp-016,BBMP#16,Kundalahalli Lake,BBMP,East,Kundalahalli,120904870,inside_footprint,0,66,Kundalahalli Lake,D,2026-06,5.9,5,5.2,BDL,340,,,,1,0,Thubarahalli Lake,
gba-bbmp-017,BBMP#17,Siddapura Lake,BBMP,,,,no_footprint,,,,,,,,,,,BBMP budget 2025-26 (24 lakes; Rs 50 cr) Rs 1.75 cr,press,Siddapura,,,,
gba-bbmp-018,BBMP#18,Garudachar Palya Lake,BBMP,East,Garudachar Palya,95639129,inside_footprint,0,68,Garudacharpalya Tank,E,2026-06,1.8,42,7.8,BDL,430,,,,1,0,Mahadevapura Lake,
gba-bbmp-019,BBMP#19,Garudachar Palya (Goshala) Lake,BBMP,East,Garudachar Palya,17426666,inside_footprint,0,127,Garudacharpalya Lake-2,D,2026-06,5.4,6,15.6,20,260,,,,1,0,Doddanekundi Lake,
gba-bbmp-020,BBMP#20,Doddanekundi lake,BBMP,East,Dodda Nekkundi,35324030,nearest_name_agrees,1,15,Doddanekkundi Lake,D,2026-06,4.1,6,12.8,16,17,BBMP budget 2025-26 (24 lakes; Rs 50 cr),press,Doddanekundi,3,5,,8250847:; 17223075:; 17426666:; 17426667:; 95639129:
gba-bbmp-021,BBMP#21,Sadaramangala Lake,BBMP,East,Belathur,1455401194,nearest_name_agrees,353,64,Sadaramangala Lake,E,2026-06,2.6,27,8.3,BDL,580,,,,,,,
gba-bbmp-022,BBMP#22,Bhoganahalli Lake,BBMP,East,Panathur,790389588,inside_footprint,0,114,"Bhoganhalli Lake, Bhoganhalli,, Bengaluru",E,2026-06,2,19,8.6,BDL,790,,,,1,0,Panathuru Kere,
gba-bbmp-023,BBMP#23,Hoodi Giddanakere Lake,BBMP,East,Hoodi,135051892,none,,,,,,,,,,,works approaching completion by Nov 2025 (7 lakes; 240 acres),compilation,Hoodi Giddanakere,1,0,Kodigehalli Lake,
gba-bbmp-024,BBMP#24,Panathur lake,BBMP,East,Gunjur,18077305,nearest_name_agrees,178,126,Panathur Lake,E,2026-06,3.4,10,5.8,BDL,79,,,,,,,
gba-bbmp-025,BBMP#25,Hoodi kere,BBMP,East,Kaveri Nagara,33300618,inside_footprint,0,95,"Hoodi (Rajapalya Lake) Itpl Main Road, Near Hoodi,Bengaluru",D,2026-06,5.3,7,12.3,16,3200,,,,2,2,Kodigehalli Lake,18077307:; 18077308:
gba-bbmp-026,BBMP#26,Nalluralli tank,BBMP,East,S.M Krishna Ward,130111880,inside_footprint,0,73,Nallurahalli Lake,D,2026-06,5.6,6,7.5,BDL,700,,,,2,2,Sheelavathana Kere,18077307:; 120904870:
gba-bbmp-027,BBMP#27,SitaramPalya lake,BBMP,East,Bharath Aikya Ward,18077307,inside_footprint,0,75,Seetharampalya Lake,E,2026-06,1.2,56,6.4,BDL,3100,,,,1,0,Hoodi Lake,
gba-bbmp-028,BBMP#28,Chikkabellandur Lake,BBMP,East,Gunjur,27993463,none,,,,,,,,,,,NDMF grant 2025 (7 lakes; Rs 65 cr),compilation,Chikkabellandur,3,3,Gunjuru Palya Lake,27993527:; 1062555441:; 1421748891:
gba-bbmp-029,BBMP#29,Pattandur agrahara -54 Lake,BBMP,East,S.M Krishna Ward,122129754,inside_footprint,0,74,Pattandur Agrahara Lake,D,2026-06,5.1,7,2.8,BDL,470,,,,1,0,Nallurahalli Lake,
gba-bbmp-030,BBMP#30,Pattandur agrahara lake-124,BBMP,East,S.M Krishna Ward,866148184,none,,,,,,,,,,,,,,1,0,Sheelavathana Kere,
gba-bbmp-031,BBMP#31,Rampura kere,BBMP,,,19353942,nearest_name_agrees,18,69,Rampura Lake,E,2026-06,2.8,15,33,70,21,,,,5,2,Yellamallappa Chetty Lake,17390865:; 44546801:
gba-bbmp-032,BBMP#32,Gunjur mouji kere,BBMP,East,Gunjur,148216683,none,,,,,,,,,,,works approaching completion by Nov 2025 (7 lakes; 240 acres),compilation,Gunjur Mouji,4,4,Varthur Lake,926197122:; 1092680606:; 1092680608:; 1421748891:
gba-bbmp-033,BBMP#33,Junnasandra lake,BBMP,,,,no_footprint,,,,,,,,,,,,,,,,,
gba-bbmp-034,BBMP#34,Chikkabasavanapura Lake,BBMP,East,Krishnanagar,137539703,inside_footprint_name_conflict,0,101,"Basavanapura Lake Ayyappa Nagr Main Road , K. R. Puram , Bengaluru",E,2026-06,3.2,11,19.8,24,390,,,,1,0,Seegehalli Lake,
gba-bbmp-035,BBMP#35,Mahadevapura Lake-1,BBMP,East,Mahadevapura,17426667,inside_footprint,0,97,"Mahadevpuraâ Lake, K. R. Puram , Bangalore East Taluka",E,2026-06,1.4,30,20.1,24,460,,,,2,3,Doddanekundi Lake,17426666:; 95639129:; 135398428:
gba-bbmp-036,BBMP#36,Sigehalli Lake,BBMP,East,Basavanapura,9432609,inside_footprint_name_conflict,0,98,"Segehalli Lake Baavanapura Road Battarahalli , Bangalore East",E,2026-06,1.1,19,16.2,20,3100,BBMP budget 2025-26 (24 lakes; Rs 50 cr),press,Seegehalli,4,4,Yellamallappa Chetty Lake,1853330:; 9431132:; 44999246:; 135051892:
gba-bbmp-037,BBMP#37,Devsandra kere,BBMP,East,Devasandra,44999246,nearest_name_agrees,0,76,Devasandra Lake,E,2026-06,2.2,12,22.7,28,330,,,,1,0,Seegehalli Lake,
gba-bbmp-038,BBMP#38,Challakere Lake,BBMP,East,Chellakere,2310400,inside_footprint,0,57,Chelekere Lake,E,2026-06,2.6,7,12,26,4600,,,,2,1,,172954317:
gba-bbmp-039,BBMP#39,Kalkere Lake,BBMP,East,Horamavu,17390865,inside_footprint,0,18,Kalkere Tank,E,2026-06,0.8,90,12.8,16,140,BBMP budget 2025-26 (24 lakes; Rs 50 cr) Rs 10 cr; NDMF grant 2025 (7 lakes; Rs 65 cr),compilation; press,Kalkere,4,3,Ramapura Kere,17390866:; 44707273:; 675387107:
gba-bbmp-040,BBMP#40,Vibhuthipura kere,BBMP,East,Vignananagara,8250847,inside_footprint,0,72,Vibhuthipura Lake,E,2026-06,2.8,21,57,68,840,,,,1,0,,
gba-bbmp-041,BBMP#41,K R Puram (BEML)/ Benniganahalli Lake,BBMP,East,K.S. Nissar Ahmed Ward,3127245,inside_footprint,0,48,Benniganahalli Lake,E,2026-06,1.9,13,8.1,BDL,430,,,,1,0,Kaggadasapura Lake,
gba-bbmp-042,BBMP#42,Hormavu Agara Lake,BBMP,East,Horamavu,17390866,none,,,,,,,,,,,,,,2,1,,44707273:
gba-bbmp-043,BBMP#43,Nagareshwara-Nagenahalli Lake,BBMP,East,K Narayanapura,779078393,none,,,,,,,,,,,,,,1,0,,
gba-bbmp-044,BBMP#44,Gangashetty Lake,BBMP,,,,no_footprint,,,,,,,,,,,,,,,,,
gba-bbmp-045,BBMP#45,Horamavu Lake,BBMP,East,Hoysala Nagara East,44707273,none,,,,,,,,,,,,,,1,0,Horamavu Agara Lake,
gba-bbmp-046,BBMP#46,Vengaiahna kere /K.R.Puram Tank,BBMP,East,K.R Pura,1853330,inside_footprint,0,14,Vengaiyyanakere( Kr Puram Lake ),E,2026-06,1.8,16,26.2,32,4900,works approaching completion by Nov 2025 (7 lakes; 240 acres),compilation,Vengaiahnakere,3,4,Seegehalli Lake,9431132:; 44546800:; 137539703:; 675250068:
gba-bbmp-047,BBMP#47,Mahadevapura Lake-2,BBMP,East,Mahadevapura,143369798,nearest_name_conflict,312,,,,,,,,,,,,,,,,
gba-bbmp-048,BBMP#48,B. Narayanapura Lake,BBMP,East,A Narayanapura,135398428,inside_footprint,0,129,B- Narayannapura Lake-2,D,2026-06,5,7,4.6,BDL,630,,,,1,0,Mahadevapura Lake,
gba-bbmp-049,BBMP#49,Bhattarahalli Lake,BBMP,East,Bhattarahalli,137539770,inside_footprint,0,65,Bhattarahalli Lake,E,2026-06,1.6,17,9.2,12,470,,,,1,0,Yellamallappa Chetty Lake,
gba-bbmp-050,BBMP#50,Kowdenahalli lake,BBMP,East,Ramamurthy Nagara,44546800,inside_footprint,0,67,Kowdhenahalli Tank,E,2026-06,1.7,18,24.8,28,790,,,,2,1,Vengayyana Lake,675250068:
gba-bbmp-051,BBMP#51,Vijanapura Lake,BBMP,East,Kotthur,675250068,inside_footprint,0,121,Vijanapura Lake,E,2026-06,2.3,11,38.6,44,3300,,,,1,0,Kowdenahalli Lake,
gba-bbmp-052,BBMP#52,Ulsoor / Bangalore North,BBMP,Central,K Kamaraj Ward,1857615,none,,,,,,,,,,,NDMF grant 2025 (7 lakes; Rs 65 cr),compilation,Halsur,2,1,,324206936:
gba-bbmp-053,BBMP#53,Kelagina Byrasandra,BBMP,Central,New Thippasandra,17223075,none,,,,,,,,,,,,,,1,0,Kaggadasapura Lake,
gba-bbmp-054,BBMP#54,Melina Byrasandra (DRDO),BBMP,Central,New Thippasandra,172938152,none,,,,,,,,,,,,,,1,0,Byrasandra Lake,
gba-bbmp-055,BBMP#55,Kaggadasapura,BBMP,Central,Kaggadasapura,18772594,none,,,,,,,,,,,,,,3,3,Doddanekundi Lake,3127245:; 17223075:; 232880644:
gba-bbmp-056,BBMP#56,Kacharakanahalli,BBMP,North,Lingarajpura,172954317,none,,,,,,,,,,,BBMP budget 2025-26 (24 lakes; Rs 50 cr) Rs 3.5 cr; works approaching completion by Nov 2025 (7 lakes; 240 acres),compilation; press,Kacharakanahalli,1,0,,
gba-bbmp-057,BBMP#57,Channasandra,BBMP,Central,Kasturi Nagar,1395880731,none,,,,,,,,,,,,,,1,0,B. Channasandra lake,
gba-bbmp-058,BBMP#58,B. Channasandra,BBMP,East,Dooravaninagar,232880644,nearest_name_conflict,267,,,,,,,,,,,,,2,1,Benniganahalli Lake,1395880731:
gba-bbmp-059,BBMP#59,Ibblur Lake,BBMP,South,Iblur,3120373,inside_footprint,0,20,Ibbalur Lake,D,2026-06,5,5,14.3,18,460,,,,5,3,Bellandur Lake,27993889:; 62381586:; 232981265:
gba-bbmp-060,BBMP#60,Venkojirao Kere / Agara Kere,BBMP,South,HSR Layout,8469370,inside_footprint,0,23,Agaram Lake,D,2026-06,5.2,4,16.5,22,330,,,,2,2,Bellandur Lake,239873610:; 287327440:
gba-bbmp-061,BBMP#61,Sarakki Lake,BBMP,South,Jaraganahalli,9269383,inside_footprint,0,54,Sarakki Lake,D,2026-06,4.2,6,22.1,30,430,,,,1,0,Madiwala Lake,
gba-bbmp-062,BBMP#62,Puttenahalli Lake (Next to Brigade Millenium),BBMP,South,Puttenahalli,3507925,inside_footprint,0,25,Puttenahalli Lake,D,2026-06,4.7,9,24.6,30,480,,,,1,0,Madiwala Lake,
gba-bbmp-063,BBMP#63,Mangammana Palya Kere,BBMP,South,Mangammana Palya,18077304,inside_footprint,0,93,Mangamanapalya Lake (Swarana Kunte),D,2026-06,4.7,9,16.6,20,470,BBMP budget 2025-26 (24 lakes; Rs 50 cr),press,Mangammanapalya,1,0,Agara Lake,
gba-bbmp-064,BBMP#64,Haralakunte Lake (Somasandra Palya Kere),BBMP,,,1164244330,none,,,,,,,,,,,,,,1,0,Mylappanahalli Kere 1,
gba-bbmp-065,BBMP#65,Garveybhavipalya Lake,BBMP,South,Bandepalya,239873610,nearest_name_conflict,572,,,,,,,,,,,,,1,0,Agara Lake,
gba-bbmp-066,BBMP#66,Hulimavu Lake,BBMP,South,Vijaya Bank Layout,23000626,inside_footprint,0,27,Hulimavu Lake,E,2026-06,5.8,6,39.2,44,340,works approaching completion by Nov 2025 (7 lakes; 240 acres),compilation,Hulimavu,4,6,Madiwala Lake,24430851:; 227097881:; 350349745:; 994901676:; 1082360487:; 1199400889:
gba-bbmp-067,BBMP#67,Arakere Lake,BBMP,South,Arakere,19509700,none,,,,,,,,,,,NDMF grant 2025 (7 lakes; Rs 65 cr),compilation,Arekere,1,0,Madiwala Lake,
gba-bbmp-068,BBMP#68,Uttarahalli Lake / Bangalore South,BBMP,South,Subramanyapura,172651048,inside_footprint,0,45,Uttarahalli Doraikere,E,2026-06,0.4,90,42.4,54,26000,,,,1,0,Vrishabhavati,
gba-bbmp-069,BBMP#69,Subramanyapura Lake,BBMP,South,Subramanyapura,16551234,inside_footprint,0,39,Subramanyapura Tank,D,2026-06,4.2,8,7.6,BDL,630,,,,4,1,Vrishabhavati,1118946163:
gba-bbmp-070,BBMP#70,Gubbalalu Lake,BBMP,South,Subramanyapura,1118946163,nearest_name_agrees,3,84,Gubbalal Lake,E,2026-06,1,56,16.2,20,400,,,,3,1,Vrishabhavati,118910872:
gba-bbmp-071,BBMP#71,Dorekere,BBMP,South,Uttarahalli,37351655,inside_footprint,0,46,Dhorekere Tank,D,2026-06,5.7,5,11.4,14,580,BBMP budget 2025-26 (24 lakes; Rs 50 cr),press,Dorekere,3,3,Vrishabhavati,17431112:; 41189469:; 118910873:
gba-bbmp-072,BBMP#72,Annappanakere / Yelchenahalli Lake,BBMP,South,Yelachenahalli,17431112,inside_footprint,0,43,Yelachenahalli Lake,D,2026-06,5.3,5,23.1,32,270,,,,2,3,Dore Kere,3507925:; 33541358:; 403081764:
gba-bbmp-073,BBMP#73,Nyanappanahalli Lake / Akshayanagara Lake,BBMP,South,Vijaya Bank Layout,126890297,inside_footprint,0,117,"Akshyanagara Lake, Akshyanagara West, Bengaluru",D,2026-06,4.9,5,15.3,18,340,,,,2,1,Madiwala Lake,259175023:
gba-bbmp-074,BBMP#74,Kalena Agrahara Lake,BBMP,South,Yelenahalli,19509702,nearest_name_agrees,1,26,Kalena Agrahara Lake,D,2026-06,4.9,8,24.2,28,580,,,,2,1,Hulimavu Lake,1082360487:
gba-bbmp-075,BBMP#75,Begur Lake,BBMP,South,Beguru,19509697,inside_footprint,0,29,Begur Tank,D,2026-06,5.4,6,10.2,12,630,,,,4,7,Agara Lake,111871728:; 111871772:; 126890297:; 350094187:; 994901676:; 1178402480:; 1178402482:
gba-bbmp-076,BBMP#76,Basapura Lake-1,BBMP,South,Chikkathoguru,111871772,nearest_name_agrees,472,112,"Basspura Lake, Aishwarya Crystal Layout, Begur, Bengaluru",D,2026-06,6.1,4,20.6,24,700,,,,1,0,Basapura Lake,
gba-bbmp-077,BBMP#77,Basapura Lake-2 / Bangalore South,BBMP,South,Chikkathoguru,111871728,inside_footprint,0,112,"Basspura Lake, Aishwarya Crystal Layout, Begur, Bengaluru",D,2026-06,6.1,4,20.6,24,700,,,,2,1,Begur Lake,111871772:
gba-bbmp-078,BBMP#78,Basavanapura Lake,BBMP,South,Doddakammanahalli,1199400807,inside_footprint,0,90,Basavanapura Lake,D,2026-06,5.4,4,36.8,44,480,,,,1,0,Gottigere Tank,
gba-bbmp-079,BBMP#79,Chikka Begur Lake,BBMP,South,Vishwapriya Nagara,119132971,none,,,,,,,,,,,BBMP lakes department allocation 2025-26 (Rs 75 cr) Rs 10 cr,compilation,Chikkabegur,3,4,Agara Lake,111871728:; 111871740:; 111871772:; 133729402:
gba-bbmp-080,BBMP#80,Kammanahalli Lake (Meenakshi Lake),BBMP,South,Doddakammanahalli,227097881,inside_footprint,0,111,"Doddakammanahalli Lake, Doddakammanahalli Phase2, Tejaswini Nagar",D,2026-06,5.5,6,18.6,20,580,,,,3,4,Hulimavu Lake,19509702:; 24430851:; 350349745:; 1199400807:
gba-bbmp-081,BBMP#81,Yelenahalli Lake,BBMP,South,Yelenahalli,259175023,inside_footprint,0,118,"Yallenahalli Lake, Begur-Koppa Rd, Akshayanagara, Bengaluru",D,2026-06,6,4,6.2,BDL,490,,,,1,0,Akshaynagar Lake,
gba-bbmp-082,BBMP#82,Beretena Agrahara (Chowdeshwari Lake),BBMP,South,Chikkathoguru,560719107,none,,,,,,,,,,,,,,1,0,Rayasandra Lake,
gba-bbmp-083,BBMP#83,Subedarana Kere,BBMP,South,Yelenahalli,994901676,none,,,,,,,,,,,,,,1,0,Mylasandra Dodda Agrahara kere,
gba-bbmp-084,BBMP#84,Chikkammanahalli Lake,BBMP,South,Doddakammanahalli,350349745,none,,,,,,,,,,,,,,2,1,Doddkammanahalli Lake,1199400807:
gba-bbmp-085,BBMP#85,Swarnakunte Gudda Kere,BBMP,South,Yelenahalli,1199400889,none,,,,,,,,,,,,,,1,0,Hulimavu Lake,
gba-bbmp-086,BBMP#86,Gottigere,BBMP,South,Doddakammanahalli,24430851,inside_footprint,0,24,Gottigere Lake,D,2026-06,4.9,9,27.4,34,580,BBMP budget 2025-26 (24 lakes; Rs 50 cr),press,Gottigere,2,1,Hulimavu Lake,1199400807:
gba-bbmp-087,BBMP#87,Kothanuru Lake,BBMP,South,Harinagar,118415616,inside_footprint,0,92,Kothanuru Lake,D,2026-06,4.9,9,27.7,32,460,,,,1,0,Chunchagatta Lake,
gba-bbmp-088,BBMP#88,Subbarayana Lake,BBMP,South,Kothanur,1082360487,nearest_name_conflict,525,,,,,,,,,,,,,1,0,Hulimavu Lake,
gba-bbmp-089,BBMP#89,Puttenahalli / Byraweshwara,BBMP,,,,no_footprint,,,,,,,,,,,,,,,,,
gba-bbmp-090,BBMP#90,Anjanapura Lake / nagara Chunchaghatta Kere Alahalli,BBMP,South,Kothanur,118415657,inside_footprint,0,108,"Anjanapura Lake ( Avala Halli Lake) Anjanapura,Bengaluru",D,2026-06,5.3,6,27.5,32,630,,,,1,0,Chudahalli Lake,
gba-bbmp-091,BBMP#91,Kembathahalli Lake,BBMP,South,Anjanapura,1189440572,inside_footprint,0,110,"Kembhatahali Lake-66, Kothannur, 1St Phase , Bengaluru",D,2026-06,5,7,5.8,BDL,470,,,,1,0,Avalahalli Lake,
gba-bbmp-092,BBMP#92,Vasanthapura Kere / Janardhana Kere,BBMP,South,Vasanthapura,118910873,none,,,,,,,,,,,,,,2,1,ISRO Layout Lake,9269383:
gba-bbmp-093,BBMP#93,Devarakere,BBMP,South,Uttarahalli,37351648,inside_footprint,0,40,Devarakere Tank,E,2026-06,2.6,29,6.5,BDL,4900,,,,3,3,Dore Kere,17431112:; 33541358:; 118910873:
gba-bbmp-094,BBMP#94,Doddakallasandra Lake,BBMP,South,Anjanapura,118910872,inside_footprint,0,102,"Doddakallasandra Lake,Bengaluru",D,2026-06,4.8,8,27.5,32,110,,,,2,3,Chudahalli Lake,9269383:; 33541358:; 118415616:
gba-bbmp-095,BBMP#95,Konanakunte Lake,BBMP,South,Konanakunte,403081764,none,,,,,,,,,,,,,,1,0,Sarakki Kere,
gba-bbmp-096,BBMP#96,Kalyanikunte (Near Saibaba Temple),BBMP,South,Vasanthapura,117076682,nearest_name_conflict,329,,,,,,,,,,,,,,,,
gba-bbmp-097,BBMP#97,Kodige Singasandra Lake,BBMP,South,Singasandra,111871740,inside_footprint,0,91,Kodi Singasandra Lake,D,2026-06,6.1,4,6.8,BDL,460,,,,2,1,Chikka Beguru Lake,111871772:
gba-bbmp-098,BBMP#98,Parappana Agrahara / Bangalore,BBMP,South,Naganathapura,350153647,inside_footprint,0,30,Parappana Agrahara Lake,D,2026-06,5.2,6,34.9,40,5800,,,,1,0,Hosakere,
gba-bbmp-099,BBMP#99,Singasandra Lake South Bangalore South,BBMP,South,Bandepalya,133729402,inside_footprint,0,28,Singasandra Lake,D,2026-06,5.3,6,34.8,42,400,,,,1,0,Chikka Beguru Lake,
gba-bbmp-100,BBMP#100,Konappana Agrahara Lake,BBMP,South,Naganathapura,781696169,inside_footprint,0,115,"Parappana Agrahara Chikka Kere, Near Central Jail, Sai Sree Layout Parappana Agrahara,",D,2026-06,5.3,6,34.5,40,2700,,,,1,0,Hosakere,
gba-bbmp-101,BBMP#101,Kudlu Anekal & Doddakere / Anekal Taluk,BBMP,South,Kudlu,133729401,inside_footprint,0,105,"Kudlu Doddakere, Kudlu Vill,Bengaluru",D,2026-06,5.4,6,36.2,42,3100,,,,2,2,Haralur Lake,350153647:; 781696169:
gba-bbmp-102,BBMP#102,Kudlu Chikka Kere / and Bengaluru South Taluk Anekal Taluk,BBMP,South,Kudlu,18077303,inside_footprint,0,106,"Kudlu Chikkakere, Bgp Layout Kudlu Vill ,Bengaluru",D,2026-06,5.3,6,39,46,630,,,,1,0,Haralur Lake,
gba-bbmp-103,BBMP#103,Handrahalli kere Bangalore North,BBMP,West,Andrahalli,145513549,inside_footprint,0,52,Andhrahalli Lake,E,2026-06,3.2,20,14.6,18,4900,,,,1,0,Kachohalli Kere,
gba-bbmp-104,BBMP#104,Lingadeeranahalli (handrahalli) North Lake Bangalore North,BBMP,,,,no_footprint,,,,,,,,,,,,,,,,,
gba-bbmp-105,BBMP#105,Herohalli Lake Bangalore North,BBMP,West,Herohalli,6586695,nearest_name_agrees,2,9,Herohalli Tank,D,2026-06,5.2,7,7.2,BDL,790,,,,1,0,Kachohalli Kere,
gba-bbmp-106,BBMP#106,Vishwaneedam Lake Bangalore North,BBMP,West,Byadarahalli,146211757,none,,,,,,,,,,,,,,,,,
gba-bbmp-107,BBMP#107,Mallathahalli lake,BBMP,West,Ullal,37898906,inside_footprint,0,41,Malathahalli Lake,D,2026-06,4.2,6,10.1,12,460,,,,1,0,Hosakere,
gba-bbmp-108,BBMP#108,Ullala lake,BBMP,West,Ullal,146447604,inside_footprint,0,82,Ullalu Lake,E,2026-06,1.3,16,14.8,18,470,BBMP budget 2025-26 (24 lakes; Rs 50 cr),press,Ullal,1,0,Hosakere,
gba-bbmp-109,BBMP#109,Dubasipalya lake (Valagerehalli),BBMP,West,Shivanapalya,45741827,none,,,,,,,,,,,BBMP budget 2025-26 (24 lakes; Rs 50 cr),press,Dubasipalya,1,0,Vrishabhavati,
gba-bbmp-110,BBMP#110,Chikkabasthi lake,BBMP,,,,no_footprint,,,,,,,,,,,,,,,,,
gba-bbmp-111,BBMP#111,Mangammanahalli lake,BBMP,,,146752354,none,,,,,,,,,,,,,,1,0,Ramasandra Lake,
gba-bbmp-112,BBMP#112,Kengeri Lake,BBMP,West,Kengeri,395505152,inside_footprint,0,44,Kengeri Tank,E,2026-06,1.2,16,5.1,BDL,340,BBMP budget 2025-26 (24 lakes; Rs 50 cr),press,Kengeri,3,1,Vrishabhavati,45741726:
gba-bbmp-113,BBMP#113,Gandhinagar Hosakerehalli,BBMP,,,,no_footprint,,,,,,,,,,,,,,,,,
gba-bbmp-114,BBMP#114,H Gollahalli kere/ Bangalore South,BBMP,,,1416896493,none,,,,,,,,,,,,,,1,0,Hadyalu Kere,
gba-bbmp-115,BBMP#115,Jogi kere / Bangalore South,BBMP,South,Talagattapura,1118946148,none,,,,,,,,,,,,,,,,,
gba-bbmp-116,BBMP#116,Lingadeeranahalli,BBMP,South,Talagattapura,1344973950,none,,,,,,,,,,,,,,1,0,Agara Lake,
gba-bbmp-117,BBMP#117,Varahasandra Lake,BBMP,,,,no_footprint,,,,,,,,,,,,,,,,,
gba-bbmp-118,BBMP#118,Konasandra Lake,BBMP,West,Kengeri Kote ward,172671192,none,,,,,,,,,,,,,,2,1,,1281359323:
gba-bbmp-119,BBMP#119,Sompura Lake,BBMP,South,Talagattapura,231286369,inside_footprint,0,83,Ullalu Lake Sompura Lake,D,2026-06,5.1,5,23.5,32,700,NDMF grant 2025 (7 lakes; Rs 65 cr),compilation,Sompura,1,0,Somapura Kere,
gba-bbmp-120,BBMP#120,Gattigerepalya (Sompura) lake,BBMP,,,,no_footprint,,,,,,,,,,,,,,,,,
gba-bbmp-121,BBMP#121,Talghatapura Lake,BBMP,South,Talagattapura,19470041,none,,,,,,,,,,,,,,1,0,Kuppareddi Kere,
gba-bbmp-122,BBMP#122,Chikkagowdanapalya lake,BBMP,,,,no_footprint,,,,,,,,,,,,,,,,,
gba-bbmp-123,BBMP#123,Mylasandra (Sunnakallu palya) lake,BBMP,West,Kengal Hanumanthaiah West,1353425191,none,,,,,,,,,,,,,,,,,
gba-bbmp-124,BBMP#124,Busegowdana lake,BBMP,,,,no_footprint,,,,,,,,,,,,,,,,,
gba-bbmp-125,BBMP#125,Bayyapanapalya Kunte/ Bangalore South,BBMP,,,,no_footprint,,,,,,,,,,,,,,,,,
gba-bbmp-126,BBMP#126,Kodigehalli lake / Bangalore North,BBMP,,,1117566142,none,,,,,,,,,,,,,,2,1,Kannalli kere,6586695:
gba-bbmp-127,BBMP#127,Kenchanpura lake,BBMP,,,1162717386,none,,,,,,,,,,,BBMP budget 2025-26 (24 lakes; Rs 50 cr),press,Kenchanapura,1,0,Sulikere/ Herekere Lake,
gba-bbmp-128,BBMP#128,Kanna halli lake,BBMP,,,146447556,inside_footprint,0,94,"Kannahalli Lake Kannahalli, Bengaluru",E,2026-06,0.5,35,24.6,30,17000,,,,3,2,,146767843:; 1117566142:
gba-bbmp-129,BBMP#129,Soolikere,BBMP,,,675685139,none,,,,,,,,,,,,,,5,5,Byramangala Reservoir,146447556:; 146752354:; 675685126:; 1162717386:; 1273317568:
gba-bbmp-130,BBMP#130,Bhimana kuppe,BBMP,,,253596652,none,,,,,,,,,,,,,,7,5,Byramangala Reservoir,261178468:; 1188681274:; 1188681275:; 1188681276:; 1368339289:
gba-bbmp-131,BBMP#131,",ward no 154 J.P Park / Bangalore North",BBMP,North,J.P PARK,3816212,inside_footprint,0,49,Mathikere Tank,D,2026-06,4.2,5,10,18,630,,,,2,1,Hebbal Lake,42407836:
gba-bbmp-132,BBMP#132,Srigandadkaval,BBMP,West,Srigandada Kaval,1390079362,none,,,,,,,,,,,,,,,,,
gba-bbmp-133,BBMP#133,Nagarabhavi Lake,BBMP,West,Vinayaka Layout,775470790,none,,,,,,,,,,,,,,,,,
gba-bbmp-134,BBMP#134,Bheemana Katte,BBMP,West,Bangarappa Nagara,295768621,none,,,,,,,,,,,,,,,,,
gba-bbmp-135,BBMP#135,Pattangere/Kenchenahalli lake,BBMP,West,Rajarajeshwari Nagara,295768760,none,,,,,,,,,,,,,,2,1,Vrishabhavati,132997931:
gba-bbmp-136,BBMP#136,Halage vaderahalli Lake,BBMP,West,Rajarajeshwari Nagara,132997931,none,,,,,,,,,,,,,,1,0,Kenchanahalli Lake,
gba-bbmp-137,BBMP#137,Hoskerehalli Lake,BBMP,West,Bangarappa Nagara,41196197,inside_footprint,0,85,Hosakerehalli Lake,E,2026-06,1,27,18.6,22,3200,,,,2,1,Vrishabhavati,740925682:
gba-bbmp-138,BBMP#138,Chikka Bettahalli Lake,BBMP,North,Attur,1181417682,none,,,,,,,,,,,,,,1,0,Veerasagara Lake,
gba-bbmp-139,BBMP#139,Veerasagara lake,BBMP,,,41667652,none,,,,,,,,,,,,,,2,1,Attur Lake,1181417682:
gba-bbmp-140,BBMP#140,Harohalli lake,BBMP,,,497580851,none,,,,,,,,,,,,,,2,1,,497580847:
gba-bbmp-141,BBMP#141,Yelahanka Amani kere,BBMP,North,Aerocity,10179602,inside_footprint,0,38,Yelahanka Tank,E,2026-06,2.8,12,24,32,2100,,,,5,4,Jakkur Lake,15989750:; 41667656:; 1253477235:; 1253477236:
gba-bbmp-142,BBMP#142,Attur lake,BBMP,North,Doddabettahalli,15989751,none,,,,,,,,,,,,,,3,2,Puttenahalli Lake,41667652:; 412909369:
gba-bbmp-143,BBMP#143,Allalasandra lake,BBMP,North,Nyayanga Badavane,41206188,inside_footprint,0,37,Allalasandra Lake,E,2026-06,3,9,22,30,3100,,,,1,0,Jakkur Lake,
gba-bbmp-144,BBMP#144,Srinivasapura Lake,BBMP,North,Kogilu,1460088555,none,,,,,,,,,,,,,,,,,
gba-bbmp-145,BBMP#145,Shivanahalli Lake,BBMP,,,,no_footprint,,,,,,,,,,,,,,,,,
gba-bbmp-146,BBMP#146,Rachenahalli Lake,BBMP,North,Jakkur,6041559,inside_footprint,0,60,Rachenahalli Lake,E,2026-06,2,8,10,20,2700,,,,5,3,,9321012:; 42655050:; 1157366535:
gba-bbmp-147,BBMP#147,Amruthahalli Lake,BBMP,North,Amruthahalli,42655050,inside_footprint,0,36,Amruthahalli Lake,E,2026-06,1.7,12,14,24,460,,,,1,0,Rachenahalli Lake,
gba-bbmp-148,BBMP#148,Doddabommasandra Lake,BBMP,North,Doddabommasandra,19063723,nearest_name_conflict,466,,,,,,,,,,,,,3,2,Hebbal Lake,16075392:; 469890675:
gba-bbmp-149,BBMP#149,Singapura Lake,BBMP,North,Singapura,413529791,inside_footprint,0,58,Singapura Lake,E,2026-06,3.6,5,10,18,79,BBMP budget 2025-26 (24 lakes; Rs 50 cr),press,Singapura,1,0,Singapura Kere,
gba-bbmp-150,BBMP#150,Narasipura Lake 20,BBMP,North,Vidyaranyapura,16075392,inside_footprint,0,59,Narasipura Lake,D,2026-06,5.9,4,8.6,12,580,,,,2,1,Doddabommasandra Kere,469890675:
gba-bbmp-151,BBMP#151,Narasipura Lake 26,BBMP,,,,no_footprint,,,,,,,,,,,,,,,,,
gba-bbmp-152,BBMP#152,Kogilu Lake,BBMP,North,Kogilu,41667656,inside_footprint,0,61,Kogilu Kere,E,2026-06,2,9,12,22,4900,,,,2,1,Jakkur Lake,904374443:
gba-bbmp-153,BBMP#153,Palanahalli Lake,BBMP,North,Kogilu,904374443,none,,,,,,,,,,,,,,1,0,Kogilu Lake,
gba-bbmp-154,BBMP#154,Kattigenahalli Lake,BBMP,North,Kogilu,43990804,none,,,,,,,,,,,,,,1,0,Kogilu Lake,
gba-bbmp-155,BBMP#155,Jakkur Lake,BBMP,North,Jakkur,9321012,inside_footprint,0,35,Jakkur Lake,E,2026-06,2,8,26,33,470,BBMP budget 2025-26 (24 lakes; Rs 50 cr),press,Jakkur,4,4,Rachenahalli Lake,15989383:; 16048376:; 41206188:; 41667656:
gba-bbmp-156,BBMP#156,Agrahara Lake,BBMP,North,Sampigehalli,15989383,none,,,,,,,,,,,,,,3,2,Jakkur Lake,43609776:; 43825194:
gba-bbmp-157,BBMP#157,Thirumenahalli Lake,BBMP,North,Sampigehalli,43609776,none,,,,,,,,,,,,,,2,1,Agrahara Lake,43825194:
gba-bbmp-158,BBMP#158,Chokkanahalli Lake,BBMP,North,Sampigehalli,1252731180,none,,,,,,,,,,,BBMP budget 2025-26 (24 lakes; Rs 50 cr),press,Chokkanahalli,,,,
gba-bbmp-159,BBMP#159,Venkateshapura Lake,BBMP,North,Sampigehalli,208958023,none,,,,,,,,,,,,,,,,,
gba-bbmp-160,BBMP#160,Kempambudhi Lake,BBMP,West,Kempambudhi Ward,38047206,inside_footprint,0,3,Kempambudhi Tank,D,2026-06,4.3,6,18.9,26,630,,,,2,1,Vrishabhavati,9362927:
gba-bbmp-161,BBMP#161,Yediyur Lake,BBMP,West,Yediyuru,9362927,inside_footprint,0,4,Yediyur Tank,D,2026-06,5.1,5,19.5,26,3300,,,,1,0,Hosakerahalli Lake,
gba-bbmp-162,BBMP#162,Deepanjali Nagara lake,BBMP,West,Deepanjali Nagara,116792836,none,,,,,,,,,,,BBMP budget 2025-26 (24 lakes; Rs 50 cr),press,Deepanjali,1,0,Vrishabhavati,
gba-bbmp-163,BBMP#163,Gowdanapalya Lake,BBMP,South,Gowdanapalya,41189469,none,,,,,,,,,,,,,,2,1,Dore Kere,33541358:
gba-bbmp-164,BBMP#164,Byrasandra,BBMP,Central,BHEL Ward,28126428,inside_footprint,0,6,Byrasandra Tank,D,2026-06,4.5,8,7.9,BDL,700,,,,1,0,Agara Lake,
gba-bbmp-165,BBMP#165,Mestripalya Lake,BBMP,South,Kormangala East,427568008,none,,,,,,,,,,,,,,1,0,Bellandur Lake,
gba-bbmp-166,BBMP#166,Dasarahalli (Chokkasandra) Lake,BBMP,West,Chokkasandra,16245927,inside_footprint,0,17,Dasarahalli Tank,E,2026-06,2.5,25,17.1,20,3300,,,,1,0,Doddabidirakallu Kere,
gba-bbmp-167,BBMP#167,Nelagedaranahalli Lake,BBMP,West,Shivapura,675669761,nearest_name_conflict,197,,,,,,,,,,BBMP budget 2025-26 (24 lakes; Rs 50 cr),press,Nelagadarenahalli,1,0,Narasappanahalli kere,
gba-bbmp-168,BBMP#168,Shivapura Lake,BBMP,West,Nelagadaranahalli,750685724,inside_footprint,0,11,Shivapura Tank,D,2026-06,4.7,7,12.5,16,470,BBMP budget 2025-26 (24 lakes; Rs 50 cr),press,Shivapura,1,0,Narasappanahalli kere,
gba-bbmp-169,BBMP#169,Bagalagunte Lake,BBMP,North,Bagalagunte,472975375,none,,,,,,,,,,,,,,2,1,,16245927:
gba-bbmp-170,BBMP#170,Kammagondanahalli Lake,BBMP,North,Shettihalli,135267829,inside_footprint,0,89,Kammagondanahalli Lake,D,2026-06,5.5,5,5.8,BDL,840,,,,1,0,Chikkabanavara Lake,
gba-bbmp-171,BBMP#171,Mallasandra gudde Lake,BBMP,North,Mallasandra,190584885,none,,,,,,,,,,,,,,1,0,Chikkabanavara Lake,
gba-bbmp-172,BBMP#172,Abbigere Lake,BBMP,North,Abbigere,41667654,inside_footprint,0,56,Abbigere Lake,D,2026-06,4.4,7,5.6,BDL,580,BBMP budget 2025-26 (24 lakes; Rs 50 cr),press,Abbigere,3,3,Chikkabanavara Lake,41667653:; 413529791:; 1254929805:
gba-bbmp-173,BBMP#173,Lakshmipura Lake,BBMP,North,Abbigere,1254929805,nearest_name_conflict,588,,,,,,,,,,,,,2,1,Chikkabanavara Lake,413529791:
gba-bbmp-174,BBMP#174,(Nagasandra),BBMP,,,,no_footprint,,,,,,,,,,,,,,,,,
gba-bbmp-175,BBMP#175,Karihobanahalli Lake (Narasappanakere) Lake,BBMP,West,Dodda Bidarakallu,45921399,inside_footprint,0,12,Karihobanahalli Lake,D,2026-06,4.8,8,21.2,26,5800,,,,2,2,Gangondanahalli Lake,675669761:; 750685724:
gba-bbmp-176,BBMP#176,Sankey Lake,BBMP,West,Sadashiva Nagara,6030715,inside_footprint,0,5,Sankey Tank,D,2026-06,4,6,6,14,340,,,,1,0,Vrishabhavati,
gba-bbmp-177,BBMP#177,Nayandanahalli Lake,BBMP,West,Nayanda Halli,17379150,inside_footprint,0,7,Nayandanahalli Tank,D,2026-06,5.2,5,14,28,70,,,,3,2,Vrishabhavati,116792836:; 1054489002:
gba-bbmp-178,BBMP#178,19 Malagala,BBMP,,,,no_footprint,,,,,,,,,,,,,,,,,
gba-bbmp-179,BBMP#179,Vijanapura kere,BBMP,,,,no_footprint,,,,,,,,,,,,,,,,,
gba-bbmp-180,BBMP#180,Byatagunte Playa,BBMP,,,,no_footprint,,,,,,,,,,,,,,,,,
gba-bbmp-181,BBMP#181,Lingarajapura Lake,BBMP,,,,no_footprint,,,,,,,,,,,,,,,,,
gba-bbmp-182,BBMP#182,Geddalahalli,BBMP,,,,no_footprint,,,,,,,,,,,,,,,,,
gba-bbmp-183,BBMP#183,Konena Agrahara,BBMP,,,,no_footprint,,,,,,,,,,,,,,,,,
gba-bbmp-184,BBMP#184,(Lingannana Bilaekahalli Kere) (Disused lake),BBMP,,,,no_footprint,,,,,,,,,,,,,,,,,
gba-bbmp-185,BBMP#185,Dorasanni Palya (Disused lake),BBMP,,,,no_footprint,,,,,,,,,,,,,,,,,
gba-bbmp-186,BBMP#186,Ittmadu,BBMP,,,,no_footprint,,,,,,,,,,,,,,,,,
gba-bbmp-187,BBMP#187,Chikkakalasandra Lake,BBMP,South,Padmanabhanagara,740925682,none,,,,,,,,,,,,,,1,0,Hosakerahalli Lake,
gba-bbmp-188,BBMP#188,Thavarekare,BBMP,,,,no_footprint,,,,,,,,,,,,,,,,,
gba-bbmp-189,BBMP#189,Karisandra lake,BBMP,,,,no_footprint,,,,,,,,,,,,,,,,,
gba-bbmp-190,BBMP#190,Nandi shettappa lake,BBMP,,,,no_footprint,,,,,,,,,,,,,,,,,
gba-bbmp-191,BBMP#191,Arehalli 2 & 3 (Small tanks) (Disused lake),BBMP,,,1164540809,none,,,,,,,,,,,,,,2,2,Deshpande Guttahalli Lake,1029925474:; 1176324759:
gba-bbmp-192,BBMP#192,Bovimaranahalli,BBMP,,,,no_footprint,,,,,,,,,,,,,,,,,
gba-bbmp-193,BBMP#193,Gundopanth lake,BBMP,,,,no_footprint,,,,,,,,,,,,,,,,,
gba-bbmp-194,BBMP#194,Kamakshipalya Lake,BBMP,,,,no_footprint,,,,,,,,,,,,,,,,,
gba-bbmp-195,BBMP#195,Sanegoravanahalli Lake,BBMP,,,,no_footprint,,,,,,,,,,,,,,,,,
gba-bbmp-196,BBMP#196,Agraharadasarahalli Lake,BBMP,,,,no_footprint,,,,,,,,,,,,,,,,,
gba-bbmp-197,BBMP#197,Gangondanahalli Lake,BBMP,,,45921942,inside_footprint,0,50,Gangondanahalli Lake,E,2026-06,0.7,90,5.7,BDL,4300,,,,3,3,Lakkenahalli kere,45921399:; 145513538:; 145513549:
gba-bbmp-198,BBMP#198,Ramagondahalli,BBMP,,,412909369,none,,,,,,,,,,,,,,2,1,Attur Lake,1409426375:
gba-bbmp-199,BBMP#199,Avalahalli,BBMP,,,1204457738,none,,,,,,,,,,,,,,1,0,Singanayakanahalli Lake,
gba-bbmp-200,BBMP#200,Vaderahalli,BBMP,,,1127727173,none,,,,,,,,,,,,,,1,0,Medi Agrahara S,
gba-bbmp-201,BBMP#201,Medi agrahara,BBMP,,,1254929806,none,,,,,,,,,,,,,,3,2,Medi Agrahara Lake,1127727172:; 1127727173:
gba-bda-001,BDA#1,Bellanduru Lake,BDA,East,Yamalur,19751547,inside_footprint,0,13,Bellandur Lake,E,2026-06,2.6,32,99.4,114,700,,,,7,4,,3120373:; 27993889:; 331515387:; 350098022:
gba-bda-002,BDA#2,Varthur Lake,BDA,East,Varthur,19306126,nearest_name_agrees,52,19,Varthur Lake,D,2026-06,6,4,6.4,BDL,940,,,,5,5,Kelavarapalli reservoir,14671536:; 17062035:; 18077306:; 45860708:; 120904870:
gba-bda-003,BDA#3,Ramasandra Lake,BDA,,,675685126,none,,,,,,,,,,,,,,2,2,Kommagatta Lake,146752354:; 146767872:
gba-bda-004,BDA#4,Kommaghatta Lake,BDA,,,6586696,none,,,,,,,,,,,,,,3,2,Byramangala Reservoir,45741827:; 675685126:
gba-bda-005,BDA#5,Chikkabanavara lake,BDA,,,75610567,inside_footprint,0,51,Chikkabanavara Lake,D,2026-06,5,6,4.9,BDL,700,,,,6,6,,41667654:; 135267829:; 190584885:; 457633317:; 1039322029:; 1254929805:
gba-forest-001,Forest Department#1,Madivala Lake,Forest Department,South,Bilekahalli,2310417,inside_footprint,0,1,Madiwala Tank,D,2026-06,4.8,9,24.4,28,700,,,,4,3,Agara Lake,18077304:; 19509700:; 119132971:
gba-forest-002,Forest Department#2,Puttenahalli Lake,Forest Department,North,Doddabettahalli,15989750,inside_footprint,0,34,Puttenahalli Lake,E,2026-06,2.4,8,12,26,340,,,,4,3,Yelahanka Lake,15989751:; 41667652:; 412909369:
gba-forest-003,Forest Department#3,Hebbala Lake,Forest Department,North,Rajiv Gandhi Nagar,8754543,none,,,,,,,,,,,NDMF grant 2025 (7 lakes; Rs 65 cr),compilation,Hebbal,1,0,Nagawara Lake,
gba-forest-004,Forest Department#4,Nagavara Lake,Forest Department,North,Kempapura,30414489,none,,,,,,,,,,,NDMF grant 2025 (7 lakes; Rs 65 cr),compilation,Nagawara,2,1,,8754543:
gba-bmrcl-001,BMRCL#1,Veerasandra Lake,BMRCL,,,17012230,none,,,,,,,,,,,,,,3,3,Hebbagodi Lake,18575411:; 169987367:; 175396211:
