rank,spine_id,name,ktcda_name,custodian,corporation,ward,footprint_ha,season,clear_passes,need_class,need_reason,condition_band,condition_inputs,stakes,tractability,urgency,programme,programme_detail,programme_source_class,kspcb_class,need_index,confidence,W1,W2,W2_band,Q1,Q1_p7,W2_p7,H2,B1,B1_change_2019,froth_events_per_year_2019_25,custody_lakes_downstream,buildings_in_catchment,cascade_position,boundary_confidence,flags,band_notes
1,gba-bbmp-141,Yelahanka Amani kere,Yelahanka Amani kere,BBMP,North,Aerocity,98.56,pre-monsoon (Mar-May) 2026,18,Fund now,chlorophyll proxy 0.42; regulator E; nothing on record,E,C1=A C3=A(A/B) C4=A C5=E(D/E) C8=A G2=E,High,High,Rising,none,,,E,2.9,medium,0.9528,0.043,0.0544,0.4239,98.1,25.2,0.97,0.0,0.0,0.14,0,7186,5,medium,,C3 candidates A/B; C5 candidates D/E
2,gba-forest-002,Puttenahalli Lake,Puttenahalli Lake,Forest Department,North,Doddabettahalli,8.73,monsoon (Jun-Sep) 2026,5,Fund now,vegetation 100%; holds 0% of its extent; regulator E; nothing on record,E,C1=E C3=A(A/B) C4=E C8=A G2=E,High (lifted: cascade),High,Rising,none,,,E,2.9,medium,0.0,1.0,0.0501,,,96.1,0.0,0.0,-0.377,0.14,1,5562,4,medium,,C3 candidates A/B
3,gba-bbmp-094,Doddakalasandra Lake,Doddakallasandra Lake,BBMP,South,Anjanapura,5.82,pre-monsoon (Mar-May) 2026,18,Fund now,vegetation 99%; holds 0% of its extent; regulator D; nothing on record,E,C1=E C3=B(A/B) C4=E C8=B G2=D,High (lifted: cascade),High,Rising,none,,,D,2.9,medium,0.0,0.987,0.0605,,,95.2,0.0,0.0272,0.002,0.86,2,2105,2,medium,,C3 candidates A/B
4,gba-bbmp-128,Kannalli kere,Kanna halli lake,BBMP,,,22.48,monsoon (Jun-Sep) 2026,5,Fund now,vegetation 93%; holds 0% of its extent; regulator E; nothing on record,E,C1=E C3=A(A/B) C4=E C8=A G2=E,High,High,Steady,none,,,E,2.65,medium,0.0004,0.9306,0.0615,,,77.8,0.001,0.0048,0.003,0.14,2,7158,3,medium,,C3 candidates A/B
5,gba-bbmp-137,Hosakerahalli Lake,Hoskerehalli Lake,BBMP,West,Bangarappa Nagara,14.98,monsoon (Jun-Sep) 2026,5,Fund now,vegetation 91%; holds 20% of its extent; regulator E; nothing on record,E,C1=E(B/E) C3=B(B/C) C4=E C8=A G2=E,High (lifted: cascade),High,Steady,none,,,E,2.65,medium,0.0186,0.9135,0.0655,,,20.0,0.199,0.0311,-0.061,0,0,30273,2,medium,osm_mostly_dry,C1 candidates B/E; C3 candidates B/C
6,gba-bbmp-146,Rachenahalli Lake,Rachenahalli Lake,BBMP,North,Jakkur,37.06,monsoon (Jun-Sep) 2026,6,Fund now,chlorophyll proxy 0.44; regulator E; nothing on record,E,C1=A(A/B) C3=A(A/B) C4=B(A/B/C) C5=E(D/E) C8=A G2=E,High,High,Steady,none,,,E,2.65,low,0.8499,0.1435,0.0622,0.4424,75.0,68.8,0.89,0.0,0.0,0,0,11338,5,medium,,C1 candidates A/B; C3 candidates A/B; C4 candidates A/B/C; C5 candidates D/E
7,gba-bbmp-010,Saul Kere,Sowl kere,BBMP,East,Shivanasamudra Ward,18.19,monsoon (Jun-Sep) 2026,7,Fund now,vegetation 73%; holds 17% of its extent; nothing on record,E,C1=E C3=A(A/B) C4=E C5=C(B/C/D) C8=A,High (lifted: cascade),High,Steady,none,,,,2.65,low,0.1284,0.7258,0.0722,0.1995,70.8,48.1,0.171,0.0007,-0.005,0.14,1,5863,6,medium,,C3 candidates A/B; C5 candidates B/C/D
8,gba-bbmp-131,J.P Park (Mathikere Lake),",ward no 154 J.P Park / Bangalore North",BBMP,North,J.P PARK,4.64,monsoon (Jun-Sep) 2026,6,Fund now,vegetation 84%; holds 2% of its extent; froth 8/yr; regulator D; nothing on record,E,C1=E C3=A(A/B) C4=E C8=D G2=D,Medium (lifted: cascade),High,Rising,none,,,D,2.6,low,0.0162,0.8441,0.0964,,,100.0,0.024,0.0,0.0,8.29,0,9374,2,medium,,C3 candidates A/B
9,gba-bbmp-098,Parappana Agrahara,Parappana Agrahara / Bangalore,BBMP,South,Naganathapura,4.61,monsoon (Jun-Sep) 2026,4,Fund now,vegetation 100%; holds 0% of its extent; regulator D; nothing on record,E,C1=E C3=A(A/B) C4=E C8=A G2=D,Medium (lifted: cascade),High,Rising,none,,,D,2.6,low,0.0,1.0,0.0501,,,100.0,0.0,0.0021,0.002,0.29,7,2174,1,medium,,C3 candidates A/B
10,gba-bbmp-197,Gangondanahalli Lake,Gangondanahalli Lake,BBMP,,,15.6,monsoon (Jun-Sep) 2026,5,Fund now,vegetation 99%; holds 0% of its extent; regulator E; nothing on record,E,C1=E C3=A(A/B) C4=E C8=A G2=E,Medium,High,Steady,none,,,E,2.35,medium,0.0,0.9884,0.0558,,,65.5,0.0,0.0028,0.003,0.14,0,4392,3,medium,osm_mostly_dry,C3 candidates A/B
11,gba-bbmp-166,Dasarahalli (Chokkasandra) Lake,Dasarahalli (Chokkasandra) Lake,BBMP,West,Chokkasandra,5.98,monsoon (Jun-Sep) 2026,6,Fund now,holds 17% of its extent; regulator E; nothing on record,E,C1=E C3=C(C/D) C4=C(B/C/D) C8=B G2=E,Medium,High,Steady,none,,,E,2.35,medium,0.1505,0.2843,0.0915,,,65.5,0.173,0.0815,0.028,0.71,1,4138,1,medium,,C3 candidates C/D; C4 candidates B/C/D
12,gba-bbmp-170,Kammagondanahalli Lake,Kammagondanahalli Lake,BBMP,North,Shettihalli,7.47,monsoon (Jun-Sep) 2026,6,Fund now,vegetation 78%; holds 16% of its extent; chlorophyll proxy 0.32; regulator D; nothing on record,E,C1=E C3=A(A/B) C4=E C5=D(D/E) C8=A G2=D,Medium,High,Steady,none,,,D,2.35,low,0.1024,0.7767,0.0833,0.3205,94.1,45.5,0.165,0.0081,-0.251,0.29,1,3551,1,medium,,C3 candidates A/B; C5 candidates D/E
13,gba-bbmp-054,Byrasandra Melina Kere,Melina Byrasandra (DRDO),BBMP,Central,New Thippasandra,6.62,monsoon (Jun-Sep) 2026,8,Fund now,vegetation 38%; holds 27% of its extent; froth 34/yr; nothing on record,E,C1=E(D/E) C3=A(A/B) C4=D(C/D/E) C5=C(B/C/D) C8=E,Medium,High,Steady,none,,,,2.35,low,0.1938,0.3779,0.0985,0.1333,65.0,3.4,0.273,0.0033,-0.018,33.57,1,1130,1,medium,,C1 candidates D/E; C3 candidates A/B; C4 candidates C/D/E; C5 candidates B/C/D
14,gba-bbmp-022,Bhoganahalli Lake,Bhoganahalli Lake,BBMP,East,Panathur,3.71,monsoon (Jun-Sep) 2026,8,Fund now,holds 5% of its extent; regulator E; nothing on record,E,C1=E C3=A(A/B) C4=A(A/B) C5=C(C/D) C8=B G2=E,Medium (lifted: cascade),High,Steady,none,,,E,2.35,low,0.0351,0.0787,0.082,0.1929,70.6,35.7,0.047,0.0,0.0,2.29,2,415,1,medium,,C3 candidates A/B; C4 candidates A/B; C5 candidates C/D
15,gba-bbmp-014,Chinnappanahalli,Chinnappanahalli,BBMP,East,Priyadarshini Ward,3.62,monsoon (Jun-Sep) 2026,5,Fund now,vegetation 31%; chlorophyll proxy 0.48; froth 27/yr; regulator E; nothing on record,E,C1=C(C/D) C3=A(A/B) C4=D(C/D/E) C5=E(D/E) C8=E G2=E,Medium (lifted: cascade),High,Steady,none,,,E,2.35,low,0.494,0.3128,0.1109,0.4784,83.3,53.3,0.504,0.0,0.0,26.71,2,918,1,medium,,C1 candidates C/D; C3 candidates A/B; C4 candidates C/D/E; C5 candidates D/E
16,gba-bbmp-038,Chelekere,Challakere Lake,BBMP,East,Chellakere,3.04,monsoon (Jun-Sep) 2026,7,Fund now,vegetation 58%; holds 37% of its extent; regulator E; nothing on record,E,C1=D(C/D/E) C3=A(A/B) C4=E C5=B(B/C) C8=B G2=E,Medium (lifted: cascade),High,Steady,none,,,E,2.35,low,0.2239,0.5846,0.1289,0.0877,32.1,54.1,0.372,0.0,0.0,0.57,2,15537,2,medium,,C1 candidates C/D/E; C3 candidates A/B; C5 candidates B/C
17,gba-bbmp-072,Annappanakere / Yelchenahalli Lake (Yelachenahalli Kere),Annappanakere / Yelchenahalli Lake,BBMP,South,Yelachenahalli,2.09,monsoon (Jun-Sep) 2026,7,Fund now,vegetation 50%; holds 9% of its extent; regulator D; nothing on record,E,C1=E C3=A(A/B) C4=E(D/E) C5=C(B/C/D) C8=B G2=D,Medium (lifted: cascade),High,Steady,none,,,D,2.35,low,0.0896,0.4972,0.1345,0.1606,40.9,89.3,0.091,0.0,0.0,2.43,2,903,2,medium,,C3 candidates A/B; C4 candidates D/E; C5 candidates B/C/D
18,gba-bbmp-078,Basavanapura Pond,Basavanapura Lake,BBMP,South,Doddakammanahalli,1.73,monsoon (Jun-Sep) 2026,6,Fund now,vegetation 68%; holds 9% of its extent; regulator D; nothing on record,E,C1=E C3=A(A/B) C4=E C8=B G2=D,Medium (lifted: cascade),High,Steady,none,,,D,2.35,low,0.0693,0.6792,0.1382,,,79.3,0.089,0.0,0.0,1.43,4,505,1,medium,,C3 candidates A/B
19,gba-bmrcl-001,Veerasandra Lake,Veerasandra Lake,BMRCL,,,4.06,monsoon (Jun-Sep) 2026,9,Fund now,vegetation 58%; holds 0% of its extent; froth 19/yr; nothing on record,E,C1=E C3=A(A/B) C4=E C8=E,Low,High,Rising,none,,,,2.3,low,0.0025,0.5788,0.1154,,,97.0,0.003,0.0,-0.123,18.86,0,934,3,medium,,C3 candidates A/B
20,gba-bbmp-199,Avalahalli,Avalahalli,BBMP,,,3.93,monsoon (Jun-Sep) 2026,5,Fund now,vegetation 92%; holds 0% of its extent; froth 6/yr; nothing on record,E,C1=E C3=B(B/C) C4=E C8=D,Low,High,Rising,none,,,,2.3,low,0.0,0.9237,0.0805,,,97.2,0.0,0.0431,0.043,6.14,1,648,1,medium,,C3 candidates B/C
21,gba-bbmp-029,Pattandur agrahara -54 Lake,Pattandur agrahara -54 Lake,BBMP,East,S.M Krishna Ward,3.61,monsoon (Jun-Sep) 2026,10,Fund now,vegetation 93%; holds 1% of its extent; regulator D; nothing on record,E,C1=E C3=B(A/B) C4=E C8=A G2=D,Low,High,Rising,none,,,D,2.3,low,0.0042,0.9307,0.0806,,,95.0,0.006,0.0232,0.023,0.43,1,660,1,medium,,C3 candidates A/B
22,gba-bbmp-093,Devarakere (ISRO Layout Lake),Devarakere,BBMP,South,Uttarahalli,1.75,monsoon (Jun-Sep) 2026,6,Fund now,vegetation 47%; holds 20% of its extent; chlorophyll proxy 0.27; regulator E; nothing on record,E,C1=E(D/E) C3=A(A/B) C4=E(D/E) C5=D(C/D) C8=B G2=E,Low,High,Steady,none,,,E,2.05,low,0.1458,0.4708,0.1427,0.2653,75.9,83.9,0.203,0.0024,0.0,0.71,0,1106,3,medium,,C1 candidates D/E; C3 candidates A/B; C4 candidates D/E; C5 candidates C/D
23,gba-bbmp-152,Kogilu Lake,Kogilu Lake,BBMP,North,Kogilu,24.26,monsoon (Jun-Sep) 2026,4,Fund now,vegetation 40%; holds 30% of its extent; regulator E; nothing on record,D,C1=D(D/E) C3=A(A/B) C4=D(D/E) C8=A G2=E,High,High,Steady,none,,,E,2.2,medium,0.2049,0.3956,0.0709,,,25.0,0.302,0.0004,-0.022,0.14,3,4276,2,medium,,C1 candidates D/E; C3 candidates A/B; C4 candidates D/E
24,gba-bbmp-007,Kaikondrahalli Lake,Kaigondanahalli Lake,BBMP,South,Kasavanahalli,31.75,monsoon (Jun-Sep) 2026,8,Fund now,holds 44% of its extent; chlorophyll proxy 0.23; froth 26/yr; regulator D; nothing on record,D,C1=D(C/D) C3=B(A/B) C4=B(B/C) C5=D(B/D/E) C8=E G2=D,High,High,Steady,none,,,D,2.2,low,0.4129,0.1717,0.0668,0.2314,40.0,44.0,0.437,0.0207,-0.0,25.71,2,1383,5,medium,,C1 candidates C/D; C3 candidates A/B; C4 candidates B/C; C5 candidates B/D/E
25,gba-bbmp-053,Byrasandra Lake,Kelagina Byrasandra,BBMP,Central,New Thippasandra,4.36,monsoon (Jun-Sep) 2026,7,Fund now,holds 32% of its extent; chlorophyll proxy 0.20; froth 32/yr; nothing on record,D,C1=D(D/E) C3=A(A/B) C4=B(A/B/C) C5=D(C/D) C8=E,Medium (lifted: cascade),High,Steady,none,,,,1.9,low,0.2838,0.1821,0.1002,0.2005,67.9,45.5,0.317,0.0,-0.003,31.57,2,315,1,medium,,C1 candidates D/E; C3 candidates A/B; C4 candidates A/B/C; C5 candidates C/D
26,gba-bbmp-177,Nayandahalli Lake,Nayandanahalli Lake,BBMP,West,Nayanda Halli,4.18,monsoon (Jun-Sep) 2026,4,Fund now,holds 28% of its extent; froth 7/yr; regulator D; nothing on record,D,C1=E(D/E) C3=A(A/B) C4=B(A/B/C) C8=D G2=D,Medium (lifted: cascade),High,Steady,none,,,D,1.9,low,0.2462,0.119,0.0879,,,46.4,0.283,0.0,-0.357,6.86,0,7457,3,medium,,C1 candidates D/E; C3 candidates A/B; C4 candidates A/B/C
27,gba-bbmp-100,Konappana Agrahara Lake (Karabu Kere/Konappana agrahara lake),Konappana Agrahara Lake,BBMP,South,Naganathapura,1.39,monsoon (Jun-Sep) 2026,9,Fund now,vegetation 31%; holds 39% of its extent; chlorophyll proxy 0.25; regulator D; nothing on record,D,C1=D(C/D/E) C3=A(A/B) C4=D(B/D/E) C5=D(B/D) C8=B G2=D,Medium (lifted: cascade),High,Steady,none,,,D,1.9,low,0.2933,0.3111,0.1487,0.2489,75.0,39.4,0.388,0.0,0.0,0.71,7,340,1,medium,,C1 candidates C/D/E; C3 candidates A/B; C4 candidates B/D/E; C5 candidates B/D
28,gba-bbmp-161,Yediyur Lake,Yediyur Lake,BBMP,West,Yediyuru,4.25,monsoon (Jun-Sep) 2026,6,Fund now,vegetation 36%; holds 43% of its extent; chlorophyll proxy 0.31; regulator D; nothing on record,D,C1=D(C/D) C3=A(A/B) C4=D(C/D/E) C5=D(C/D/E) C8=B G2=D,Low,High,Rising,none,,,D,1.85,low,0.4131,0.3601,0.1021,0.3138,65.5,100.0,0.426,0.0,0.0,1.43,1,1203,1,medium,,C1 candidates C/D; C3 candidates A/B; C4 candidates C/D/E; C5 candidates C/D/E
29,gba-bbmp-066,Hulimavu Lake,Hulimavu Lake,BBMP,South,Vijaya Bank Layout,41.16,monsoon (Jun-Sep) 2026,6,Co-fund,vegetation 76%; holds 12% of its extent; built 11%; regulator E; works on record,E,C1=E C3=D(C/D) C4=E C5=C(B/C) C8=A G2=E,High,Medium,Rising,works underway,works approaching completion by Nov 2025 (7 lakes; 240 acres),compilation,E,2.9,medium,0.0861,0.7648,0.0638,0.1139,60.0,37.5,0.122,0.1056,0.086,0.14,0,4333,4,medium,,C3 candidates C/D; C5 candidates B/C
30,gba-bbmp-039,Kalkere Lake,Kalkere Lake,BBMP,East,Horamavu,49.18,monsoon (Jun-Sep) 2026,7,Co-fund,vegetation 89%; holds 6% of its extent; chlorophyll proxy 0.23; regulator E; budget line on record,E,C1=E C3=A(A/B) C4=E C5=D(B/D) C8=A G2=E,High,High,Rising,proposed,BBMP budget 2025-26 (24 lakes; Rs 50 cr) Rs 10 cr; NDMF grant 2025 (7 lakes; Rs 65 cr),compilation; press,E,2.9,low,0.0552,0.8862,0.0595,0.2314,31.2,100.0,0.058,0.0,0.0,0.43,1,71721,4,medium,,C3 candidates A/B; C5 candidates B/D
31,gba-bbmp-056,Kacharakanahalli,Kacharakanahalli,BBMP,North,Lingarajpura,6.02,monsoon (Jun-Sep) 2026,6,Co-fund,holds 15% of its extent; built 99%; works on record,E,C1=E(C/E) C3=E C4=A C5=C(B/C) C8=B,High (lifted: cascade),Low,Rising,works underway,BBMP budget 2025-26 (24 lakes; Rs 50 cr) Rs 3.5 cr; works approaching completion by Nov 2025 (7 lakes; 240 acres),compilation; press,,2.9,low,0.0233,0.0163,0.0616,0.1015,,9.7,0.151,0.9888,0.338,2,3,5589,1,medium,osm_mostly_dry,C1 candidates C/E; C5 candidates B/C
32,gba-bda-001,Bellanduru Lake,Bellanduru Lake,BDA,East,Yamalur,316.76,monsoon (Jun-Sep) 2026,4,Co-fund,vegetation 64%; holds 9% of its extent; regulator E; works on record,E,C1=E C3=A(A/B) C4=E C5=C(B/C) C8=A G2=E,High,High,Steady,works underway,BDA restoration works under NGT oversight (tender Rs 245 cr; desilting 22.69 of 32.5 lakh cu m removed by June 2024; Rs 79.67 cr additional grant approved June 2025; completion pushed to March 2026) Rs 245 cr; NGT OA 125/2017 orders (6 Dec 2018: monitoring committee and Rs 500 cr escrow; 12 Mar 2021: oversight with the Chief Secretary),order; press,E,2.65,medium,0.0599,0.6379,0.0257,0.1208,52.4,42.9,0.092,0.0024,0.002,0.29,0,71090,7,medium,,C3 candidates A/B; C5 candidates B/C
33,gba-bda-002,Varthur Lake,Varthur Lake,BDA,East,Varthur,154.99,monsoon (Jun-Sep) 2026,5,Co-fund,vegetation 61%; holds 26% of its extent; regulator D; works on record,E,C1=E(D/E) C3=A(A/B) C4=E C5=C C8=A G2=D,High,High,Steady,works underway,BDA restoration works (BDA states rejuvenation finished and seeks handover to BBMP; BBMP cites encroachments and incomplete development); NGT OA 125/2017 orders (6 Dec 2018; 12 Mar 2021),order; press,D,2.65,medium,0.2136,0.6108,0.0585,0.1372,68.2,37.5,0.261,0.0001,0.0,0.29,0,17066,5,medium,,C1 candidates D/E; C3 candidates A/B
34,gba-bbmp-119,Sompura Govt.lake,Sompura Lake,BBMP,South,Talagattapura,7.34,monsoon (Jun-Sep) 2026,4,Co-fund,vegetation 49%; holds 17% of its extent; built 17%; regulator D; budget line on record,E,C1=E(D/E) C3=D C4=E C5=B C8=A G2=D,Medium,Medium,Rising,proposed,NDMF grant 2025 (7 lakes; Rs 65 cr),compilation,D,2.6,low,0.0804,0.4924,0.0908,0.0813,64.0,7.1,0.168,0.1746,0.088,0.43,1,548,1,medium,osm_mostly_dry,C1 candidates D/E
35,gba-bbmp-168,Shivapura Old Lake,Shivapura Lake,BBMP,West,Nelagadaranahalli,1.67,monsoon (Jun-Sep) 2026,6,Co-fund,vegetation 50%; holds 1% of its extent; built 100%; regulator D; budget line on record,E,C1=E C3=E C4=E(D/E) C8=B G2=D,Medium (lifted: cascade),Low,Rising,proposed,BBMP budget 2025-26 (24 lakes; Rs 50 cr),press,D,2.6,low,0.009,0.4964,0.1481,,,37.5,0.013,1.0,0.906,1.29,2,1072,1,medium,,C4 candidates D/E
36,gba-bbmp-112,Kengeri Lake,Kengeri Lake,BBMP,West,Kengeri,9.79,monsoon (Jun-Sep) 2026,7,Co-fund,vegetation 44%; regulator E; budget line on record,E,C1=A(A/C) C3=A(A/B) C4=E(D/E) C5=C(B/C) C8=A G2=E,High (lifted: cascade),High,Easing,proposed,BBMP budget 2025-26 (24 lakes; Rs 50 cr),press,E,2.4,low,0.2535,0.4447,0.085,0.1188,,4.0,0.862,0.0086,-0.022,0.14,0,5385,3,medium,osm_mostly_dry,C1 candidates A/C; C3 candidates A/B; C4 candidates D/E; C5 candidates B/C
37,gba-bbmp-002,Gunjur Palya kere,Gunjur Palya kere,BBMP,East,Gunjur,12.84,monsoon (Jun-Sep) 2026,6,Co-fund,vegetation 89%; holds 0% of its extent; budget line on record,E,C1=E C3=A(A/B) C4=E C8=B,Medium,High,Steady,proposed,BBMP budget 2025-26 (24 lakes; Rs 50 cr),press,,2.35,medium,0.0031,0.8871,0.0689,,,85.3,0.004,0.0001,0.0,1.43,0,917,3,medium,,C3 candidates A/B
38,gba-bbmp-108,Ullal Lake,Ullala lake,BBMP,West,Ullal,9.86,monsoon (Jun-Sep) 2026,6,Co-fund,vegetation 96%; holds 0% of its extent; built 12%; regulator E; budget line on record,E,C1=E C3=D(C/D) C4=E C8=A G2=E,Medium,Medium,Steady,proposed,BBMP budget 2025-26 (24 lakes; Rs 50 cr),press,E,2.35,medium,0.001,0.9611,0.0634,,,70.0,0.002,0.1175,-0.038,0.29,0,3081,1,medium,osm_mostly_dry,C3 candidates C/D
39,gba-bbmp-172,Abbigere Lake,Abbigere Lake,BBMP,North,Abbigere,9.48,monsoon (Jun-Sep) 2026,6,Co-fund,vegetation 76%; holds 15% of its extent; regulator D; budget line on record,E,C1=E C3=A(A/B) C4=E C5=C(C/D) C8=A G2=D,Medium,High,Steady,proposed,BBMP budget 2025-26 (24 lakes; Rs 50 cr),press,D,2.35,low,0.1118,0.7618,0.0804,0.192,,24.2,0.148,0.0028,-0.001,0,1,2751,3,medium,,C3 candidates A/B; C5 candidates C/D
40,gba-bbmp-013,Munekolala Lake,Munnekolalu kere,BBMP,East,Priyadarshini Ward,7.51,monsoon (Jun-Sep) 2026,5,Co-fund,vegetation 32%; holds 39% of its extent; chlorophyll proxy 0.46; froth 26/yr; regulator E; budget line on record,E,C1=D(D/E) C3=B(A/B) C4=D(C/D/E) C5=E(D/E) C8=E G2=E,Medium,High,Steady,proposed,BBMP budget 2025-26 (24 lakes; Rs 50 cr),press,E,2.35,low,0.3906,0.3223,0.093,0.4557,85.7,76.7,0.389,0.0137,-0.063,25.71,1,1795,2,medium,,C1 candidates D/E; C3 candidates A/B; C4 candidates C/D/E; C5 candidates D/E
41,gba-bbmp-006,Ambalipura Upper Lake,Amblipura melina kere,BBMP,South,Kasavanahalli,4.9,monsoon (Jun-Sep) 2026,8,Co-fund,vegetation 72%; holds 6% of its extent; froth 24/yr; budget line on record,E,C1=E C3=C(B/C) C4=E C8=E,Medium (lifted: cascade),High,Steady,proposed,BBMP budget 2025-26 (24 lakes; Rs 50 cr),press,,2.35,low,0.0417,0.7189,0.1026,,,82.9,0.059,0.0533,0.03,24.43,3,54,1,medium,,C3 candidates B/C
42,gba-bbmp-149,Singapura Lake,Singapura Lake,BBMP,North,Singapura,3.07,monsoon (Jun-Sep) 2026,5,Co-fund,holds 6% of its extent; regulator E; budget line on record,E,C1=E C3=A(A/B) C4=C(B/C/D) C8=B G2=E,Medium (lifted: cascade),High,Steady,proposed,BBMP budget 2025-26 (24 lakes; Rs 50 cr),press,E,2.35,low,0.0554,0.2703,0.1078,,,77.8,0.065,0.0,-0.073,0.71,3,2539,1,medium,,C3 candidates A/B; C4 candidates B/C/D
43,gba-bbmp-001,Ambalipura Lower Lake,Ambalipura Kelagina kere,BBMP,South,Kasavanahalli,2.2,monsoon (Jun-Sep) 2026,8,Co-fund,vegetation 64%; holds 17% of its extent; chlorophyll proxy 0.29; regulator E; budget line on record,E,C1=E(D/E) C3=A(A/B) C4=E C5=D(C/D) C8=A G2=E,Medium (lifted: cascade),High,Steady,proposed,BBMP budget 2025-26 (24 lakes; Rs 50 cr),press,E,2.35,low,0.1023,0.6409,0.1268,0.2873,84.6,54.8,0.167,0.0015,-0.179,0.43,2,171,2,medium,,C1 candidates D/E; C3 candidates A/B; C5 candidates C/D
44,gba-bbmp-003,Carmelaram Lake,Gunjuru Karmelaram lake,BBMP,East,Gunjur,2.09,monsoon (Jun-Sep) 2026,7,Co-fund,vegetation 69%; holds 0% of its extent; works on record,E,C1=E C3=A(A/B) C4=E C8=C,Medium (lifted: cascade),High,Steady,works underway,works approaching completion by Nov 2025 (7 lakes; 240 acres),compilation,,2.35,low,0.0,0.6906,0.127,,,43.2,0.0,0.0002,0.0,4.57,3,252,1,medium,osm_mostly_dry,C3 candidates A/B
45,gba-bbmp-004,Panathur lake,Panathur lake,BBMP,East,Panathur,4.51,monsoon (Jun-Sep) 2026,6,Co-fund,vegetation 41%; holds 33% of its extent; chlorophyll proxy 0.33; regulator E; budget line on record,E,C1=D(D/E) C3=A(A/B) C4=E(D/E) C5=D(D/E) C8=B G2=E,Low,High,Rising,proposed,BBMP budget 2025-26 (24 lakes; Rs 50 cr),press,E,2.3,low,0.315,0.4066,0.103,0.3302,100.0,100.0,0.332,0.0,-0.139,1.29,1,1258,4,medium,,C1 candidates D/E; C3 candidates A/B; C4 candidates D/E; C5 candidates D/E
46,gba-bbmp-063,Mangammana Palya Kere (ITI Layout Lake),Mangammana Palya Kere,BBMP,South,Mangammana Palya,4.93,monsoon (Jun-Sep) 2026,6,Co-fund,holds 11% of its extent; froth 26/yr; regulator D; budget line on record,E,C1=E C3=B(B/C) C4=A(A/B) C5=B(B/C) C8=E G2=D,Low,Medium,Steady,proposed,BBMP budget 2025-26 (24 lakes; Rs 50 cr),press,D,2.05,low,0.1056,0.0551,0.0808,0.0657,21.9,33.3,0.11,0.0301,0.0,26.14,1,287,1,low,observed_max_dominates;assignment_unverified,C3 candidates B/C; C4 candidates A/B; C5 candidates B/C
47,gba-bbmp-176,Sankey Lake,Sankey Lake,BBMP,West,Sadashiva Nagara,14.3,monsoon (Jun-Sep) 2026,4,Intervene early,"condition C, rising against its own history; nothing on record",C,C1=C(C/D) C3=A(A/B) C4=B(A/B/C) C5=C(B/C) C8=B G2=D,Medium,High,Rising,none,,,D,1.7,low,0.5208,0.1533,0.0708,0.1045,51.7,100.0,0.535,0.0,0.0,1.71,0,864,1,medium,,C1 candidates C/D; C3 candidates A/B; C4 candidates A/B/C; C5 candidates B/C
48,gba-bbmp-043,Nagaraesh Nagenahalli Lake,Nagareshwara-Nagenahalli Lake,BBMP,East,K Narayanapura,2.17,monsoon (Jun-Sep) 2026,7,Intervene early,"condition C, rising against its own history; nothing on record",C,C1=C(C/D) C3=A(A/B) C4=A(A/B) C5=D(C/D) C8=D,Low,High,Rising,none,,,,1.4,low,0.4913,0.0271,0.0763,0.2176,96.4,57.5,0.518,0.0009,-0.047,6.71,0,1136,1,medium,,C1 candidates C/D; C3 candidates A/B; C4 candidates A/B; C5 candidates C/D
49,gba-bbmp-035,Mahadevapura Lake-1,Mahadevapura Lake-1,BBMP,East,Mahadevapura,29.79,monsoon (Jun-Sep) 2026,7,Design first,holds 19% of its extent; chlorophyll proxy 0.30; froth 35/yr; regulator E; nothing on record,E,C1=E C3=C(C/D) C4=C(B/C) C5=D(C/D/E) C8=E G2=E,High,Medium,Rising,none,,,E,2.9,low,0.1879,0.2101,0.0702,0.3029,63.6,100.0,0.19,0.0998,-0.146,35,1,5107,2,low,observed_max_dominates,C3 candidates C/D; C4 candidates B/C; C5 candidates C/D/E
50,gba-bbmp-175,Narasappanahalli kere,Karihobanahalli Lake (Narasappanakere) Lake,BBMP,West,Dodda Bidarakallu,17.56,monsoon (Jun-Sep) 2026,4,Design first,vegetation 92%; holds 1% of its extent; built 20%; regulator D; nothing on record,E,C1=E C3=D(D/E) C4=E C8=A G2=D,Medium,Medium,Rising,none,,,D,2.6,medium,0.006,0.919,0.0641,,,24.1,0.009,0.1978,0.122,0,1,3432,2,medium,,C3 candidates D/E
51,gba-bbmp-025,Hoodi kere,Hoodi kere,BBMP,East,Kaveri Nagara,9.22,monsoon (Jun-Sep) 2026,12,Design first,vegetation 84%; holds 1% of its extent; built 18%; regulator D; nothing on record,E,C1=E C3=D(D/E) C4=E C5=C(B/C) C8=A G2=D,Medium,Medium,Rising,none,,,D,2.6,low,0.0063,0.8401,0.0762,0.1088,37.0,91.2,0.007,0.1836,0.184,0.43,0,1392,2,medium,,C3 candidates D/E; C5 candidates B/C
52,gba-bbmp-088,Subrayana Lake,Subbarayana Lake,BBMP,South,Kothanur,1.07,pre-monsoon (Mar-May) 2026,20,Design first,vegetation 100%; holds 0% of its extent; nothing on record; boundary or built-up question,E,C1=E C4=E C8=A,Medium (lifted: cascade),Unknown,Rising,none,,,,2.6,insufficient,0.0,1.0,0.0503,,,98.6,0.0,,,0.43,3,542,1,medium,,
53,gba-bbmp-065,Garvebhavipalya lake,Garveybhavipalya Lake,BBMP,South,Bandepalya,7.39,monsoon (Jun-Sep) 2026,6,Design first,vegetation 84%; holds 0% of its extent; built 11%; nothing on record,E,C1=E(D/E) C3=D(C/D) C4=E C8=B,Medium,Medium,Steady,none,,,,2.35,medium,0.0,0.8414,0.0819,,,25.0,0.0,0.1095,-0.102,1.71,1,819,1,medium,osm_mostly_dry,C1 candidates D/E; C3 candidates C/D
54,gba-bbmp-040,Vibhuthipura kere (Lal Bahadur Shastri Nagar Lake),Vibhuthipura kere,BBMP,East,Vignananagara,13.18,monsoon (Jun-Sep) 2026,9,Design first,vegetation 56%; holds 21% of its extent; chlorophyll proxy 0.27; built 11%; regulator E; nothing on record,E,C1=E(D/E) C3=D(C/D) C4=E C5=D(C/D) C8=C G2=E,Medium,Medium,Steady,none,,,E,2.35,low,0.1619,0.5592,0.0835,0.2675,70.6,31.2,0.212,0.1134,0.04,3.71,1,4573,1,low,assignment_unverified,C1 candidates D/E; C3 candidates C/D; C5 candidates C/D
55,gba-bbmp-059,Iblur Lake,Ibblur Lake,BBMP,South,Iblur,6.72,monsoon (Jun-Sep) 2026,6,Design first,holds 7% of its extent; froth 32/yr; regulator D; nothing on record,E,C1=E C3=A(A/B) C4=C(B/C/D) C5=C(C/D) C8=E G2=D,Medium,Medium,Steady,none,,,D,2.35,low,0.0643,0.2088,0.0972,0.1834,73.7,93.3,0.066,0.0,-0.639,32,1,273,5,low,observed_max_dominates,C3 candidates A/B; C4 candidates B/C/D; C5 candidates C/D
56,gba-bbmp-097,Kodige Singasandra Lake (Begur Kere),Kodige Singasandra Lake,BBMP,South,Singasandra,3.13,monsoon (Jun-Sep) 2026,7,Design first,vegetation 85%; holds 0% of its extent; regulator D; nothing on record,E,C1=E C3=B(B/C) C4=E C8=B G2=D,Medium (lifted: cascade),Medium,Steady,none,,,D,2.35,low,0.0,0.8496,0.0982,,,90.2,0.0,0.0315,0.032,2.43,2,563,2,low,assignment_unverified,C3 candidates B/C
57,gba-bbmp-136,Halagevader Halli Lake,Halage vaderahalli Lake,BBMP,West,Rajarajeshwari Nagara,2.89,monsoon (Jun-Sep) 2026,7,Design first,vegetation 61%; holds 26% of its extent; built 14%; nothing on record,E,C1=E(D/E) C3=D C4=E C5=B C8=B,Medium (lifted: cascade),Medium,Steady,none,,,,2.35,low,0.1556,0.6061,0.1165,0.0523,26.9,59.4,0.26,0.1383,0.019,0.86,1,5445,1,medium,,C1 candidates D/E
58,gba-bbmp-095,Konanakunte Lake,Konanakunte Lake,BBMP,South,Konanakunte,2.03,monsoon (Jun-Sep) 2026,6,Design first,vegetation 96%; holds 6% of its extent; built 30%; nothing on record; boundary or built-up question,E,C1=E(D/E) C3=E C4=E C8=B,Medium (lifted: cascade),Low,Steady,none,,,,2.35,low,0.0172,0.9629,0.0815,,,48.1,0.062,0.3011,-0.001,1,3,103,1,medium,osm_mostly_dry,C1 candidates D/E
59,gba-bbmp-092,Vasanthapura Kere / Janardhana Kere,Vasanthapura Kere / Janardhana Kere,BBMP,South,Vasanthapura,1.81,monsoon (Jun-Sep) 2026,4,Design first,no open water seen since 2017; nothing on record,E,C3=E C4=E C8=A,Medium (lifted: cascade),Unknown,Steady,none,,,,2.35,low,0.0,0.9828,0.0751,,,40.0,,1.0,0.0,0.14,2,760,2,low,no_water_observed;osm_mostly_dry,no open water observed 2017-2026: boundary and hydrology to scope
60,gba-bbmp-057,B Channasandra Lake,Channasandra,BBMP,Central,Kasturi Nagar,1.7,monsoon (Jun-Sep) 2026,6,Design first,vegetation 96%; holds 0% of its extent; built 100%; nothing on record; boundary or built-up question,E,C1=E(B/E) C3=E C4=E C8=A,Medium (lifted: cascade),Low,Steady,none,,,,2.35,low,0.0,0.9559,0.0881,,,25.6,0.0,1.0,0.0,0.29,2,989,1,low,osm_mostly_dry;assignment_unverified,C1 candidates B/E
61,gba-bbmp-018,Garudacharpalya Lake,Garudachar Palya Lake,BBMP,East,Garudachar Palya,1.68,monsoon (Jun-Sep) 2026,9,Design first,holds 32% of its extent; froth 12/yr; regulator E; nothing on record; boundary or built-up question,E,C1=D(D/E) C4=B(A/B/D) C5=B(A/B/D) C8=E G2=E,Medium (lifted: cascade),Unknown,Steady,none,,,E,2.35,low,0.2745,0.1965,0.1389,0.0943,12.1,37.5,0.316,,,12,2,679,1,medium,,C1 candidates D/E; C4 candidates A/B/D; C5 candidates A/B/D
62,gba-bbmp-084,Chikka Kammanahalli,Chikkammanahalli Lake,BBMP,South,Doddakammanahalli,1.45,monsoon (Jun-Sep) 2026,7,Design first,vegetation 100%; holds 0% of its extent; nothing on record; boundary or built-up question,E,C1=E C4=E C8=A,Medium (lifted: cascade),Unknown,Steady,none,,,,2.35,low,0.0,1.0,0.0502,,,75.8,0.0,,,0.43,2,1278,2,medium,,
63,gba-bbmp-068,Uttarahalli Lake,Uttarahalli Lake / Bangalore South,BBMP,South,Subramanyapura,4.41,monsoon (Jun-Sep) 2026,7,Design first,vegetation 57%; holds 26% of its extent; chlorophyll proxy 0.20; built 19%; regulator E; nothing on record,E,C1=E(D/E) C3=D(D/E) C4=E C5=D(B/D) C8=B G2=E,Low,Medium,Rising,none,,,E,2.3,low,0.2322,0.5715,0.105,0.2026,12.0,96.0,0.265,0.1853,-0.024,2.43,0,2276,1,medium,,C1 candidates D/E; C3 candidates D/E; C5 candidates B/D
64,gba-bbmp-082,Beratena Agrahara Lake,Beretena Agrahara (Chowdeshwari Lake),BBMP,South,Chikkathoguru,2.73,monsoon (Jun-Sep) 2026,10,Design first,vegetation 52%; holds 0% of its extent; built 100%; nothing on record; boundary or built-up question,E,C1=E C3=E C4=E(D/E) C8=C,Low,Low,Rising,none,,,,2.3,low,0.0032,0.5219,0.1245,,,38.1,0.005,1.0,0.851,3.86,0,593,1,medium,,C4 candidates D/E
65,gba-bbmp-070,Gubbalala Kere,Gubbalalu Lake,BBMP,South,Subramanyapura,2.0,monsoon (Jun-Sep) 2026,5,Design first,vegetation 93%; holds 0% of its extent; built 17%; regulator E; nothing on record,E,C1=E C3=D C4=E C8=B G2=E,Low,Medium,Rising,none,,,E,2.3,low,0.0,0.9336,0.0921,,,96.0,0.0,0.1724,0.172,0.57,1,1054,3,medium,,
66,gba-bbmp-116,Lingadeeranahalli,Lingadeeranahalli,BBMP,South,Talagattapura,1.75,monsoon (Jun-Sep) 2026,6,Design first,vegetation 98%; holds 0% of its extent; built 32%; nothing on record; boundary or built-up question,E,C1=E(A/E) C3=E C4=E C8=A,Low,Low,Rising,none,,,,2.3,low,0.0,0.9848,0.0723,,,29.2,0.0,0.3203,0.316,0.14,0,444,1,medium,osm_mostly_dry,C1 candidates A/E
67,gba-bbmp-091,Kembathahali kere,Kembathahalli Lake,BBMP,South,Anjanapura,1.73,monsoon (Jun-Sep) 2026,5,Design first,vegetation 51%; holds 4% of its extent; built 49%; regulator D; nothing on record; boundary or built-up question,E,C1=E C3=E C4=E(D/E) C8=B G2=D,Low,Low,Rising,none,,,D,2.3,low,0.0289,0.5102,0.1462,,,53.3,0.038,0.4924,0.268,1.29,0,477,1,medium,,C4 candidates D/E
68,gba-bbmp-135,Pattangere / Kenchenahalli lake (Kenchanahalli Lake),Pattangere/Kenchenahalli lake,BBMP,West,Rajarajeshwari Nagara,1.55,monsoon (Jun-Sep) 2026,7,Design first,no open water seen since 2017; nothing on record,E,C3=E C4=E C8=A,Low,Unknown,Rising,none,,,,2.3,low,0.0,0.9913,0.069,,,14.8,,0.9857,0.405,0,0,1029,2,low,no_water_observed;osm_mostly_dry,no open water observed 2017-2026: boundary and hydrology to scope
69,gba-bbmp-158,Chokkanahalli Lake,Chokkanahalli Lake,BBMP,North,Sampigehalli,0.9,monsoon (Jun-Sep) 2026,8,Design first,vegetation 35%; holds 5% of its extent; froth 37/yr; budget line on record; boundary or built-up question,E,C1=E C4=D(A/D/E) C8=E,Low,Unknown,Rising,proposed,BBMP budget 2025-26 (24 lakes; Rs 50 cr),press,,2.3,insufficient,0.0353,0.3525,0.2637,,,95.0,0.049,,,37.43,0,0,,low,osm_mostly_dry;observed_max_dominates,C4 candidates A/D/E
70,gba-bbmp-165,Mestripalya Lake,Mestripalya Lake,BBMP,South,Kormangala East,2.3,monsoon (Jun-Sep) 2026,6,Design first,vegetation 99%; holds 0% of its extent; built 69%; nothing on record; boundary or built-up question,E,C1=E C3=E C4=E C8=A,Low,Low,Steady,none,,,,2.05,low,0.0,0.9863,0.0689,,,74.2,0.0,0.6947,0.049,0.29,0,680,1,medium,osm_mostly_dry,
71,gba-bbmp-187,Chikkalasandra lake,Chikkakalasandra Lake,BBMP,South,Padmanabhanagara,2.17,monsoon (Jun-Sep) 2026,9,Design first,no open water seen since 2017; nothing on record,E,C3=E C4=E C8=A,Low,Unknown,Steady,none,,,,2.05,low,0.0,0.617,0.1269,,,11.1,,1.0,0.0,0.29,1,667,1,low,no_water_observed;osm_mostly_dry,no open water observed 2017-2026: boundary and hydrology to scope
72,gba-bbmp-134,Bheemanakatte Lake,Bheemana Katte,BBMP,West,Bangarappa Nagara,1.0,monsoon (Jun-Sep) 2026,6,Design first,vegetation 64%; holds 28% of its extent; froth 14/yr; nothing on record; boundary or built-up question,E,C1=E(B/E) C4=E C8=E,Low,Unknown,Steady,none,,,,2.05,insufficient,0.0849,0.6387,0.1887,,,59.4,0.283,,,14.43,0,0,,medium,osm_mostly_dry,C1 candidates B/E
73,gba-bbmp-106,Vishwaneedam Lake Bangalore North (Herohalli Thotadakere),Vishwaneedam Lake Bangalore North,BBMP,West,Byadarahalli,0.95,monsoon (Jun-Sep) 2026,5,Design first,vegetation 76%; holds 0% of its extent; nothing on record; boundary or built-up question,E,C1=E C4=E C8=A,Low,Unknown,Steady,none,,,,2.05,insufficient,0.0,0.7569,0.1793,,,64.3,0.0,,,0,0,0,,low,assignment_unverified,
74,gba-bbmp-024,Panathur Chikka Kere,Panathur lake,BBMP,East,Gunjur,0.94,monsoon (Jun-Sep) 2026,6,Design first,holds 17% of its extent; regulator E; nothing on record; boundary or built-up question,E,C1=E(D/E) C4=B(A/B/D) C5=C(B/C/D) C8=B G2=E,Low,Unknown,Steady,none,,,E,2.05,insufficient,0.1379,0.1885,0.1545,0.1444,81.2,89.5,0.166,,,2.29,0,0,,low,assignment_unverified,C1 candidates D/E; C4 candidates A/B/D; C5 candidates B/C/D
75,gba-bbmp-033,Junnasandra lake,Junnasandra lake,BBMP,South,Kasavanahalli,0.79,monsoon (Jun-Sep) 2026,9,Design first,holds 2% of its extent; froth 35/yr; nothing on record; boundary or built-up question,E,C1=E C4=A C8=E,Low,Unknown,Steady,none,,,,2.05,insufficient,0.0221,0.0,0.0505,,,16.7,0.022,,,34.86,0,0,,low,assignment_unverified,
76,gba-bbmp-132,Srigandakaval Lake,Srigandadkaval,BBMP,West,Srigandada Kaval,0.62,monsoon (Jun-Sep) 2026,6,Design first,vegetation 96%; holds 0% of its extent; nothing on record; boundary or built-up question,E,C1=E C4=E C8=B,Low,Unknown,Steady,none,,,,2.05,insufficient,0.0,0.9636,0.1162,,,66.7,0.0,,,0.86,0,0,,medium,osm_mostly_dry,
77,gba-bbmp-115,Jogi kere,Jogi kere / Bangalore South,BBMP,South,Talagattapura,0.58,monsoon (Jun-Sep) 2026,4,Design first,vegetation 62%; holds 10% of its extent; nothing on record; boundary or built-up question,E,C1=E(D/E) C4=E(D/E) C8=A,Low,Unknown,Steady,none,,,,2.05,insufficient,0.0433,0.6239,0.2331,,,87.1,0.1,,,0.43,0,0,,medium,,C1 candidates D/E; C4 candidates D/E
78,gba-bbmp-159,Venkateshapura Lake,Venkateshapura Lake,BBMP,North,Sampigehalli,0.46,monsoon (Jun-Sep) 2026,7,Design first,vegetation 74%; holds 0% of its extent; nothing on record; boundary or built-up question,E,C1=E C4=E C8=C,Low,Unknown,Steady,none,,,,2.05,insufficient,0.0,0.7407,0.246,,,40.0,0.0,,,5.43,0,0,,medium,osm_mostly_dry,
79,gba-bbmp-096,Kalyanikunte (Near Saibaba Temple) (Vasantapura Temple Kalyani),Kalyanikunte (Near Saibaba Temple),BBMP,South,Vasanthapura,0.44,monsoon (Jun-Sep) 2026,6,Design first,holds 12% of its extent; froth 14/yr; nothing on record; boundary or built-up question,E,C1=E(D/E) C4=C(A/C/E) C8=E,Low,Unknown,Steady,none,,,,2.05,insufficient,0.0907,0.2361,0.2399,,,82.8,0.121,,,14,0,0,,medium,,C1 candidates D/E; C4 candidates A/C/E
80,gba-bbmp-145,Shivanahalli Lake,Shivanahalli Lake,BBMP,North,Nyayanga Badavane,0.43,monsoon (Jun-Sep) 2026,7,Design first,holds 2% of its extent; froth 36/yr; nothing on record; boundary or built-up question,E,C1=E C4=A C8=E,Low,Unknown,Steady,none,,,,2.05,insufficient,0.0166,0.0,0.0506,,,20.8,0.016,,,36.43,0,0,,low,assignment_unverified,
81,gba-bbmp-079,Chikka Begur Lake,Chikka Begur Lake,BBMP,South,Vishwapriya Nagara,9.84,monsoon (Jun-Sep) 2026,7,Design first,no open water seen since 2017; budget line on record,D,C3=D C4=E C8=A,Medium,Unknown,Rising,proposed,BBMP lakes department allocation 2025-26 (Rs 75 cr) Rs 10 cr,compilation,,2.15,low,0.0,0.8125,0.0773,,,3.7,,0.1543,0.152,0.14,1,2413,3,low,no_water_observed;osm_mostly_dry,no open water observed 2017-2026: boundary and hydrology to scope
82,gba-bbmp-030,Pattandur agrahara lake-124,Pattandur agrahara lake-124,BBMP,East,S.M Krishna Ward,4.52,monsoon (Jun-Sep) 2026,8,Design first,no open water seen since 2017; nothing on record,D,C3=D(C/D) C4=E C8=A,Medium (lifted: cascade),Unknown,Rising,none,,,,2.15,low,0.0,0.9183,0.0801,,,14.3,,0.1022,0.101,0,2,885,1,low,no_water_observed;osm_mostly_dry,C3 candidates C/D; no open water observed 2017-2026: boundary and hydrology to scope
83,gba-bbmp-126,Kodigehalli lake,Kodigehalli lake / Bangalore North,BBMP,,,3.26,monsoon (Jun-Sep) 2026,7,Design first,vegetation 38%; holds 49% of its extent; built 18%; nothing on record,D,C1=D(C/D/E) C3=D(D/E) C4=D(C/D/E) C5=C(B/C/D) C8=A,Medium (lifted: cascade),Medium,Rising,none,,,,2.15,low,0.2511,0.3776,0.1126,0.1825,50.0,13.3,0.49,0.1836,0.169,0.14,3,2488,2,medium,,C1 candidates C/D/E; C3 candidates D/E; C4 candidates C/D/E; C5 candidates B/C/D
84,gba-bbmp-019,Garudachar Palya (Goshala) Lake (Goshala Lake),Garudachar Palya (Goshala) Lake,BBMP,East,Garudachar Palya,2.68,monsoon (Jun-Sep) 2026,8,Design first,holds 34% of its extent; chlorophyll proxy 0.29; froth 23/yr; regulator D; nothing on record; boundary or built-up question,D,C1=D(D/E) C4=B(A/B/C) C5=D(C/D/E) C8=E G2=D,Medium (lifted: cascade),Unknown,Steady,none,,,D,1.9,low,0.3117,0.1173,0.1108,0.2914,68.8,50.0,0.335,,,23.14,2,1,1,low,observed_max_dominates,C1 candidates D/E; C4 candidates A/B/C; C5 candidates C/D/E
85,gba-bbmp-111,Manganahalli Lake,Mangammanahalli lake,BBMP,,,1.14,monsoon (Jun-Sep) 2026,5,Design first,vegetation 54%; holds 31% of its extent; nothing on record; boundary or built-up question,D,C1=D(C/D/E) C4=E(D/E) C8=A,Medium (lifted: cascade),Unknown,Steady,none,,,,1.9,insufficient,0.184,0.5368,0.1747,,,36.8,0.313,,,0.14,4,1009,1,medium,,C1 candidates C/D/E; C4 candidates D/E
86,gba-bbmp-171,Mallasandra Lake,Mallasandra gudde Lake,BBMP,North,Mallasandra,4.42,monsoon (Jun-Sep) 2026,6,Design first,no open water seen since 2017; nothing on record,D,C3=D(D/E) C4=E C8=A,Low,Unknown,Steady,none,,,,1.6,low,0.0001,0.9987,0.054,,,43.6,,0.1945,0.018,0,1,1291,1,low,no_water_observed;osm_mostly_dry,C3 candidates D/E; no open water observed 2017-2026: boundary and hydrology to scope
87,gba-bbmp-169,Bagalagunte Lake,Bagalagunte Lake,BBMP,North,Bagalagunte,2.99,monsoon (Jun-Sep) 2026,8,Design first,vegetation 52%; holds 42% of its extent; built 18%; nothing on record,D,C1=D(C/D/E) C3=D(D/E) C4=E C5=C(B/C) C8=B,Low,Medium,Steady,none,,,,1.6,low,0.2344,0.5188,0.1168,0.1215,58.3,30.6,0.42,0.1816,-0.554,0.57,0,3324,2,medium,,C1 candidates C/D/E; C3 candidates D/E; C5 candidates B/C
88,gba-bbmp-032,Gunjuru Lake,Gunjur mouji kere,BBMP,East,Gunjur,20.64,monsoon (Jun-Sep) 2026,10,Design first,vegetation 35%; holds 2% of its extent; works on record,C,C1=E(B/E) C3=C(B/C) C4=D(C/D/E) C5=B(B/C) C8=B,High,High,Rising,works underway,works approaching completion by Nov 2025 (7 lakes; 240 acres),compilation,,2.0,low,0.0013,0.3487,0.0722,0.0854,64.3,11.8,0.017,0.0689,0.068,1.57,0,1296,4,medium,osm_mostly_dry,C1 candidates B/E; C3 candidates B/C; C4 candidates C/D/E; C5 candidates B/C; single severe input C1: little or no water in the reading window; storage and inflow to scope
89,gba-bbmp-167,Nelagadiranahalli Hosakere,Nelagedaranahalli Lake,BBMP,West,Shivapura,5.86,monsoon (Jun-Sep) 2026,6,Design first,holds 5% of its extent; budget line on record,C,C1=E C3=C(B/C) C4=C(B/C/D) C8=B,High (lifted: cascade),High,Steady,proposed,BBMP budget 2025-26 (24 lakes; Rs 50 cr),press,,1.75,medium,0.0394,0.2279,0.0893,,,27.6,0.051,0.0684,0.0,0.57,2,1261,1,medium,,C3 candidates B/C; C4 candidates B/C/D; single severe input C1: little or no water in the reading window; storage and inflow to scope
90,gba-bbmp-138,Chikkabettahalli Lake,Chikka Bettahalli Lake,BBMP,North,Attur,2.02,monsoon (Jun-Sep) 2026,6,Design first,holds 0% of its extent; nothing on record,C,C1=E C3=B(A/B) C4=C(B/C/E) C8=C,Medium (lifted: cascade),High,Rising,none,,,,1.7,low,0.0042,0.2935,0.1305,,,94.3,0.005,0.0114,-0.989,3.29,4,437,1,medium,,C3 candidates A/B; C4 candidates B/C/E; single severe input C1: little or no water in the reading window; storage and inflow to scope
91,gba-bbmp-200,Vaderahalli,Vaderahalli,BBMP,,,2.43,monsoon (Jun-Sep) 2026,6,Design first,holds 28% of its extent; built 11%; nothing on record,C,C1=E(D/E) C3=D(C/D) C4=C(B/C/D) C5=C(C/D) C8=C,Medium (lifted: cascade),Medium,Steady,none,,,,1.45,low,0.1602,0.2262,0.1131,0.1907,67.9,39.5,0.28,0.1073,-0.266,5.43,2,782,1,medium,,C1 candidates D/E; C3 candidates C/D; C4 candidates B/C/D; C5 candidates C/D; single severe input C1: little or no water in the reading window; storage and inflow to scope
92,gba-bbmp-085,Swarnakunte Gudda Kere (Chandrasekhar Layout Lake),Swarnakunte Gudda Kere,BBMP,South,Yelenahalli,1.55,pre-monsoon (Mar-May) 2026,19,Design first,vegetation 38%; holds 3% of its extent; nothing on record,C,C1=E C3=A(A/B) C4=D(C/D/E) C5=C(B/C/D) C8=B,Low,Medium,Steady,none,,,,1.15,low,0.0129,0.3817,0.1472,0.1447,33.3,19.6,0.026,0.0,-0.1,0.71,1,170,1,low,assignment_unverified,C3 candidates A/B; C4 candidates C/D/E; C5 candidates B/C/D; single severe input C1: little or no water in the reading window; storage and inflow to scope
93,gba-bbmp-047,Bande Mahadevapura kere,Mahadevapura Lake-2,BBMP,East,Mahadevapura,1.63,monsoon (Jun-Sep) 2026,8,Design first,holds 27% of its extent; froth 7/yr; nothing on record; boundary or built-up question,C,C1=E(D/E) C4=B(A/B/C) C5=C(B/C) C8=D,Low,Unknown,Steady,none,,,,1.15,insufficient,0.2591,0.125,0.1354,0.127,50.0,70.0,0.272,,,6.71,0,0,,low,observed_max_dominates;assignment_unverified,C1 candidates D/E; C4 candidates A/B/C; C5 candidates B/C; single severe input C1: little or no water in the reading window; storage and inflow to scope
94,gba-bbmp-021,Sadaramangala Lake,Sadaramangala Lake,BBMP,East,Belathur,0.1,monsoon (Jun-Sep) 2026,12,Design first,no open water seen since 2017; nothing on record,C,C8=A G2=E,Low,Unknown,Unknown,none,,,E,1.15,insufficient,,,,,,,,,,0,0,0,,low,no_water_observed;osm_mostly_dry,no open water observed 2017-2026: boundary and hydrology to scope
95,gba-bbmp-123,Mylasandra (Sunnakallu palya) lake,Mylasandra (Sunnakallu palya) lake,BBMP,West,Kengal Hanumanthaiah West,0.73,monsoon (Jun-Sep) 2026,5,Design first,no open water seen since 2017; nothing on record,C,C4=E(A/E) C8=A,Low,Unknown,Easing,none,,,,0.9,insufficient,0.0,0.6209,0.5352,,,3.0,,,,0,0,0,,low,no_water_observed;osm_mostly_dry,C4 candidates A/E; no open water observed 2017-2026: boundary and hydrology to scope
96,gba-bbmp-144,Srinivasapura Lake,Srinivasapura Lake,BBMP,North,Kogilu,0.33,monsoon (Jun-Sep) 2026,5,Design first,no open water seen since 2017; nothing on record,C,C4=A(A/B) C8=E,Low,Unknown,Easing,none,,,,0.9,insufficient,0.0178,0.0143,0.134,,,5.7,,,,10.29,0,0,,low,no_water_observed;osm_mostly_dry,C4 candidates A/B; no open water observed 2017-2026: boundary and hydrology to scope
97,gba-forest-003,Hebbal Lake,Hebbala Lake,Forest Department,North,Rajiv Gandhi Nagar,46.6,monsoon (Jun-Sep) 2026,5,Design first,holds 2% of its extent; budget line on record,B,C1=E C3=A(A/B) C4=B(B/C) C5=C(B/C) C8=A,High,High,Steady,proposed,NDMF grant 2025 (7 lakes; Rs 65 cr),compilation,,1.3,low,0.0175,0.181,0.062,0.1265,28.6,25.0,0.021,0.0,0.0,0.43,1,26177,1,medium,,C3 candidates A/B; C4 candidates B/C; C5 candidates B/C; single severe input C1: little or no water in the reading window; storage and inflow to scope
98,gba-bbmp-028,Chikka Bellanduru Lake,Chikkabellandur Lake,BBMP,East,Gunjur,20.11,monsoon (Jun-Sep) 2026,8,Design first,holds 0% of its extent; budget line on record,B,C1=E C3=B(A/B) C4=B(A/B) C8=A,High,High,Easing,proposed,NDMF grant 2025 (7 lakes; Rs 65 cr),compilation,,1.05,medium,0.0,0.12,0.0653,,,0.0,0.0,0.0299,-0.016,0,2,4213,3,medium,,C3 candidates A/B; C4 candidates A/B; single severe input C1: little or no water in the reading window; storage and inflow to scope
99,gba-forest-004,Nagawara Lake,Nagavara Lake,Forest Department,North,Kempapura,30.27,monsoon (Jun-Sep) 2026,7,Design first,holds 18% of its extent; budget line on record,B,C1=E C3=A(A/B) C4=B(A/B/C) C5=B C8=A,High,High,Easing,proposed,NDMF grant 2025 (7 lakes; Rs 65 cr),compilation,,1.05,low,0.1254,0.1635,0.0643,0.0658,0.0,6.9,0.182,0.0087,0.001,0.29,0,27369,2,medium,,C3 candidates A/B; C4 candidates A/B/C; single severe input C1: little or no water in the reading window; storage and inflow to scope
100,gba-bbmp-058,B. Channasandra,B. Channasandra,BBMP,East,Dooravaninagar,2.9,monsoon (Jun-Sep) 2026,8,Design first,no open water seen since 2017; nothing on record,B,C3=B(A/B) C4=E C8=A,Low,Unknown,Easing,none,,,,0.45,low,0.0,0.9479,0.0817,,,2.9,,0.0212,0.021,0,1,3872,2,low,no_water_observed;osm_mostly_dry,C3 candidates A/B; no open water observed 2017-2026: boundary and hydrology to scope
101,gba-bbmp-198,Ramagondanahalli Lake,Ramagondahalli,BBMP,,,11.3,monsoon (Jun-Sep) 2026,6,Design first,holds 23% of its extent; nothing on record,A,C1=E(D/E) C3=A(A/B) C4=A C5=B C8=A,High (lifted: cascade),High,Easing,none,,,,0.6,low,0.1872,0.0163,0.058,0.0507,6.2,0.0,0.233,0.0002,0.0,0,3,670,2,medium,,C1 candidates D/E; C3 candidates A/B; single severe input C1: little or no water in the reading window; storage and inflow to scope
102,gba-bbmp-016,Kundalahalli Lake,Kundalahalli Lake,BBMP,East,Kundalahalli,11.41,monsoon (Jun-Sep) 2026,8,Watch / verify,"chlorophyll proxy 0.36 alone, not a verdict",C,C1=C(C/D) C3=A(A/B) C4=B(B/C) C5=D(D/E) C8=E G2=D,High (lifted: cascade),High,Rising,none,,,D,2.0,low,0.4772,0.1918,0.0787,0.3611,94.4,71.1,0.51,0.0017,0.0,26,3,612,1,medium,,"C1 candidates C/D; C3 candidates A/B; C4 candidates B/C; C5 candidates D/E; single severe input C8: flagged for a closer read, not a verdict"
103,gba-bbmp-026,Nallurahalli Lake,Nalluralli tank,BBMP,East,S.M Krishna Ward,9.43,monsoon (Jun-Sep) 2026,9,Watch / verify,"vegetation 52% alone, not a verdict",C,C1=D(C/D) C3=B(A/B) C4=E C5=C(B/C/D) C8=B G2=D,High (lifted: cascade),High,Rising,none,,,D,2.0,low,0.3661,0.525,0.0859,0.1415,67.9,93.9,0.421,0.0209,0.021,0.86,2,1191,2,medium,,"C1 candidates C/D; C3 candidates A/B; C5 candidates B/C/D; single severe input C4: flagged for a closer read, not a verdict"
104,gba-bbmp-071,Dore Kere,Dorekere,BBMP,South,Uttarahalli,9.1,monsoon (Jun-Sep) 2026,6,Watch / verify,"vegetation 48% alone, not a verdict",C,C1=C(C/D) C3=C(B/C) C4=E(D/E) C5=D(B/D/E) C8=B G2=D,High (lifted: cascade),High,Rising,proposed,BBMP budget 2025-26 (24 lakes; Rs 50 cr),press,D,2.0,low,0.4525,0.4813,0.086,0.2344,22.7,86.4,0.515,0.0685,0.052,0.57,0,16812,3,medium,,"C1 candidates C/D; C3 candidates B/C; C4 candidates D/E; C5 candidates B/D/E; single severe input C4: flagged for a closer read, not a verdict"
105,gba-forest-001,Madiwala Lake,Madivala Lake,Forest Department,South,Bilekahalli,91.01,monsoon (Jun-Sep) 2026,4,Watch / verify,"vegetation 55% alone, not a verdict",C,C1=D(D/E) C3=A(A/B) C4=E C5=C(B/C) C8=B G2=D,High,High,Steady,none,,,D,1.75,low,0.2854,0.5533,0.0619,0.1043,21.4,89.7,0.335,0.0059,0.0,0.71,0,35961,4,medium,,"C1 candidates D/E; C3 candidates A/B; C5 candidates B/C; single severe input C4: flagged for a closer read, not a verdict"
106,gba-bbmp-075,Begur Lake,Begur Lake,BBMP,South,Beguru,43.32,pre-monsoon (Mar-May) 2026,17,Watch / verify,"vegetation 42% alone, not a verdict",C,C1=C(B/C) C3=A(A/B) C4=E(D/E) C5=D(C/D) C8=B G2=D,High,High,Steady,none,,,D,1.75,low,0.5273,0.4194,0.0657,0.2591,61.4,41.5,0.677,0.0003,-0.013,1,0,5127,4,medium,,"C1 candidates B/C; C3 candidates A/B; C4 candidates D/E; C5 candidates C/D; single severe input C4: flagged for a closer read, not a verdict"
107,gba-bbmp-130,Bheemanakuppa Lake,Bhimana kuppe,BBMP,,,39.83,monsoon (Jun-Sep) 2026,7,Watch / verify,steady; monitor,C,C1=C C3=A(A/B) C4=C(B/C) C5=C(B/C) C8=A,High,High,Steady,none,,,,1.75,low,0.579,0.2237,0.0641,0.1009,87.0,66.7,0.615,0.0019,-0.006,0.29,0,2167,7,medium,,C3 candidates A/B; C4 candidates B/C; C5 candidates B/C
108,gba-bda-005,Chikkabanavara lake,Chikkabanavara lake,BDA,,,33.87,monsoon (Jun-Sep) 2026,6,Watch / verify,steady; monitor,C,C1=C(C/D) C3=A(A/B) C4=D(D/E) C5=C C8=A G2=D,High,High,Steady,none,,,D,1.75,low,0.5352,0.3723,0.0675,0.1562,29.2,88.5,0.56,0.005,0.005,0.14,0,12535,6,medium,,C1 candidates C/D; C3 candidates A/B; C4 candidates D/E
109,gba-bbmp-143,Allalasandra lake,Allalasandra lake,BBMP,North,Nyayanga Badavane,15.98,monsoon (Jun-Sep) 2026,6,Watch / verify,"chlorophyll proxy 0.21 alone, not a verdict",C,C1=C C3=A(A/B) C4=B(A/B/C) C5=D(B/D) C8=B G2=E,High (lifted: cascade),High,Steady,none,,,E,1.75,low,0.59,0.1697,0.0708,0.2083,15.8,23.7,0.609,0.0082,0.008,0.86,2,5245,1,medium,,"C3 candidates A/B; C4 candidates A/B/C; C5 candidates B/D; single severe input G2: flagged for a closer read, not a verdict"
110,gba-bbmp-107,Mallathahalli lake,Mallathahalli lake,BBMP,West,Ullal,13.86,monsoon (Jun-Sep) 2026,4,Watch / verify,"vegetation 66% alone, not a verdict",C,C1=D(D/E) C3=B(A/B) C4=E C5=C(B/C) C8=B G2=D,High (lifted: cascade),High,Steady,none,,,D,1.75,low,0.2604,0.6604,0.077,0.1022,36.4,46.7,0.339,0.0154,0.015,0.71,1,9312,1,medium,,"C1 candidates D/E; C3 candidates A/B; C5 candidates B/C; single severe input C4: flagged for a closer read, not a verdict"
111,gba-bbmp-101,Kudlu Anekal & Doddakere (Hosakere),Kudlu Anekal & Doddakere / Anekal Taluk,BBMP,South,Kudlu,13.22,monsoon (Jun-Sep) 2026,9,Watch / verify,steady; monitor,C,C1=B(A/B) C3=A(A/B) C4=C(B/C) C5=C(B/C/D) C8=A G2=D,High (lifted: cascade),Medium,Steady,none,,,D,1.75,low,0.7015,0.2111,0.0746,0.1998,14.3,58.6,0.806,0.0,0.0,0.43,6,1211,2,low,assignment_unverified,C1 candidates A/B; C3 candidates A/B; C4 candidates B/C; C5 candidates B/C/D
112,gba-bbmp-105,Herohalli Lake Bangalore North,Herohalli Lake Bangalore North,BBMP,West,Herohalli,10.29,monsoon (Jun-Sep) 2026,4,Watch / verify,steady; monitor,C,C1=B(B/C) C3=B(A/B) C4=C(C/D) C5=D(D/E) C8=A G2=D,High (lifted: cascade),High,Steady,none,,,D,1.75,low,0.664,0.2955,0.0808,0.347,59.3,71.4,0.709,0.0222,-0.005,0.29,4,6212,1,medium,,C1 candidates B/C; C3 candidates A/B; C4 candidates C/D; C5 candidates D/E
113,gba-bbmp-009,Haraluru kere,Haraluru kere,BBMP,South,Kasavanahalli,8.56,monsoon (Jun-Sep) 2026,7,Watch / verify,steady; monitor,C,C1=B(B/C) C3=A(A/B) C4=C(C/D) C5=C(C/D) C8=A G2=D,High (lifted: cascade),High,Steady,none,,,D,1.75,low,0.6808,0.291,0.0848,0.1709,30.8,71.4,0.709,0.0,0.0,0.43,5,2826,3,medium,,C1 candidates B/C; C3 candidates A/B; C4 candidates C/D; C5 candidates C/D
114,gba-bbmp-012,Doddakannelli Lake,Doddakanahalli kere,BBMP,East,Gunjur,8.04,monsoon (Jun-Sep) 2026,7,Watch / verify,steady; monitor,C,C1=C C3=A(A/B) C4=B(A/B) C5=D(C/D) C8=C G2=D,High (lifted: cascade),High,Steady,none,,,D,1.75,low,0.5755,0.1039,0.0744,0.2787,67.6,35.3,0.593,0.0,-0.013,2.71,2,2183,2,medium,,C3 candidates A/B; C4 candidates A/B; C5 candidates C/D
115,gba-bbmp-147,Amruthalli Lake,Amruthahalli Lake,BBMP,North,Amruthahalli,7.74,monsoon (Jun-Sep) 2026,7,Watch / verify,"vegetation 40% alone, not a verdict",C,C1=C(C/D) C3=B(B/C) C4=D(D/E) C5=C(B/C/D) C8=B G2=E,High (lifted: cascade),High,Steady,none,,,E,1.75,low,0.303,0.3957,0.0894,0.1768,91.7,12.5,0.54,0.0487,0.02,0.57,1,5437,1,medium,,"C1 candidates C/D; C3 candidates B/C; C4 candidates D/E; C5 candidates B/C/D; single severe input G2: flagged for a closer read, not a verdict"
116,gba-bbmp-160,Kempambudhi Lake,Kempambudhi Lake,BBMP,West,Kempambudhi Ward,7.69,monsoon (Jun-Sep) 2026,6,Watch / verify,steady; monitor,C,C1=B(A/B/C) C3=B(A/B) C4=C(B/C/D) C5=D(D/E) C8=A G2=D,High (lifted: cascade),High,Steady,none,,,D,1.75,low,0.7115,0.2679,0.0855,0.3644,63.6,27.3,0.791,0.0256,0.017,0.43,0,8851,2,medium,,C1 candidates A/B/C; C3 candidates A/B; C4 candidates B/C/D; C5 candidates D/E
117,gba-bbmp-050,Kowdenahalli lake,Kowdenahalli lake,BBMP,East,Ramamurthy Nagara,5.9,monsoon (Jun-Sep) 2026,7,Watch / verify,"vegetation 32% alone, not a verdict",C,C1=C(B/C) C3=A(A/B) C4=D(C/D/E) C5=D(C/D) C8=A G2=E,High (lifted: cascade),High,Steady,none,,,E,1.75,low,0.5917,0.3239,0.0938,0.2394,50.0,32.4,0.679,0.0,0.0,0.29,2,4204,2,medium,,"C1 candidates B/C; C3 candidates A/B; C4 candidates C/D/E; C5 candidates C/D; single severe input G2: flagged for a closer read, not a verdict"
118,gba-bbmp-127,Kenchanapura Govt. Lake,Kenchanpura lake,BBMP,,,5.05,monsoon (Jun-Sep) 2026,6,Watch / verify,"vegetation 41% alone, not a verdict",C,C1=D(C/D/E) C3=A(A/B) C4=E(D/E) C5=C(B/C/D) C8=A,High (lifted: cascade),High,Steady,proposed,BBMP budget 2025-26 (24 lakes; Rs 50 cr),press,,1.75,low,0.2872,0.4092,0.0994,0.1873,76.0,56.2,0.425,0.0,-0.009,0.29,2,507,1,medium,,"C1 candidates C/D/E; C3 candidates A/B; C4 candidates D/E; C5 candidates B/C/D; single severe input C4: flagged for a closer read, not a verdict"
119,gba-bbmp-045,Horamavu Lake,Horamavu Lake,BBMP,East,Hoysala Nagara East,5.04,monsoon (Jun-Sep) 2026,11,Watch / verify,steady; monitor,C,C1=D(C/D) C3=A(A/B) C4=B(A/B/C) C5=C(B/C) C8=C,High (lifted: cascade),High,Steady,none,,,,1.75,low,0.3438,0.1872,0.0904,0.1147,35.7,42.4,0.445,0.0071,0.007,4.43,3,3294,1,medium,,C1 candidates C/D; C3 candidates A/B; C4 candidates A/B/C; C5 candidates B/C
120,gba-bda-004,Kommagatta Lake,Kommaghatta Lake,BDA,,,11.63,monsoon (Jun-Sep) 2026,8,Watch / verify,steady; monitor,C,C1=D(C/D) C3=A(A/B) C4=D(C/D/E) C5=C(B/C/D) C8=A,Medium,High,Steady,none,,,,1.45,low,0.4274,0.377,0.0807,0.1311,6.7,83.9,0.476,0.0023,0.002,0,0,3223,3,medium,,C1 candidates C/D; C3 candidates A/B; C4 candidates C/D/E; C5 candidates B/C/D
121,gba-bbmp-041,K R Puram (BEML) / Benniganahalli Lake (Benniganahalli Lake),K R Puram (BEML)/ Benniganahalli Lake,BBMP,East,K.S. Nissar Ahmed Ward,8.03,monsoon (Jun-Sep) 2026,8,Watch / verify,"holds 46% of its extent alone, not a verdict",C,C1=D(C/D) C3=B(A/B) C4=B(A/B/C) C5=D(C/D) C8=C G2=E,Medium,High,Steady,none,,,E,1.45,low,0.4347,0.1721,0.0825,0.2353,71.9,77.1,0.456,0.0249,-0.094,3.29,1,407,1,medium,,"C1 candidates C/D; C3 candidates A/B; C4 candidates A/B/C; C5 candidates C/D; single severe input G2: flagged for a closer read, not a verdict"
122,gba-bbmp-114,H Gollahalli kere (Hemmigepura Kere),H Gollahalli kere/ Bangalore South,BBMP,,,5.73,monsoon (Jun-Sep) 2026,6,Watch / verify,steady; monitor,C,C1=C(B/C/D) C3=A(A/B) C4=D(C/D/E) C5=C(B/C/D) C8=B,Medium,High,Steady,none,,,,1.45,low,0.49,0.3299,0.095,0.1596,87.0,75.9,0.609,0.0,0.0,0.57,0,346,3,medium,,C1 candidates B/C/D; C3 candidates A/B; C4 candidates C/D/E; C5 candidates B/C/D
123,gba-bbmp-150,Narsipura Lake,Narasipura Lake 20,BBMP,North,Vidyaranyapura,5.47,monsoon (Jun-Sep) 2026,9,Watch / verify,steady; monitor,C,C1=C(B/C/D) C3=A(A/B) C4=A(A/B) C5=C(B/C) C8=D G2=D,Medium,High,Steady,none,,,D,1.45,low,0.5691,0.0448,0.0736,0.1063,35.7,3.3,0.598,0.0,-0.103,5.57,1,1308,2,medium,,C1 candidates B/C/D; C3 candidates A/B; C4 candidates A/B; C5 candidates B/C
124,gba-bbmp-087,Kothanuru Lake (Krishna Nagara Lake),Kothanuru Lake,BBMP,South,Harinagar,4.59,monsoon (Jun-Sep) 2026,6,Watch / verify,steady; monitor,C,C1=D(C/D) C3=A(A/B) C4=B(A/B) C5=C(B/C) C8=B G2=D,Medium (lifted: cascade),Medium,Steady,none,,,D,1.45,low,0.3473,0.1134,0.0842,0.1292,53.6,41.4,0.426,0.0,0.0,0.86,3,1714,1,low,assignment_unverified,C1 candidates C/D; C3 candidates A/B; C4 candidates A/B; C5 candidates B/C
125,gba-bbmp-109,Dubasi Palya Kere,Dubasipalya lake (Valagerehalli),BBMP,West,Shivanapalya,4.19,monsoon (Jun-Sep) 2026,7,Watch / verify,"vegetation 54% alone, not a verdict",C,C1=D(C/D/E) C3=B(B/C) C4=E C5=C(B/C) C8=A,Medium (lifted: cascade),High,Steady,proposed,BBMP budget 2025-26 (24 lakes; Rs 50 cr),press,,1.45,low,0.3058,0.5439,0.1057,0.1325,,33.3,0.381,0.0405,0.022,0.43,2,231,1,medium,,"C1 candidates C/D/E; C3 candidates B/C; C5 candidates B/C; single severe input C4: flagged for a closer read, not a verdict"
126,gba-bbmp-027,Seetharampalya Lake,SitaramPalya lake,BBMP,East,Bharath Aikya Ward,4.06,monsoon (Jun-Sep) 2026,9,Watch / verify,"vegetation 38% alone, not a verdict",C,C1=C(B/C/D) C3=A(A/B) C4=D(C/D/E) C5=D(D/E) C8=A G2=E,Medium (lifted: cascade),High,Steady,none,,,E,1.45,low,0.4858,0.3825,0.1047,0.3855,80.0,33.3,0.632,0.0,0.0,0.29,4,259,1,medium,,"C1 candidates B/C/D; C3 candidates A/B; C4 candidates C/D/E; C5 candidates D/E; single severe input G2: flagged for a closer read, not a verdict"
127,gba-bbmp-103,Andrahalli Lake,Handrahalli kere Bangalore North,BBMP,West,Andrahalli,3.7,monsoon (Jun-Sep) 2026,5,Watch / verify,"holds 50% of its extent alone, not a verdict",C,C1=D(C/D) C3=B(A/B) C4=C(B/C/D) C5=B(B/C) C8=A G2=E,Medium (lifted: cascade),High,Steady,none,,,E,1.45,low,0.4618,0.2368,0.0998,0.0806,14.3,34.4,0.498,0.01,0.0,0.43,1,6391,1,medium,,"C1 candidates C/D; C3 candidates A/B; C4 candidates B/C/D; C5 candidates B/C; single severe input G2: flagged for a closer read, not a verdict"
128,gba-bbmp-083,Subedharana Lake,Subedarana Kere,BBMP,South,Yelenahalli,3.64,monsoon (Jun-Sep) 2026,6,Watch / verify,"vegetation 47% alone, not a verdict",C,C1=D(C/D) C3=A(A/B) C4=E(D/E) C5=C(B/C/D) C8=A,Medium (lifted: cascade),High,Steady,none,,,,1.45,low,0.3985,0.4731,0.111,0.1601,16.0,66.7,0.468,0.0,0.0,0.43,2,276,1,medium,,"C1 candidates C/D; C3 candidates A/B; C4 candidates D/E; C5 candidates B/C/D; single severe input C4: flagged for a closer read, not a verdict"
129,gba-bbmp-062,Puttenhalli Lake,Puttenahalli Lake (Next to Brigade Millenium),BBMP,South,Puttenahalli,3.48,monsoon (Jun-Sep) 2026,10,Watch / verify,steady; monitor,C,C1=D(D/E) C3=A(A/B) C4=D(C/D/E) C5=C(B/C) C8=A G2=D,Medium (lifted: cascade),High,Steady,none,,,D,1.45,low,0.2659,0.3583,0.1095,0.1118,10.0,41.7,0.355,0.0029,-0.004,0.29,3,1503,1,medium,,C1 candidates D/E; C3 candidates A/B; C4 candidates C/D/E; C5 candidates B/C
130,gba-bbmp-102,Kudlu Chikka Kere (Haraluru Lake),Kudlu Chikka Kere / and Bengaluru South Taluk Anekal Taluk,BBMP,South,Kudlu,3.32,monsoon (Jun-Sep) 2026,7,Watch / verify,steady; monitor,C,C1=B(A/B) C3=A(A/B) C4=C(B/C/D) C5=C(B/C/D) C8=B G2=D,Medium (lifted: cascade),Medium,Steady,none,,,D,1.45,low,0.7261,0.2251,0.1039,0.1676,20.0,18.2,0.831,0.0,-0.252,0.57,6,1181,1,low,assignment_unverified,C1 candidates A/B; C3 candidates A/B; C4 candidates B/C/D; C5 candidates B/C/D
131,gba-bbmp-077,Basapura Lake-2,Basapura Lake-2 / Bangalore South,BBMP,South,Chikkathoguru,2.7,monsoon (Jun-Sep) 2026,6,Watch / verify,steady; monitor,C,C1=C(B/C/D) C3=A(A/B) C4=C(B/C/D) C5=D(C/D) C8=B G2=D,Medium (lifted: cascade),High,Steady,none,,,D,1.45,low,0.4884,0.2503,0.1132,0.2213,90.3,55.9,0.559,0.0,0.0,1.71,3,916,2,medium,,C1 candidates B/C/D; C3 candidates A/B; C4 candidates B/C/D; C5 candidates C/D
132,gba-bbmp-099,Singasandra Lake South Bangalore South,Singasandra Lake South Bangalore South,BBMP,South,Bandepalya,2.57,monsoon (Jun-Sep) 2026,9,Watch / verify,"holds 42% of its extent alone, not a verdict",C,C1=D(C/D/E) C3=A(A/B) C4=C(B/C/E) C5=C(B/C/D) C8=E G2=D,Medium (lifted: cascade),High,Steady,none,,,D,1.45,low,0.3775,0.2879,0.1216,0.1421,18.5,31.2,0.415,0.0,0.0,11.71,2,1360,1,medium,,"C1 candidates C/D/E; C3 candidates A/B; C4 candidates B/C/E; C5 candidates B/C/D; single severe input C8: flagged for a closer read, not a verdict"
133,gba-bbmp-076,Basapura Lake-1,Basapura Lake-1,BBMP,South,Chikkathoguru,2.29,monsoon (Jun-Sep) 2026,6,Watch / verify,"chlorophyll proxy 0.45 alone, not a verdict",C,C1=B(A/B/C) C3=A(A/B) C4=C(B/C/E) C5=E(D/E) C8=A G2=D,Medium (lifted: cascade),High,Steady,none,,,D,1.45,low,0.7006,0.2973,0.1223,0.4502,60.0,27.3,0.823,0.0,-0.432,0,5,269,1,medium,,"C1 candidates A/B/C; C3 candidates A/B; C4 candidates B/C/E; C5 candidates D/E; single severe input C5: flagged for a closer read, not a verdict"
134,gba-bda-003,Ramasandra Lake,Ramasandra Lake,BDA,,,2.02,monsoon (Jun-Sep) 2026,6,Watch / verify,steady; monitor,C,C1=D(C/D/E) C3=A(A/B) C4=C(B/C/E) C5=D(B/D) C8=A,Medium (lifted: cascade),Medium,Steady,none,,,,1.45,low,0.2082,0.2777,0.1246,0.2051,68.8,30.0,0.334,0.0,0.0,0.29,3,1572,2,low,assignment_unverified,C1 candidates C/D/E; C3 candidates A/B; C4 candidates B/C/E; C5 candidates B/D
135,gba-bbmp-173,Lakshmipura Lake,Lakshmipura Lake,BBMP,North,Abbigere,1.89,monsoon (Jun-Sep) 2026,5,Watch / verify,steady; monitor,C,C1=C(B/C/D) C3=A(A/B) C4=C(B/C/D) C5=D(C/D) C8=A,Medium (lifted: cascade),High,Steady,none,,,,1.45,low,0.3206,0.2655,0.1306,0.2761,90.0,34.4,0.551,0.0,-0.055,0.29,2,105,2,medium,,C1 candidates B/C/D; C3 candidates A/B; C4 candidates B/C/D; C5 candidates C/D
136,gba-bbmp-051,Vijinapura Lake,Vijanapura Lake,BBMP,East,Kotthur,1.72,monsoon (Jun-Sep) 2026,8,Watch / verify,"vegetation 36% alone, not a verdict",C,C1=C(A/C) C3=A(A/B) C4=D(C/D/E) C5=D(B/D/E) C8=A G2=E,Medium (lifted: cascade),High,Steady,none,,,E,1.45,low,0.5627,0.363,0.1393,0.2494,66.7,45.9,0.691,0.0005,0.001,0.43,3,7173,1,medium,,"C1 candidates A/C; C3 candidates A/B; C4 candidates C/D/E; C5 candidates B/D/E; single severe input G2: flagged for a closer read, not a verdict"
137,gba-bbmp-074,Kalena Agrahara Lake,Kalena Agrahara Lake,BBMP,South,Yelenahalli,1.71,monsoon (Jun-Sep) 2026,6,Watch / verify,steady; monitor,C,C1=D(C/D) C3=A(A/B) C4=B(A/B/C) C5=C(B/C) C8=C G2=D,Medium (lifted: cascade),High,Steady,none,,,D,1.45,low,0.4068,0.1356,0.1185,0.1086,58.8,41.2,0.49,0.0,-0.276,3.43,2,655,2,medium,,C1 candidates C/D; C3 candidates A/B; C4 candidates A/B/C; C5 candidates B/C
138,gba-bbmp-048,B. Narayanapura Lake,B. Narayanapura Lake,BBMP,East,A Narayanapura,1.25,monsoon (Jun-Sep) 2026,8,Watch / verify,"vegetation 47% alone, not a verdict",C,C1=C(A/C/D) C4=E(D/E) C5=C(C/D) C8=B G2=D,Medium (lifted: cascade),Unknown,Steady,none,,,D,1.45,insufficient,0.4049,0.4691,0.1676,0.1956,76.2,42.1,0.603,,,0.57,2,569,1,medium,,"C1 candidates A/C/D; C4 candidates D/E; C5 candidates C/D; single severe input C4: flagged for a closer read, not a verdict"
139,gba-bbmp-015,Sheelavathana Kere,Shilavanthana kere,BBMP,East,Whitefield,4.59,monsoon (Jun-Sep) 2026,10,Watch / verify,"chlorophyll proxy 0.21 alone, not a verdict",C,C1=C(B/C) C3=A(A/B) C4=C(B/C/D) C5=D(B/D) C8=A G2=E,Low,High,Steady,none,,,E,1.15,low,0.5916,0.2064,0.0942,0.2137,42.4,40.0,0.687,0.0,0.0,0.43,1,3109,3,medium,,"C1 candidates B/C; C3 candidates A/B; C4 candidates B/C/D; C5 candidates B/D; single severe input G2: flagged for a closer read, not a verdict"
140,gba-bbmp-037,Devasandra lake,Devsandra kere,BBMP,East,Devasandra,4.26,monsoon (Jun-Sep) 2026,8,Watch / verify,"regulator E alone, not a verdict",C,C1=C(C/D) C3=A(A/B) C4=B(A/B/C) C5=C(C/D) C8=B G2=E,Low,High,Steady,none,,,E,1.15,low,0.5147,0.1615,0.0925,0.1704,34.6,29.6,0.528,0.0,0.0,0.71,1,1376,1,medium,,"C1 candidates C/D; C3 candidates A/B; C4 candidates A/B/C; C5 candidates C/D; single severe input G2: flagged for a closer read, not a verdict"
141,gba-bbmp-011,Deverabisanahalli Lake,Devarabeesanahalli Lake,BBMP,East,Shivanasamudra Ward,4.08,monsoon (Jun-Sep) 2026,6,Watch / verify,"vegetation 31% alone, not a verdict",C,C1=C(C/D) C3=B(B/C) C4=D(C/D/E) C5=C(B/C) C8=C G2=E,Low,High,Steady,none,,,E,1.15,low,0.5033,0.3061,0.1022,0.1439,75.9,79.3,0.538,0.0472,0.047,3.43,0,1468,1,medium,,"C1 candidates C/D; C3 candidates B/C; C4 candidates C/D/E; C5 candidates B/C; single severe input G2: flagged for a closer read, not a verdict"
142,gba-bbmp-069,Subramanyapura Lake,Subramanyapura Lake,BBMP,South,Subramanyapura,3.78,monsoon (Jun-Sep) 2026,4,Watch / verify,steady; monitor,C,C1=C(B/C) C3=A(A/B) C4=D(C/D/E) C5=D(C/D) C8=B G2=D,Low,High,Steady,none,,,D,1.15,low,0.5296,0.3191,0.1069,0.2701,84.6,41.7,0.698,0.0029,-0.597,0.57,0,2008,4,medium,,C1 candidates B/C; C3 candidates A/B; C4 candidates C/D/E; C5 candidates C/D
143,gba-bbmp-023,Hoodi Giddanakere Lake (Hoodi Lake),Hoodi Giddanakere Lake,BBMP,East,Hoodi,3.42,monsoon (Jun-Sep) 2026,11,Watch / verify,works on record,C,C1=D(C/D/E) C3=A(A/B) C4=C(B/C/D) C5=C(B/C/D) C8=B,Low,Medium,Steady,works underway,works approaching completion by Nov 2025 (7 lakes; 240 acres),compilation,,1.15,low,0.2867,0.201,0.1009,0.1483,56.2,35.0,0.409,0.0012,-0.999,0.71,1,1433,1,low,assignment_unverified,C1 candidates C/D/E; C3 candidates A/B; C4 candidates B/C/D; C5 candidates B/C/D
144,gba-bbmp-049,Bhattarahalli Lake,Bhattarahalli Lake,BBMP,East,Bhattarahalli,3.35,monsoon (Jun-Sep) 2026,11,Watch / verify,"regulator E alone, not a verdict",C,C1=C(B/C) C3=A(A/B) C4=A(A/B) C5=C(B/C/D) C8=B G2=E,Low,High,Steady,none,,,E,1.15,low,0.5188,0.0958,0.0868,0.125,26.7,64.9,0.646,0.0,-0.179,1.86,0,1001,1,medium,,"C1 candidates B/C; C3 candidates A/B; C4 candidates A/B; C5 candidates B/C/D; single severe input G2: flagged for a closer read, not a verdict"
145,gba-bbmp-064,Haralakunte Lake (Somasandra Palya Kere) (Somasundarapalya Lake),Haralakunte Lake (Somasandra Palya Kere),BBMP,South,Hosapalya,2.83,monsoon (Jun-Sep) 2026,6,Watch / verify,steady; monitor,C,C1=B(A/B/C) C3=A(A/B) C4=A C5=C(B/C) C8=C G2=D,Low,High,Steady,none,,,D,1.15,low,0.6855,0.0239,0.0708,0.1009,24.2,34.3,0.77,0.0,-0.658,3.86,1,494,1,medium,,C1 candidates A/B/C; C3 candidates A/B; C5 candidates B/C
146,gba-bbmp-164,Byrasandra,Byrasandra,BBMP,Central,BHEL Ward,2.66,monsoon (Jun-Sep) 2026,10,Watch / verify,steady; monitor,C,C1=B(A/B/C) C3=A(A/B) C4=C(B/C/D) C5=D(C/D) C8=C G2=D,Low,High,Steady,none,,,D,1.15,low,0.6542,0.2853,0.1132,0.2427,70.6,33.3,0.731,0.0,-0.333,2.71,0,3248,1,medium,,C1 candidates A/B/C; C3 candidates A/B; C4 candidates B/C/D; C5 candidates C/D
147,gba-bbmp-005,Varanasi Lake (Jimkenahalli Kere),Varanasi Lake,BBMP,East,Byrathi,2.14,monsoon (Jun-Sep) 2026,11,Watch / verify,"holds 32% of its extent alone, not a verdict",C,C1=D(D/E) C3=A(A/B) C4=A C5=B(B/C) C8=D G2=E,Low,High,Steady,none,,,E,1.15,low,0.2606,0.0005,0.054,0.0834,34.5,14.3,0.315,0.0,0.0,6.14,1,2879,1,medium,,"C1 candidates D/E; C3 candidates A/B; C5 candidates B/C; single severe input G2: flagged for a closer read, not a verdict"
148,gba-bbmp-073,Nyanappanahalli Lake / Akshayanagara Lake (Akshaynagar Lake),Nyanappanahalli Lake / Akshayanagara Lake,BBMP,South,Vijaya Bank Layout,1.33,monsoon (Jun-Sep) 2026,6,Watch / verify,steady; monitor,C,C1=C(B/C/D) C4=D(C/D/E) C5=B(A/B/D) C8=B G2=D,Low,Unknown,Steady,none,,,D,1.15,low,0.3951,0.3957,0.1593,0.0958,26.3,15.6,0.505,,,0.86,1,353,2,medium,,C1 candidates B/C/D; C4 candidates C/D/E; C5 candidates A/B/D
149,gba-bbmp-052,Halasuru lake,Ulsoor / Bangalore North,BBMP,Central,K Kamaraj Ward,39.96,monsoon (Jun-Sep) 2026,7,Watch / verify,works on record,B,C1=B(A/B) C3=C(B/C) C4=B(B/C) C5=D(C/D) C8=B,High,High,Rising,works underway,NDMF grant 2025 (7 lakes; Rs 65 cr); NDMF desilting works 2026 (Bengaluru Central City Corporation; lake drained from February 2026; Rs 4 cr; refill expected three to four months after the works) Rs 4 cr,compilation; press,,1.55,low,0.7733,0.1751,0.0628,0.2802,41.9,90.3,0.8,0.0569,0.055,0.86,1,13168,2,medium,,C1 candidates A/B; C3 candidates B/C; C4 candidates B/C; C5 candidates C/D
150,gba-bbmp-031,Ramapura Kere,Rampura kere,BBMP,,,45.28,monsoon (Jun-Sep) 2026,4,Watch / verify,"chlorophyll proxy 0.32 alone, not a verdict",B,C1=B(A/B) C3=A(A/B) C4=B(A/B/C) C5=D(C/D/E) C8=A G2=E,High,High,Steady,none,,,E,1.3,low,0.7531,0.1563,0.0614,0.3181,74.1,11.8,0.818,0.0,0.0,0.29,0,18237,5,medium,,"C1 candidates A/B; C3 candidates A/B; C4 candidates A/B/C; C5 candidates C/D/E; single severe input G2: flagged for a closer read, not a verdict"
151,gba-bbmp-036,Seegehalli Lake,Sigehalli Lake,BBMP,East,Basavanapura,8.5,monsoon (Jun-Sep) 2026,9,Watch / verify,"regulator E alone, not a verdict",B,C1=B(B/C) C3=A(A/B) C4=B(A/B/C) C5=C(A/C/D) C8=B G2=E,High (lifted: cascade),High,Steady,proposed,BBMP budget 2025-26 (24 lakes; Rs 50 cr),press,E,1.3,low,0.7095,0.142,0.077,0.1379,30.3,28.9,0.751,0.0,0.0,0.57,0,10468,4,medium,,"C1 candidates B/C; C3 candidates A/B; C4 candidates A/B/C; C5 candidates A/C/D; single severe input G2: flagged for a closer read, not a verdict"
152,gba-bbmp-153,Palanahalli Lake,Palanahalli Lake,BBMP,North,Kogilu,7.33,pre-monsoon (Mar-May) 2026,20,Watch / verify,"chlorophyll proxy 0.47 alone, not a verdict",B,C1=A(A/B) C3=B(A/B) C4=C(B/C/D) C5=E(D/E) C8=A,High (lifted: cascade),High,Steady,none,,,,1.3,low,0.7315,0.2597,0.0856,0.4726,78.5,5.4,0.873,0.0123,-0.088,0.29,4,3688,1,medium,,"C1 candidates A/B; C3 candidates A/B; C4 candidates B/C/D; C5 candidates D/E; single severe input C5: flagged for a closer read, not a verdict"
153,gba-bbmp-034,Basavanapura Kere,Chikkabasavanapura Lake,BBMP,East,Krishnanagar,3.93,monsoon (Jun-Sep) 2026,9,Watch / verify,"chlorophyll proxy 0.32 alone, not a verdict",B,C1=B(A/B) C3=A(A/B) C4=B(B/C) C5=D(D/E) C8=B G2=E,Medium (lifted: cascade),High,Steady,none,,,E,1.0,low,0.7132,0.1983,0.096,0.3249,69.0,52.8,0.832,0.0,-1.0,1,2,1310,1,medium,,"C1 candidates A/B; C3 candidates A/B; C4 candidates B/C; C5 candidates D/E; single severe input G2: flagged for a closer read, not a verdict"
154,gba-bbmp-201,Medi agrahara,Medi agrahara,BBMP,,,1.73,monsoon (Jun-Sep) 2026,6,Watch / verify,"holds 46% of its extent alone, not a verdict",B,C1=D(C/D/E) C3=E C4=A C5=B C8=B,Low,Low,Rising,none,,,,0.95,low,0.2893,0.0024,0.0594,0.0261,0.0,0.0,0.455,1.0,1.0,0.71,1,98,3,medium,,"C1 candidates C/D/E; single severe input C3: flagged for a closer read, not a verdict"
155,gba-bbmp-162,Deepanjali Nagara lake,Deepanjali Nagara lake,BBMP,West,Deepanjali Nagara,1.42,monsoon (Jun-Sep) 2026,5,Watch / verify,"built 100% alone, not a verdict",B,C1=B(A/B/C) C3=E C4=C(A/C/D) C5=B(B/C) C8=B,Low,Low,Rising,proposed,BBMP budget 2025-26 (24 lakes; Rs 50 cr),press,,0.95,low,0.5132,0.2197,0.1363,0.0691,6.7,5.9,0.784,1.0,0.779,1,1,247,1,medium,,"C1 candidates A/B/C; C4 candidates A/C/D; C5 candidates B/C; single severe input C3: flagged for a closer read, not a verdict"
156,gba-bbmp-155,Jakkur Lake,Jakkur Lake,BBMP,North,Jakkur,50.86,monsoon (Jun-Sep) 2026,5,Watch / verify,"chlorophyll proxy 0.38 alone, not a verdict",A,C1=A(A/B) C3=A(A/B) C4=B(A/B/C) C5=D(D/E) C8=A G2=E,High,High,Steady,proposed,BBMP budget 2025-26 (24 lakes; Rs 50 cr),press,E,0.85,low,0.8104,0.1399,0.061,0.3798,69.0,31.0,0.909,0.0044,0.004,0,1,12839,4,medium,,"C1 candidates A/B; C3 candidates A/B; C4 candidates A/B/C; C5 candidates D/E; single severe input G2: flagged for a closer read, not a verdict"
157,gba-bbmp-046,Vengayyana Lake,Vengaiahna kere /K.R.Puram Tank,BBMP,East,K.R Pura,14.31,monsoon (Jun-Sep) 2026,8,Watch / verify,works on record,A,C1=A(A/B) C3=A(A/B) C4=A(A/B) C5=D(C/D) C8=B G2=E,Medium,High,Steady,works underway,works approaching completion by Nov 2025 (7 lakes; 240 acres),compilation,E,0.55,low,0.7444,0.0861,0.0665,0.2453,66.7,3.4,0.878,0.0,0.0,0.57,1,4794,3,medium,,"C1 candidates A/B; C3 candidates A/B; C4 candidates A/B; C5 candidates C/D; single severe input G2: flagged for a closer read, not a verdict"
158,gba-bbmp-148,Doddabommasandra Lake,Doddabommasandra Lake,BBMP,North,Doddabommasandra,36.25,monsoon (Jun-Sep) 2026,7,Maintain,condition B; upkeep and monitoring,B,C1=C(B/C) C3=A(A/B) C4=B(A/B) C5=D(C/D) C8=A,High,High,Steady,none,,,,1.3,low,0.6414,0.1157,0.0614,0.255,81.8,3.8,0.674,0.0002,-0.009,0.43,0,11880,3,medium,,C1 candidates B/C; C3 candidates A/B; C4 candidates A/B; C5 candidates C/D
159,gba-bbmp-060,Venkojirao Kere / Agara Kere (Agara Lake),Venkojirao Kere / Agara Kere,BBMP,South,HSR Layout,29.61,monsoon (Jun-Sep) 2026,7,Maintain,condition B; upkeep and monitoring,B,C1=B(B/C) C3=A(A/B) C4=B(A/B) C5=C(C/D) C8=B G2=D,High,High,Steady,none,,,D,1.3,low,0.6786,0.126,0.0633,0.1884,92.6,25.9,0.706,0.0,-0.001,0.86,0,43792,2,medium,,C1 candidates B/C; C3 candidates A/B; C4 candidates A/B; C5 candidates C/D
160,gba-bbmp-061,Sarakki Lake,Sarakki Lake,BBMP,South,Jaraganahalli,23.72,monsoon (Jun-Sep) 2026,4,Maintain,condition B; upkeep and monitoring,B,C1=B(A/B) C3=B(A/B) C4=A(A/B) C5=B C8=B G2=D,High,High,Steady,none,,,D,1.3,low,0.7736,0.099,0.0634,0.0454,33.3,53.3,0.797,0.0188,-0.027,1.86,6,4526,1,medium,,C1 candidates A/B; C3 candidates A/B; C4 candidates A/B
161,gba-bbmp-142,Attur lake,Attur lake,BBMP,North,Doddabettahalli,23.71,monsoon (Jun-Sep) 2026,5,Maintain,condition B; upkeep and monitoring,B,C1=B(A/B) C3=A(A/B) C4=B(A/B/C) C5=D C8=A,High,High,Steady,none,,,,1.3,low,0.7626,0.1568,0.0658,0.3234,90.5,14.3,0.82,0.0,-0.001,0.29,2,2964,3,medium,,C1 candidates A/B; C3 candidates A/B; C4 candidates A/B/C
162,gba-bbmp-140,Gantiganahalli Lake,Harohalli lake,BBMP,North,Chowdeshwari ward,20.03,pre-monsoon (Mar-May) 2026,17,Maintain,condition B; upkeep and monitoring,B,C1=B(A/B) C3=A(A/B) C4=D(C/D) C5=D(D/E) C8=B,High,High,Steady,none,,,,1.3,low,0.6284,0.3127,0.0721,0.3738,79.0,58.3,0.798,0.0,0.0,1,0,2422,4,medium,,C1 candidates A/B; C3 candidates A/B; C4 candidates C/D; C5 candidates D/E
163,gba-bbmp-042,Horamavu Agara Lake,Hormavu Agara Lake,BBMP,East,Horamavu,14.87,monsoon (Jun-Sep) 2026,8,Maintain,condition B; upkeep and monitoring,B,C1=A(A/B) C3=A(A/B) C4=B(A/B) C5=D(D/E) C8=B,High (lifted: cascade),High,Steady,none,,,,1.3,low,0.861,0.1072,0.067,0.3762,85.7,56.2,0.906,0.0,-0.145,1.43,2,5565,2,medium,,C1 candidates A/B; C3 candidates A/B; C4 candidates A/B; C5 candidates D/E
164,gba-bbmp-008,Kasavanahalli lake,Kasavanahalli lake,BBMP,South,Kasavanahalli,13.91,monsoon (Jun-Sep) 2026,7,Maintain,condition B; upkeep and monitoring,B,C1=D C3=A(A/B) C4=B(A/B) C5=B C8=B G2=D,High (lifted: cascade),High,Steady,none,,,D,1.3,low,0.3742,0.1249,0.0691,0.0595,35.7,17.9,0.397,0.0,0.0,0.86,4,1256,4,medium,,C3 candidates A/B; C4 candidates A/B
165,gba-bbmp-055,Kaggadasapura,Kaggadasapura,BBMP,Central,Kaggadasapura,12.15,monsoon (Jun-Sep) 2026,8,Maintain,condition B; upkeep and monitoring,B,C1=A(A/B) C3=B(A/B) C4=B(A/B/C) C5=D(C/D) C8=B,High (lifted: cascade),High,Steady,none,,,,1.3,low,0.6927,0.1565,0.0734,0.22,84.6,17.9,0.862,0.0197,0.02,0.71,0,11299,3,medium,,C1 candidates A/B; C3 candidates A/B; C4 candidates A/B/C; C5 candidates C/D
166,gba-bbmp-086,Gottigere,Gottigere,BBMP,South,Doddakammanahalli,12.02,monsoon (Jun-Sep) 2026,4,Maintain,condition B; upkeep and monitoring,B,C1=A(A/B) C3=A(A/B) C4=B(A/B) C5=C(A/C/D) C8=B G2=D,High (lifted: cascade),High,Steady,proposed,BBMP budget 2025-26 (24 lakes; Rs 50 cr),press,D,1.3,low,0.6312,0.1,0.0689,0.1305,61.1,3.8,0.868,0.007,-0.324,0.71,2,1770,2,medium,,C1 candidates A/B; C3 candidates A/B; C4 candidates A/B; C5 candidates A/C/D
167,gba-bbmp-157,Thirumenahalli Lake,Thirumenahalli Lake,BBMP,North,Sampigehalli,5.69,monsoon (Jun-Sep) 2026,6,Maintain,condition B; upkeep and monitoring,B,C1=C(B/C) C3=A(A/B) C4=B(B/C) C5=D(C/D) C8=B,High (lifted: cascade),High,Steady,none,,,,1.3,low,0.5427,0.1993,0.0876,0.2431,87.5,36.1,0.661,0.0,-0.092,1.71,3,2090,2,medium,,C1 candidates B/C; C3 candidates A/B; C4 candidates B/C; C5 candidates C/D
168,gba-bbmp-020,Doddanekundi lake,Doddanekundi lake,BBMP,East,Dodda Nekkundi,38.15,monsoon (Jun-Sep) 2026,8,Maintain,condition A; upkeep and monitoring,A,C1=A C3=A(A/B) C4=B(A/B) C5=D(D/E) C8=A G2=D,High,High,Steady,proposed,BBMP budget 2025-26 (24 lakes; Rs 50 cr),press,D,0.85,medium,0.8432,0.1168,0.0608,0.354,88.2,4.2,0.952,0.0007,-0.017,0.43,0,10463,3,medium,,C3 candidates A/B; C4 candidates A/B; C5 candidates D/E
169,gba-bbmp-129,Sulikere/ Herekere Lake,Soolikere,BBMP,,,42.25,monsoon (Jun-Sep) 2026,5,Maintain,condition A; upkeep and monitoring,A,C1=B(B/C) C3=A(A/B) C4=A(A/B) C5=C(B/C) C8=A,High,High,Steady,none,,,,0.85,low,0.6539,0.0956,0.0595,0.1006,61.9,37.5,0.717,0.0,0.0,0,1,775,5,medium,,C1 candidates B/C; C3 candidates A/B; C4 candidates A/B; C5 candidates B/C
170,gba-bbmp-139,Veerasagara lake,Veerasagara lake,BBMP,,,6.74,monsoon (Jun-Sep) 2026,5,Maintain,condition A; upkeep and monitoring,A,C1=D(C/D) C3=A(A/B) C4=A(A/B) C5=B(B/C) C8=A,High (lifted: cascade),High,Easing,none,,,,0.6,low,0.3707,0.0645,0.0715,0.0776,0.0,3.4,0.419,0.0,-0.006,0.29,3,2705,2,medium,,C1 candidates C/D; C3 candidates A/B; C4 candidates A/B; C5 candidates B/C
171,gba-bbmp-154,Kattigenahalli Lake,Kattigenahalli Lake,BBMP,North,Kogilu,5.66,monsoon (Jun-Sep) 2026,4,Steward,condition B; protection and monitoring only,B,C1=D(C/D) C3=A(A/B) C4=B(A/B) C8=B,Medium,High,Steady,none,,,,1.0,medium,0.4287,0.1054,0.0788,,,22.6,0.449,0.0,0.0,0.71,0,693,1,medium,,C1 candidates C/D; C3 candidates A/B; C4 candidates A/B
172,gba-bbmp-118,Konasandra Lake,Konasandra Lake,BBMP,West,Kengeri Kote ward,10.53,monsoon (Jun-Sep) 2026,5,Steward,condition B; protection and monitoring only,B,C1=B(A/B) C3=A(A/B) C4=C(B/C/D) C5=C(B/C/D) C8=A,Medium,High,Steady,none,,,,1.0,low,0.6384,0.2385,0.0782,0.134,23.8,12.0,0.839,0.0009,0.001,0,0,1068,2,medium,,C1 candidates A/B; C3 candidates A/B; C4 candidates B/C/D; C5 candidates B/C/D
173,gba-bbmp-067,Arekere lake,Arakere Lake,BBMP,South,Arakere,7.54,monsoon (Jun-Sep) 2026,7,Steward,condition B; protection and monitoring only,B,C1=C(C/D) C3=A(A/B) C4=B(A/B/C) C5=B(B/C) C8=B,Medium,High,Steady,proposed,NDMF grant 2025 (7 lakes; Rs 65 cr),compilation,,1.0,low,0.4229,0.1553,0.0794,0.0825,34.6,12.9,0.548,0.0063,0.006,0.57,1,2577,1,medium,,C1 candidates C/D; C3 candidates A/B; C4 candidates A/B/C; C5 candidates B/C
174,gba-bbmp-090,Anjanapura Lake / nagara Chunchaghatta Kere Alahalli (Avalahalli Lake),Anjanapura Lake / nagara Chunchaghatta Kere Alahalli,BBMP,South,Kothanur,5.58,monsoon (Jun-Sep) 2026,7,Steward,condition B; protection and monitoring only,B,C1=B(B/C) C3=A(A/B) C4=B(A/B) C5=D(C/D) C8=B G2=D,Medium,Medium,Steady,none,,,D,1.0,low,0.6185,0.1155,0.081,0.2084,74.1,12.9,0.704,0.0,-0.319,0.57,0,3278,1,low,assignment_unverified,C1 candidates B/C; C3 candidates A/B; C4 candidates A/B; C5 candidates C/D
175,gba-bbmp-156,Agrahara Lake,Agrahara Lake,BBMP,North,Sampigehalli,4.44,monsoon (Jun-Sep) 2026,6,Steward,condition B; protection and monitoring only,B,C1=C(C/D) C3=A(A/B) C4=B(A/B/C) C5=D(C/D) C8=B,Medium (lifted: cascade),High,Steady,none,,,,1.0,low,0.4816,0.1382,0.0868,0.2511,80.0,38.7,0.564,0.0,-0.051,0.57,2,915,3,medium,,C1 candidates C/D; C3 candidates A/B; C4 candidates A/B/C; C5 candidates C/D
176,gba-bbmp-081,Yelenahalli Lake,Yelenahalli Lake,BBMP,South,Yelenahalli,1.23,monsoon (Jun-Sep) 2026,7,Steward,condition B; protection and monitoring only,B,C1=B(A/B/D) C4=B(A/B/C) C5=B C8=B G2=D,Medium (lifted: cascade),Unknown,Steady,none,,,D,1.0,insufficient,0.5165,0.1027,0.1236,0.0632,75.0,23.1,0.739,,,1.43,2,64,1,medium,,C1 candidates A/B/D; C4 candidates A/B/C
177,gba-bbmp-080,Doddkammanahalli Lake,Kammanahalli Lake (Meenakshi Lake),BBMP,South,Doddakammanahalli,4.93,monsoon (Jun-Sep) 2026,5,Steward,condition B; protection and monitoring only,B,C1=B(B/C) C3=A(A/B) C4=A(A/B) C5=C(C/D) C8=B G2=D,Low,High,Steady,none,,,D,0.7,low,0.5715,0.0357,0.0697,0.1838,62.5,21.4,0.701,0.0,0.0,1.14,1,1466,3,medium,,C1 candidates B/C; C3 candidates A/B; C4 candidates A/B; C5 candidates C/D
178,gba-bbmp-163,Gowdana Kere,Gowdanapalya Lake,BBMP,South,Gowdanapalya,2.48,monsoon (Jun-Sep) 2026,6,Steward,condition B; protection and monitoring only,B,C1=A(A/B) C3=C(C/D) C4=B(A/B) C5=D(C/D) C8=B,Low,High,Easing,none,,,,0.45,low,0.4865,0.1005,0.0943,0.2661,,7.4,0.989,0.0828,-0.26,1,1,2647,2,medium,,C1 candidates A/B; C3 candidates C/D; C4 candidates A/B; C5 candidates C/D
179,gba-bbmp-121,Thalaghattapura Lake,Talghatapura Lake,BBMP,South,Talagattapura,4.08,monsoon (Jun-Sep) 2026,6,Steward,condition A; protection and monitoring only,A,C1=A(A/B) C3=A(A/B) C4=D(C/D/E) C5=C(B/C/D) C8=A,Low,High,Steady,none,,,,0.25,low,0.5729,0.3831,0.1065,0.1912,93.3,25.0,0.946,0.0,0.0,0.14,0,2298,1,medium,,C1 candidates A/B; C3 candidates A/B; C4 candidates C/D/E; C5 candidates B/C/D
180,gba-bbmp-133,Nagarabhavi Lake,Nagarabhavi Lake,BBMP,West,Vinayaka Layout,0.9,monsoon (Jun-Sep) 2026,6,Steward,condition A; protection and monitoring only,A,C1=A(A/C) C4=A(A/B) C5=B(A/B) C8=B,Low,Unknown,Easing,none,,,,0.0,insufficient,0.5645,0.0713,0.1243,0.0334,,10.0,0.941,,,2,0,0,,medium,,C1 candidates A/C; C4 candidates A/B; C5 candidates A/B
