spine_id,ktcda_key,ktcda_name,ktcda_custodian,osm_id,osm_name,corporation,ward_name,osm_area_ha,observed_max_area_ha,footprint_area_ha,observed_outside_osm_ha,osm_outside_observed_ha,osm_wet_share,osm_occ_mean,clear_obs_median,area_occ_05,area_occ_10,area_occ_25,area_occ_50,halo_m,ring_m,interior_area_ha,interior_px_10m,interior_px_20m,ring_share,shore100_share,boundary_provenance,boundary_confidence,flags,adjacent_osm
gba-bbmp-001,BBMP#1,Ambalipura Kelagina kere,BBMP,232981265,Ambalipura Lower Lake,South,Kasavanahalli,2.2,1.35,2.2,0.0,0.86,0.636,0.267,302,1.58,1.12,0.88,0.64,250,10,1.59,159,39,0.277,1.0,osm+observed_max,medium,,
gba-bbmp-002,BBMP#2,Gunjur Palya kere,BBMP,1088209009,Gunjuru Palya Lake,East,Gunjur,12.84,9.86,12.84,0.01,2.99,0.784,0.156,303,10.1,9.04,1.91,0.06,250,10,11.25,1125,281,0.124,0.874,osm+observed_max,medium,,
gba-bbmp-003,BBMP#3,Gunjuru Karmelaram lake,BBMP,27993527,Carmelaram Lake,East,Gunjur,2.09,0.73,2.09,0.0,1.36,0.43,0.076,308,0.9,0.49,0.16,0.0,250,10,1.45,145,36,0.306,1.0,osm+observed_max,medium,osm_mostly_dry,
gba-bbmp-004,BBMP#4,Panathur lake,BBMP,17062035,Panathuru Kere,East,Panathur,4.16,4.28,4.51,0.36,0.24,0.949,0.52,311,4.4,3.58,3.04,2.44,250,10,3.47,346,86,0.23,1.0,osm+observed_max,medium,,
gba-bbmp-005,BBMP#5,Varanasi Lake,BBMP,44546801,Jimkenahalli Kere,East,Byrathi,1.9,1.77,2.14,0.25,0.38,0.836,0.342,330,2.21,1.56,1.19,0.77,250,10,1.3,130,32,0.391,1.0,osm+observed_max,medium,,
gba-bbmp-006,BBMP#6,Amblipura melina kere,BBMP,27993889,Ambalipura Upper Lake,South,Kasavanahalli,3.44,3.45,4.9,1.5,1.49,0.589,0.135,299,3.89,2.41,1.01,0.08,250,10,2.95,295,73,0.398,1.0,osm+observed_max,medium,,
gba-bbmp-007,BBMP#7,Kaigondanahalli Lake,BBMP,6820030,Kaikondrahalli Lake,South,Kasavanahalli,16.54,30.0,31.75,15.44,1.97,0.889,0.641,298,33.14,19.93,14.91,11.8,1000,10,20.17,2017,504,0.365,0.965,osm+observed_max,medium,,
gba-bbmp-008,BBMP#8,Kasavanahalli lake,BBMP,62381586,Kasavanahalli Lake,South,Kasavanahalli,13.06,13.12,13.91,0.87,0.81,0.947,0.784,298,13.33,12.39,11.8,11.0,250,10,12.04,1204,301,0.134,0.853,osm+observed_max,medium,,
gba-bbmp-009,BBMP#9,Haraluru kere,BBMP,111563782,Haralur Lake,South,Kasavanahalli,7.94,8.22,8.56,0.64,0.36,0.961,0.741,303,8.57,7.69,7.01,6.26,250,10,6.83,682,170,0.202,0.984,osm+observed_max,medium,,
gba-bbmp-010,BBMP#10,Sowl kere,BBMP,350098022,Saul Kere,East,Shivanasamudra Ward,16.66,13.65,18.19,1.54,4.54,0.738,0.228,297,13.88,11.67,6.21,2.14,250,10,16.21,1621,405,0.109,0.797,osm+observed_max,medium,,
gba-bbmp-011,BBMP#11,Devarabeesanahalli Lake,BBMP,17083842,Deverabisanahalli Lake,East,Shivanasamudra Ward,3.69,3.82,4.08,0.4,0.27,0.929,0.704,304,3.94,3.7,3.29,2.76,500,10,3.15,315,78,0.227,1.0,osm+observed_max,medium,,
gba-bbmp-012,BBMP#12,Doddakanahalli kere,BBMP,17083906,Doddakannelli Lake,East,Gunjur,6.63,7.8,8.04,1.44,0.28,0.964,0.614,308,8.09,6.43,5.69,4.79,250,10,6.26,625,156,0.222,1.0,osm+observed_max,medium,,
gba-bbmp-013,BBMP#13,Munnekolalu kere,BBMP,18077306,Munekolala Lake,East,Priyadarshini Ward,4.45,7.54,7.51,3.14,0.05,0.99,0.635,315,8.5,5.4,4.02,3.01,250,10,4.72,472,118,0.371,0.999,osm+observed_max,medium,,
gba-bbmp-014,BBMP#14,Chinnappanahalli,BBMP,6183523,Chinnappanahalli Lake,East,Priyadarshini Ward,2.26,3.55,3.62,1.38,0.1,0.961,0.572,309,3.94,2.8,2.07,1.58,250,10,2.33,233,58,0.355,1.0,osm+observed_max,medium,,
gba-bbmp-015,BBMP#15,Shilavanthana kere,BBMP,45860708,Sheelavathana Kere,East,Whitefield,4.47,3.95,4.59,0.12,0.64,0.864,0.655,315,4.13,3.79,3.51,3.19,250,10,3.4,339,84,0.259,1.0,osm+observed_max,medium,,
gba-bbmp-016,BBMP#16,Kundalahalli Lake,BBMP,120904870,Kundalahalli Lake,East,Kundalahalli,7.5,10.67,11.41,3.99,0.82,0.91,0.567,317,11.59,7.91,6.44,5.31,500,10,7.55,755,188,0.338,1.0,osm+observed_max,medium,,1219313043:
gba-bbmp-018,BBMP#18,Garudachar Palya Lake,BBMP,95639129,Garudacharpalya Lake,East,Garudachar Palya,1.1,1.46,1.68,0.59,0.23,0.837,0.437,328,1.95,1.28,0.75,0.51,250,10,0.83,83,20,0.504,1.0,osm+observed_max,medium,,
gba-bbmp-019,BBMP#19,Garudachar Palya (Goshala) Lake,BBMP,17426666,Goshala Lake,East,Garudachar Palya,1.27,2.49,2.68,1.44,0.22,0.85,0.328,328,3.51,1.63,0.96,0.46,500,10,1.14,114,28,0.573,1.0,osm+observed_max,low,observed_max_dominates,
gba-bbmp-020,BBMP#20,Doddanekundi lake,BBMP,35324030,Doddanekundi Lake,East,Dodda Nekkundi,38.09,33.79,38.15,0.07,4.37,0.893,0.246,315,34.23,32.69,17.3,0.24,250,10,35.54,3553,888,0.069,0.58,osm+observed_max,medium,,871572933:;871572934:
gba-bbmp-021,BBMP#21,Sadaramangala Lake,BBMP,1455401194,,East,Belathur,0.1,0.0,0.1,0.0,0.1,0,0.013,316,0.0,0.0,0.0,0.0,250,10,0.01,1,0,0.897,1.0,osm_only,low,no_water_observed;osm_mostly_dry,16071328:Kodigehalli Lake
gba-bbmp-022,BBMP#22,Bhoganahalli Lake,BBMP,790389588,Bhoganahalli Lake,East,Panathur,3.68,2.76,3.71,0.02,0.94,0.805,0.308,309,3.17,2.71,2.21,0.92,250,10,2.85,284,71,0.233,1.0,osm+observed_max,medium,,
gba-bbmp-023,BBMP#23,Hoodi Giddanakere Lake,BBMP,135051892,Hoodi Lake,East,Hoodi,3.4,2.4,3.42,0.01,1.02,0.746,0.283,316,2.65,2.27,1.77,0.73,250,10,2.49,249,62,0.271,1.0,osm+observed_max,low,assignment_unverified,
gba-bbmp-024,BBMP#24,Panathur lake,BBMP,18077305,Panathur Chikka Kere,East,Gunjur,0.91,0.78,0.94,0.04,0.16,0.831,0.362,310,0.8,0.71,0.57,0.32,250,10,0.56,56,14,0.405,1.0,osm+observed_max,low,assignment_unverified,
gba-bbmp-025,BBMP#25,Hoodi kere,BBMP,33300618,Hoodi Lake,East,Kaveri Nagara,8.82,8.34,9.22,0.41,0.9,0.912,0.423,317,8.52,7.84,6.9,4.36,250,10,7.8,780,195,0.154,0.914,osm+observed_max,medium,,
gba-bbmp-026,BBMP#26,Nalluralli tank,BBMP,130111880,Nallurahalli Lake,East,S.M Krishna Ward,9.35,8.2,9.43,0.08,1.23,0.876,0.526,312,8.35,7.91,6.85,5.57,250,10,7.76,776,194,0.177,0.957,osm+observed_max,medium,,
gba-bbmp-027,BBMP#27,SitaramPalya lake,BBMP,18077307,Seetharampalya Lake,East,Bharath Aikya Ward,4.03,3.12,4.06,0.04,0.95,0.792,0.401,318,3.28,2.57,2.02,1.72,250,10,3.19,318,79,0.214,1.0,osm+observed_max,medium,,18077308:Basavanagar Lake
gba-bbmp-028,BBMP#28,Chikkabellandur Lake,BBMP,27993463,Chikka Bellanduru Lake,East,Gunjur,20.13,9.94,20.11,0.0,10.19,0.528,0.123,299,10.64,8.38,4.28,0.0,250,10,18.15,1814,453,0.098,0.76,osm+observed_max,medium,,
gba-bbmp-029,BBMP#29,Pattandur agrahara -54 Lake,BBMP,122129754,Pattandur Agrahara Kunte,East,S.M Krishna Ward,3.55,2.69,3.61,0.07,0.93,0.753,0.282,313,2.77,2.27,1.85,0.75,250,10,2.8,279,69,0.224,1.0,osm+observed_max,medium,,
gba-bbmp-030,BBMP#30,Pattandur agrahara lake-124,BBMP,866148184,Pattandur Agrahara Lake,East,S.M Krishna Ward,4.53,0.0,4.52,0.0,4.53,0,0.005,309,0.02,0.01,0.01,0.0,250,10,3.34,334,83,0.261,1.0,osm_only,low,no_water_observed;osm_mostly_dry,
gba-bbmp-031,BBMP#31,Rampura kere,BBMP,19353942,Ramapura Kere,,,42.24,41.68,45.28,3.05,3.61,0.925,0.214,320,42.7,39.13,13.76,0.0,250,10,40.35,4035,1008,0.109,0.812,osm+observed_max,medium,,1414809480:
gba-bbmp-032,BBMP#32,Gunjur mouji kere,BBMP,148216683,Gunjuru Lake,East,Gunjur,20.61,1.55,20.64,0.0,19.06,0.096,0.019,307,1.98,0.51,0.1,0.0,250,10,18.5,1850,462,0.103,0.782,osm+observed_max,medium,osm_mostly_dry,
gba-bbmp-033,BBMP#33,Junnasandra lake,BBMP,,(hand-digitised from observed water),South,Kasavanahalli,0.7,0.8,0.79,0.1,0.0,1,0.192,319,1.06,0.63,0.23,0.0,250,10,0.17,17,4,0.779,1.0,hand_digitised_from_observed_water,low,assignment_unverified,
gba-bbmp-034,BBMP#34,Chikkabasavanapura Lake,BBMP,137539703,Basavanapura Kere,East,Krishnanagar,3.83,3.37,3.93,0.11,0.57,0.868,0.452,326,3.55,3.06,2.64,2.13,250,10,3.02,302,75,0.23,1.0,osm+observed_max,medium,,
gba-bbmp-035,BBMP#35,Mahadevapura Lake-1,BBMP,17426667,Mahadevapura Lake,East,Mahadevapura,7.53,29.39,29.79,22.54,0.68,0.915,0.672,324,33.82,16.82,10.04,7.41,1000,10,16.22,1622,405,0.456,0.984,osm+observed_max,low,observed_max_dominates,
gba-bbmp-036,BBMP#36,Sigehalli Lake,BBMP,9432609,Seegehalli Lake,East,Basavanapura,7.78,8.03,8.5,0.74,0.5,0.946,0.674,332,8.6,7.44,6.48,5.75,250,10,6.7,669,167,0.212,0.98,osm+observed_max,medium,,
gba-bbmp-037,BBMP#37,Devsandra kere,BBMP,44999246,Devasandra lake,East,Devasandra,3.43,4.15,4.26,0.85,0.14,0.968,0.621,318,4.63,3.59,2.96,2.48,250,10,3.03,302,75,0.289,1.0,osm+observed_max,medium,,
gba-bbmp-038,BBMP#38,Challakere Lake,BBMP,2310400,Chelekere,East,Chellakere,2.91,1.83,3.04,0.14,1.22,0.631,0.259,329,2.05,1.35,1.11,0.8,250,10,1.58,157,39,0.481,1.0,osm+observed_max,medium,,
gba-bbmp-039,BBMP#39,Kalkere Lake,BBMP,17390865,Kalkere Lake,East,Horamavu,48.65,46.74,49.18,0.55,2.45,0.956,0.717,317,47.91,46.1,44.37,42.78,250,10,44.76,4476,1119,0.09,0.759,osm+observed_max,medium,,675387107:
gba-bbmp-040,BBMP#40,Vibhuthipura kere,BBMP,8250847,Lal Bahadur Shastri Nagar Lake,East,Vignananagara,11.15,10.07,13.18,2.08,3.17,0.741,0.198,315,11.75,8.68,3.8,0.09,500,10,8.77,877,219,0.335,1.0,osm+observed_max,low,assignment_unverified,
gba-bbmp-041,BBMP#41,K R Puram (BEML)/ Benniganahalli Lake,BBMP,3127245,Benniganahalli Lake,East,K.S. Nissar Ahmed Ward,5.84,7.65,8.03,2.24,0.43,0.934,0.584,324,8.37,5.51,4.61,3.93,250,10,5.41,541,135,0.326,1.0,osm+observed_max,medium,,
gba-bbmp-042,BBMP#42,Hormavu Agara Lake,BBMP,17390866,Horamavu Agara Lake,East,Horamavu,14.41,14.13,14.87,0.47,0.76,0.957,0.566,323,14.59,13.63,12.43,10.61,250,10,13.23,1322,330,0.11,0.846,osm+observed_max,medium,,
gba-bbmp-043,BBMP#43,Nagareshwara-Nagenahalli Lake,BBMP,779078393,Nagaraesh Nagenahalli Lake,East,K Narayanapura,2.01,2.06,2.17,0.17,0.12,0.955,0.442,320,2.14,1.92,1.65,1.13,250,10,1.55,155,38,0.285,1.0,osm+observed_max,medium,,1187891468:
gba-bbmp-045,BBMP#45,Horamavu Lake,BBMP,44707273,Horamavu Lake,East,Hoysala Nagara East,4.62,3.89,5.04,0.43,1.17,0.775,0.2,332,4.22,3.47,2.16,0.09,250,10,3.74,374,93,0.258,1.0,osm+observed_max,medium,,
gba-bbmp-046,BBMP#46,Vengaiahna kere /K.R.Puram Tank,BBMP,1853330,Vengayyana Lake,East,K.R Pura,14.17,12.13,14.31,0.15,2.2,0.863,0.191,310,12.59,11.1,4.81,0.0,500,10,11.56,1156,289,0.192,1.0,osm+observed_max,medium,,
gba-bbmp-047,BBMP#47,Mahadevapura Lake-2,BBMP,143369798,Bande Mahadevapura kere,East,Mahadevapura,0.8,1.55,1.63,0.86,0.11,0.877,0.318,326,2.38,1.26,0.55,0.22,250,10,0.62,61,15,0.621,1.0,osm+observed_max,low,observed_max_dominates;assignment_unverified,
gba-bbmp-048,BBMP#48,B. Narayanapura Lake,BBMP,135398428,B Narayanapura Lake,East,A Narayanapura,1.25,0.84,1.25,0.01,0.42,0.683,0.211,323,0.91,0.66,0.41,0.18,250,10,0.76,75,18,0.395,1.0,osm+observed_max,medium,,
gba-bbmp-049,BBMP#49,Bhattarahalli Lake,BBMP,137539770,Bhattarahalli kere,East,Bhattarahalli,3.33,2.69,3.35,0.03,0.67,0.836,0.515,330,2.96,2.73,2.28,1.95,250,10,2.6,259,64,0.226,1.0,osm+observed_max,medium,,
gba-bbmp-050,BBMP#50,Kowdenahalli lake,BBMP,44546800,Kowdenahalli Lake,East,Ramamurthy Nagara,5.75,5.14,5.9,0.15,0.76,0.888,0.496,323,5.31,4.57,3.95,3.43,250,10,4.59,458,114,0.222,1.0,osm+observed_max,medium,,
gba-bbmp-051,BBMP#51,Vijanapura Lake,BBMP,675250068,Vijinapura Lake,East,Kotthur,1.68,1.4,1.72,0.04,0.32,0.851,0.382,322,1.72,1.26,1.01,0.59,250,10,1.18,117,29,0.314,1.0,osm+observed_max,medium,,
gba-bbmp-052,BBMP#52,Ulsoor / Bangalore North,BBMP,1857615,Halasuru lake,Central,K Kamaraj Ward,37.87,38.61,39.96,2.14,1.4,0.968,0.811,323,39.44,37.04,34.99,33.07,250,10,35.53,3552,888,0.111,0.829,osm+observed_max,medium,,324206936:;324216294:Immersion Tank
gba-bbmp-053,BBMP#53,Kelagina Byrasandra,BBMP,17223075,Byrasandra Lake,Central,New Thippasandra,2.84,3.9,4.36,1.56,0.5,0.876,0.454,327,4.88,3.52,2.22,1.63,250,10,2.38,237,59,0.454,1.0,osm+observed_max,medium,,
gba-bbmp-054,BBMP#54,Melina Byrasandra (DRDO),BBMP,172938152,Byrasandra Melina Kere,Central,New Thippasandra,4.08,4.7,6.62,2.59,1.97,0.552,0.168,311,5.31,3.38,2.05,0.97,500,10,4.01,400,100,0.394,1.0,osm+observed_max,medium,,
gba-bbmp-055,BBMP#55,Kaggadasapura,BBMP,18772594,Kaggadasapura Lake,Central,Kaggadasapura,11.81,9.76,12.15,0.34,2.39,0.822,0.241,311,10.5,9.22,7.44,0.0,250,10,9.63,963,240,0.207,1.0,osm+observed_max,medium,,
gba-bbmp-056,BBMP#56,Kacharakanahalli,BBMP,172954317,Kacharakanahalli Lake,North,Lingarajpura,5.99,0.93,6.02,0.03,5.1,0.205,0.033,317,1.3,0.19,0.01,0.0,250,10,4.8,479,119,0.203,1.0,osm+observed_max,medium,osm_mostly_dry,1237551404:
gba-bbmp-057,BBMP#57,Channasandra,BBMP,1395880731,B Channasandra Lake,Central,Kasturi Nagar,1.7,0.11,1.7,0.0,1.6,0.076,0.016,333,0.13,0.06,0.0,0.0,250,10,1.19,119,29,0.3,1.0,osm+observed_max,low,osm_mostly_dry;assignment_unverified,
gba-bbmp-058,BBMP#58,B. Channasandra,BBMP,232880644,B. Channasandra lake,East,Dooravaninagar,2.89,0.0,2.9,0.0,2.89,0,0.012,317,0.02,0.0,0.0,0.0,250,10,1.99,199,49,0.313,1.0,osm_only,low,no_water_observed;osm_mostly_dry,
gba-bbmp-059,BBMP#59,Ibblur Lake,BBMP,3120373,Iblur Lake,South,Iblur,2.36,6.58,6.72,4.45,0.23,0.925,0.39,311,7.84,3.91,2.16,1.18,250,10,2.98,297,74,0.557,1.0,osm+observed_max,low,observed_max_dominates,
gba-bbmp-060,BBMP#60,Venkojirao Kere / Agara Kere,BBMP,8469370,Agara Lake,South,HSR Layout,26.76,28.45,29.61,2.92,1.22,0.959,0.691,302,29.82,25.55,23.26,21.22,500,10,24.86,2485,621,0.16,0.949,osm+observed_max,medium,,
gba-bbmp-061,BBMP#61,Sarakki Lake,BBMP,9269383,Sarakki Kere,South,Jaraganahalli,21.37,23.01,23.72,2.39,0.76,0.97,0.672,312,23.84,21.81,19.33,17.65,250,10,20.03,2002,500,0.156,0.843,osm+observed_max,medium,,
gba-bbmp-062,BBMP#62,Puttenahalli Lake (Next to Brigade Millenium),BBMP,3507925,Puttenhalli Lake,South,Puttenahalli,3.4,2.61,3.48,0.08,0.87,0.767,0.396,305,2.86,2.43,2.04,1.6,250,10,2.62,261,65,0.248,1.0,osm+observed_max,medium,,
gba-bbmp-063,BBMP#63,Mangammana Palya Kere,BBMP,18077304,ITI Layout Lake,South,Mangammana Palya,1.7,4.75,4.93,3.28,0.24,0.89,0.47,317,5.92,2.33,1.43,0.96,500,10,2.22,222,55,0.549,1.0,osm+observed_max,low,observed_max_dominates;assignment_unverified,
gba-bbmp-064,BBMP#64,Haralakunte Lake (Somasandra Palya Kere),BBMP,1164244330,Aralakunte,,,1.74,0.76,1.74,0.0,0.98,0.456,0.084,309,0.84,0.54,0.14,0.0,250,10,1.15,114,28,0.34,1.0,osm+observed_max,medium,osm_mostly_dry,
gba-bbmp-065,BBMP#65,Garveybhavipalya Lake,BBMP,239873610,Garvebhavipalya lake,South,Bandepalya,6.28,1.16,7.39,1.16,6.28,0.0,0.013,302,0.0,0.0,0.0,0.0,250,10,5.28,527,131,0.286,0.982,osm+observed_max,medium,osm_mostly_dry,
gba-bbmp-066,BBMP#66,Hulimavu Lake,BBMP,23000626,Hulimavu Lake,South,Vijaya Bank Layout,41.15,28.95,41.16,0.0,12.2,0.719,0.148,304,29.61,26.51,7.25,0.0,250,10,37.96,3796,949,0.078,0.592,osm+observed_max,medium,,
gba-bbmp-067,BBMP#67,Arakere Lake,BBMP,19509700,Arekere lake,South,Arakere,7.52,5.82,7.54,0.02,1.72,0.807,0.344,306,6.27,5.7,5.01,1.78,250,10,6.11,610,152,0.19,0.999,osm+observed_max,medium,,
gba-bbmp-068,BBMP#68,Uttarahalli Lake / Bangalore South,BBMP,172651048,Uttarahalli Lake,South,Subramanyapura,3.8,3.87,4.41,0.63,0.56,0.86,0.496,313,4.15,3.46,2.62,2.09,250,10,3.25,324,81,0.264,1.0,osm+observed_max,medium,,
gba-bbmp-069,BBMP#69,Subramanyapura Lake,BBMP,16551234,Subramanyapura Lake,South,Subramanyapura,3.66,2.87,3.78,0.12,0.91,0.802,0.307,291,3.26,3.01,2.43,0.41,250,10,2.7,269,67,0.285,1.0,osm+observed_max,medium,,
gba-bbmp-070,BBMP#70,Gubbalalu Lake,BBMP,1118946163,Gubbalala Kere,South,Subramanyapura,1.96,1.56,2.0,0.04,0.44,0.792,0.225,293,1.6,1.28,0.8,0.27,250,10,1.42,141,35,0.291,1.0,osm+observed_max,medium,,
gba-bbmp-071,BBMP#71,Dorekere,BBMP,37351655,Dore Kere,South,Uttarahalli,8.93,8.0,9.1,0.18,1.1,0.889,0.687,306,8.31,7.52,6.88,6.34,250,10,7.75,774,193,0.148,0.978,osm+observed_max,medium,,
gba-bbmp-072,BBMP#72,Annappanakere / Yelchenahalli Lake,BBMP,17431112,Yelachenahalli Kere,South,Yelachenahalli,1.55,2.06,2.09,0.56,0.05,0.973,0.542,319,2.34,1.41,1.2,1.04,250,10,1.43,143,35,0.315,1.0,osm+observed_max,medium,,
gba-bbmp-073,BBMP#73,Nyanappanahalli Lake / Akshayanagara Lake,BBMP,126890297,Akshaynagar Lake,South,Vijaya Bank Layout,1.19,1.04,1.33,0.14,0.29,0.765,0.317,312,1.12,0.74,0.51,0.37,250,10,0.81,80,20,0.391,1.0,osm+observed_max,medium,,
gba-bbmp-074,BBMP#74,Kalena Agrahara Lake,BBMP,19509702,Kalena Agrahara lake,South,Yelenahalli,1.49,1.42,1.71,0.23,0.29,0.836,0.55,312,1.57,1.35,1.13,0.99,250,10,1.02,102,25,0.404,1.0,osm+observed_max,medium,,
gba-bbmp-075,BBMP#75,Begur Lake,BBMP,19509697,Begur Lake,South,Beguru,42.83,33.74,43.32,0.49,9.59,0.792,0.364,298,34.6,28.65,23.27,19.09,250,10,39.53,3953,988,0.087,0.724,osm+observed_max,medium,,111871802:
gba-bbmp-076,BBMP#76,Basapura Lake-1,BBMP,111871772,Basapura Lake,South,Chikkathoguru,2.2,1.95,2.29,0.1,0.35,0.856,0.287,303,2.02,1.88,1.2,0.34,250,10,1.61,160,40,0.299,1.0,osm+observed_max,medium,,
gba-bbmp-077,BBMP#77,Basapura Lake-2 / Bangalore South,BBMP,111871728,Basapura Lake,South,Chikkathoguru,2.61,2.36,2.7,0.1,0.35,0.882,0.492,309,2.52,2.16,1.68,1.38,250,10,1.88,188,47,0.305,1.0,osm+observed_max,medium,,
gba-bbmp-078,BBMP#78,Basavanapura Lake,BBMP,1199400807,Basavanapura Pond,South,Doddakammanahalli,1.68,1.34,1.73,0.06,0.39,0.792,0.319,299,1.43,1.25,0.9,0.5,250,10,1.13,113,28,0.345,1.0,osm+observed_max,medium,,
gba-bbmp-079,BBMP#79,Chikka Begur Lake,BBMP,119132971,Chikka Beguru Lake,South,Vishwapriya Nagara,9.84,0.0,9.84,0.0,9.84,0,0.013,297,0.1,0.06,0.02,0.0,250,10,8.18,818,204,0.169,0.987,osm_only,low,no_water_observed;osm_mostly_dry,
gba-bbmp-080,BBMP#80,Kammanahalli Lake (Meenakshi Lake),BBMP,227097881,Doddkammanahalli Lake,South,Doddakammanahalli,4.82,4.02,4.93,0.1,0.9,0.856,0.442,302,4.34,3.98,3.22,2.45,250,10,3.6,359,89,0.269,1.0,osm+observed_max,medium,,
gba-bbmp-081,BBMP#81,Yelenahalli Lake,BBMP,259175023,Yelenahalli Lake,South,Yelenahalli,1.21,0.86,1.23,0.02,0.37,0.748,0.24,303,0.98,0.74,0.44,0.21,250,10,0.72,71,17,0.417,1.0,osm+observed_max,medium,,
gba-bbmp-082,BBMP#82,Beretena Agrahara (Chowdeshwari Lake),BBMP,560719107,Beratena Agrahara Lake,South,Chikkathoguru,2.57,1.82,2.73,0.18,0.93,0.65,0.114,320,1.95,1.51,0.13,0.0,250,10,1.8,180,45,0.34,1.0,osm+observed_max,medium,,
gba-bbmp-083,BBMP#83,Subedarana Kere,BBMP,994901676,Subedharana Lake,South,Yelenahalli,3.48,3.1,3.64,0.17,0.55,0.852,0.41,301,3.38,2.74,2.32,1.39,250,10,2.69,268,67,0.262,1.0,osm+observed_max,medium,,
gba-bbmp-084,BBMP#84,Chikkammanahalli Lake,BBMP,350349745,Chikka Kammanahalli,South,Doddakammanahalli,1.4,0.92,1.45,0.05,0.53,0.657,0.139,301,0.99,0.65,0.42,0.0,250,10,0.89,89,22,0.384,1.0,osm+observed_max,medium,,
gba-bbmp-085,BBMP#85,Swarnakunte Gudda Kere,BBMP,1199400889,Chandrasekhar Layout Lake,South,Yelenahalli,1.52,0.77,1.55,0.03,0.77,0.51,0.106,297,0.83,0.61,0.26,0.0,250,10,1.01,100,25,0.348,1.0,osm+observed_max,low,assignment_unverified,
gba-bbmp-086,BBMP#86,Gottigere,BBMP,24430851,Gottigere Tank,South,Doddakammanahalli,12.02,8.74,12.02,0.01,3.29,0.761,0.264,287,9.37,8.46,6.88,0.25,250,10,10.05,1004,251,0.164,0.916,osm+observed_max,medium,,
gba-bbmp-087,BBMP#87,Kothanuru Lake,BBMP,118415616,Krishna Nagara Lake,South,Harinagar,4.45,3.74,4.59,0.16,0.87,0.836,0.572,304,4.15,3.64,3.05,2.7,250,10,3.47,347,86,0.243,1.0,osm+observed_max,low,assignment_unverified,
gba-bbmp-088,BBMP#88,Subbarayana Lake,BBMP,1082360487,Subrayana Lake,South,Kothanur,1.04,0.54,1.07,0.03,0.53,0.561,0.122,308,0.64,0.48,0.17,0.0,250,10,0.57,56,14,0.469,1.0,osm+observed_max,medium,,
gba-bbmp-090,BBMP#90,Anjanapura Lake / nagara Chunchaghatta Kere Alahalli,BBMP,118415657,Avalahalli Lake,South,Kothanur,5.17,4.9,5.58,0.42,0.7,0.886,0.479,313,5.23,4.51,3.87,2.84,250,10,4.27,427,106,0.235,1.0,osm+observed_max,low,assignment_unverified,
gba-bbmp-091,BBMP#91,Kembathahalli Lake,BBMP,1189440572,Kembathahali kere,South,Anjanapura,1.64,1.3,1.73,0.1,0.43,0.771,0.171,303,1.39,1.1,0.39,0.0,250,10,1.12,111,27,0.355,1.0,osm+observed_max,medium,,
gba-bbmp-092,BBMP#92,Vasanthapura Kere / Janardhana Kere,BBMP,118910873,Vasanthapura Lake,South,Vasanthapura,1.81,0.0,1.81,0.0,1.81,0,0.014,311,0.12,0.01,0.01,0.0,250,10,1.11,111,27,0.385,1.0,osm_only,low,no_water_observed;osm_mostly_dry,
gba-bbmp-093,BBMP#93,Devarakere,BBMP,37351648,ISRO Layout Lake,South,Uttarahalli,1.69,1.26,1.75,0.06,0.49,0.739,0.446,317,1.47,1.12,0.94,0.88,250,10,1.19,119,29,0.317,1.0,osm+observed_max,medium,,
gba-bbmp-094,BBMP#94,Doddakallasandra Lake,BBMP,118910872,Doddakalasandra Lake,South,Anjanapura,5.81,4.27,5.82,0.01,1.55,0.751,0.262,296,4.4,4.07,3.18,0.69,250,10,4.7,470,117,0.192,1.0,osm+observed_max,medium,,
gba-bbmp-095,BBMP#95,Konanakunte Lake,BBMP,403081764,Konanakunte Lake,South,Konanakunte,2.04,0.56,2.03,0.0,1.48,0.33,0.039,310,0.68,0.05,0.0,0.0,250,10,1.46,146,36,0.28,1.0,osm+observed_max,medium,osm_mostly_dry,
gba-bbmp-096,BBMP#96,Kalyanikunte (Near Saibaba Temple),BBMP,117076682,Vasantapura Temple Kalyani,South,Vasanthapura,0.41,0.33,0.44,0.03,0.11,0.812,0.213,313,0.38,0.27,0.12,0.05,250,10,0.21,20,5,0.523,1.0,osm+observed_max,medium,,
gba-bbmp-097,BBMP#97,Kodige Singasandra Lake,BBMP,111871740,Begur Kere,South,Singasandra,2.88,2.39,3.13,0.25,0.74,0.796,0.361,312,2.69,2.3,1.78,1.05,250,10,2.2,220,55,0.295,1.0,osm+observed_max,low,assignment_unverified,
gba-bbmp-098,BBMP#98,Parappana Agrahara / Bangalore,BBMP,350153647,Parappana Agrahara Lake,South,Naganathapura,4.27,4.19,4.61,0.35,0.43,0.917,0.529,306,4.57,3.8,3.46,2.88,250,10,3.46,345,86,0.251,1.0,osm+observed_max,medium,,
gba-bbmp-099,BBMP#99,Singasandra Lake South Bangalore South,BBMP,133729402,Singasandra Lake,South,Bandepalya,2.01,2.34,2.57,0.58,0.25,0.884,0.53,308,2.71,2.03,1.55,1.12,250,10,1.64,163,40,0.363,1.0,osm+observed_max,medium,,
gba-bbmp-100,BBMP#100,Konappana Agrahara Lake,BBMP,781696169,Karabu Kere/Konappana agrahara lake,South,Naganathapura,1.36,1.05,1.39,0.03,0.34,0.775,0.333,316,1.19,1.05,0.74,0.36,250,10,0.91,90,22,0.349,1.0,osm+observed_max,medium,,
gba-bbmp-101,BBMP#101,Kudlu Anekal & Doddakere / Anekal Taluk,BBMP,133729401,Hosakere,South,Kudlu,12.88,11.5,13.22,0.36,1.74,0.874,0.727,306,11.76,11.17,10.55,9.68,250,10,11.0,1100,275,0.168,0.887,osm+observed_max,low,assignment_unverified,
gba-bbmp-102,BBMP#102,Kudlu Chikka Kere / and Bengaluru South Taluk Anekal Taluk,BBMP,18077303,Haraluru Lake,South,Kudlu,3.22,2.9,3.32,0.1,0.42,0.888,0.436,301,3.1,2.67,2.3,1.66,250,10,2.41,241,60,0.273,1.0,osm+observed_max,low,assignment_unverified,
gba-bbmp-103,BBMP#103,Handrahalli kere Bangalore North,BBMP,145513549,Andrahalli Lake,West,Andrahalli,3.55,3.43,3.7,0.16,0.28,0.926,0.343,315,3.51,2.98,2.37,1.09,250,10,2.95,295,73,0.203,1.0,osm+observed_max,medium,,
gba-bbmp-105,BBMP#105,Herohalli Lake Bangalore North,BBMP,6586695,Herohalli Kere,West,Herohalli,9.87,9.64,10.29,0.43,0.66,0.938,0.679,317,9.92,8.86,7.89,6.96,250,10,8.79,879,219,0.145,0.954,osm+observed_max,medium,,
gba-bbmp-106,BBMP#106,Vishwaneedam Lake Bangalore North,BBMP,146211757,Herohalli Thotadakere,West,Byadarahalli,0.95,0.52,0.95,0.0,0.43,0.578,0.137,308,0.55,0.37,0.28,0.0,250,10,0.47,47,11,0.502,1.0,osm+observed_max,low,assignment_unverified,
gba-bbmp-107,BBMP#107,Mallathahalli lake,BBMP,37898906,Mallathahalli Lake,West,Ullal,13.7,10.64,13.86,0.16,3.22,0.795,0.374,318,11.31,10.07,8.02,5.06,250,10,12.33,1233,308,0.11,0.83,osm+observed_max,medium,,
gba-bbmp-108,BBMP#108,Ullala lake,BBMP,146447604,Ullal Lake,West,Ullal,9.86,4.26,9.86,0.0,5.6,0.459,0.14,317,4.55,4.01,2.74,0.0,250,10,8.3,830,207,0.158,0.962,osm+observed_max,medium,osm_mostly_dry,
gba-bbmp-109,BBMP#109,Dubasipalya lake (Valagerehalli),BBMP,45741827,Dubasi Palya Kere,West,Shivanapalya,4.09,3.36,4.19,0.1,0.83,0.819,0.147,310,3.5,2.74,0.61,0.0,250,10,3.23,322,80,0.229,1.0,osm+observed_max,medium,,
gba-bbmp-111,BBMP#111,Mangammanahalli lake,BBMP,146752354,Manganahalli Lake,,,1.14,0.67,1.14,0.0,0.47,0.603,0.224,317,0.69,0.61,0.45,0.2,250,10,0.68,67,16,0.405,1.0,osm+observed_max,medium,,
gba-bbmp-112,BBMP#112,Kengeri Lake,BBMP,395505152,Kengeri Lake,West,Kengeri,9.79,2.88,9.79,0.0,6.91,0.331,0.039,298,3.28,1.11,0.0,0.0,250,10,8.11,810,202,0.172,1.0,osm+observed_max,medium,osm_mostly_dry,
gba-bbmp-114,BBMP#114,H Gollahalli kere/ Bangalore South,BBMP,1416896493,Gollahalli Kere,,,10.39,6.84,10.7,0.31,3.85,0.642,0.191,310,7.08,6.33,4.54,0.0,250,10,9.17,916,229,0.143,0.935,osm+observed_max,medium,,
gba-bbmp-115,BBMP#115,Jogi kere / Bangalore South,BBMP,1118946148,Jogi Kere,South,Talagattapura,0.58,0.25,0.58,0.0,0.33,0.662,0.205,292,0.42,0.27,0.13,0.09,250,10,0.3,29,7,0.485,1.0,osm+observed_max,medium,,
gba-bbmp-116,BBMP#116,Lingadeeranahalli,BBMP,1344973950,Lingadeeranahalli Lake,South,Talagattapura,1.75,0.09,1.75,0.0,1.66,0.063,0.015,295,0.11,0.0,0.0,0.0,250,10,1.22,121,30,0.306,1.0,osm+observed_max,medium,osm_mostly_dry,
gba-bbmp-118,BBMP#118,Konasandra Lake,BBMP,172671192,Konasandra Lake,West,Kengeri Kote ward,10.52,8.01,10.53,0.01,2.52,0.777,0.462,300,8.18,7.66,6.96,6.03,250,10,9.13,912,228,0.133,0.982,osm+observed_max,medium,,
gba-bbmp-119,BBMP#119,Sompura Lake,BBMP,231286369,Sompura Govt.lake,South,Talagattapura,7.34,3.52,7.34,0.0,3.82,0.495,0.276,297,3.63,3.31,2.71,2.3,250,10,6.02,602,150,0.179,1.0,osm+observed_max,medium,osm_mostly_dry,
gba-bbmp-121,BBMP#121,Talghatapura Lake,BBMP,19470041,Thalaghattapura Lake,South,Talagattapura,4.08,2.47,4.08,0.0,1.61,0.621,0.177,290,2.54,2.18,1.75,0.0,250,10,3.0,299,74,0.266,1.0,osm+observed_max,medium,,
gba-bbmp-123,BBMP#123,Mylasandra (Sunnakallu palya) lake,BBMP,1353425191,,West,Kengal Hanumanthaiah West,0.73,0.0,0.73,0.0,0.73,0,0.003,305,0.05,0.02,0.0,0.0,250,10,0.0,0,0,1.0,1.0,osm_only,low,no_water_observed;osm_mostly_dry,45741726:Hosakere
gba-bbmp-126,BBMP#126,Kodigehalli lake / Bangalore North,BBMP,1117566142,Kodigehalli kere,,,3.25,1.67,3.26,0.02,1.59,0.524,0.22,312,1.74,1.57,1.28,0.68,250,10,2.4,240,60,0.264,1.0,osm+observed_max,medium,,
gba-bbmp-127,BBMP#127,Kenchanpura lake,BBMP,1162717386,Kenchanapura Govt. Lake,,,5.02,3.41,5.05,0.03,1.64,0.68,0.429,316,3.46,3.24,2.88,2.32,250,10,3.99,398,99,0.211,1.0,osm+observed_max,medium,,
gba-bbmp-128,BBMP#128,Kanna halli lake,BBMP,146447556,Kannalli kere,,,22.14,12.93,22.48,0.35,9.56,0.596,0.146,316,13.65,10.35,5.52,0.25,250,10,19.6,1959,489,0.128,0.735,osm+observed_max,medium,,
gba-bbmp-129,BBMP#129,Soolikere,BBMP,675685139,Sulikere/ Herekere Lake,,,41.81,38.54,42.25,0.46,3.73,0.917,0.701,298,39.08,37.68,36.26,33.62,250,10,38.54,3853,963,0.088,0.674,osm+observed_max,medium,,1273317568:
gba-bbmp-130,BBMP#130,Bhimana kuppe,BBMP,253596652,Bheemanakuppa Lake,,,32.73,37.52,39.83,7.16,2.37,0.933,0.744,307,38.05,35.28,32.41,28.99,250,10,34.96,3496,874,0.122,0.72,osm+observed_max,medium,,
gba-bbmp-131,BBMP#131,",ward no 154 J.P Park / Bangalore North",BBMP,3816212,Mathikere Lake,North,J.P PARK,4.32,3.1,4.64,0.34,1.55,0.666,0.301,318,3.28,2.75,2.13,1.44,250,10,2.46,246,61,0.469,1.0,osm+observed_max,medium,,
gba-bbmp-132,BBMP#132,Srigandadkaval,BBMP,1390079362,Srigandakaval Lake,West,Srigandada Kaval,0.61,0.15,0.62,0.01,0.47,0.292,0.036,314,0.2,0.09,0.0,0.0,250,10,0.34,33,8,0.452,1.0,osm+observed_max,medium,osm_mostly_dry,
gba-bbmp-133,BBMP#133,Nagarabhavi Lake,BBMP,775470790,Nagarbhavi Lake,West,Vinayaka Layout,0.89,0.54,0.9,0.0,0.35,0.687,0.125,324,0.66,0.49,0.08,0.0,250,10,0.52,51,12,0.423,1.0,osm+observed_max,medium,,
gba-bbmp-134,BBMP#134,Bheemana Katte,BBMP,295768621,Bheemanakatte Lake,West,Bangarappa Nagara,0.71,0.3,1.0,0.3,0.71,0.112,0.024,318,0.39,0.31,0.14,0.0,250,10,0.51,51,12,0.492,1.0,osm+observed_max,medium,osm_mostly_dry,
gba-bbmp-135,BBMP#135,Pattangere/Kenchenahalli lake,BBMP,295768760,Kenchanahalli Lake,West,Rajarajeshwari Nagara,1.55,0.0,1.55,0.0,1.55,0.002,0.003,308,0.01,0.01,0.0,0.0,250,10,0.97,97,24,0.372,1.0,osm_only,low,no_water_observed;osm_mostly_dry,
gba-bbmp-136,BBMP#136,Halage vaderahalli Lake,BBMP,132997931,Halagevader Halli Lake,West,Rajarajeshwari Nagara,2.85,1.73,2.89,0.05,1.17,0.605,0.213,313,1.82,1.42,1.0,0.56,250,10,2.16,216,54,0.253,1.0,osm+observed_max,medium,,
gba-bbmp-137,BBMP#137,Hoskerehalli Lake,BBMP,41196197,Hosakerahalli Lake,West,Bangarappa Nagara,14.98,1.4,14.98,0.0,13.58,0.131,0.023,309,2.0,0.0,0.0,0.0,250,10,13.15,1314,328,0.122,0.819,osm+observed_max,medium,osm_mostly_dry,
gba-bbmp-138,BBMP#138,Chikka Bettahalli Lake,BBMP,1181417682,Chikkabettahalli Lake,North,Attur,1.87,1.61,2.02,0.16,0.42,0.831,0.238,324,2.06,1.57,0.96,0.24,250,10,1.29,128,32,0.362,1.0,osm+observed_max,medium,,
gba-bbmp-139,BBMP#139,Veerasagara lake,BBMP,41667652,Veerasagara Lake,,,6.55,5.97,6.74,0.2,0.78,0.894,0.416,316,6.14,5.59,5.0,3.37,250,10,5.21,520,130,0.228,1.0,osm+observed_max,medium,,
gba-bbmp-140,BBMP#140,Harohalli lake,BBMP,497580851,Harohalli Kere,,,20.01,12.91,20.29,0.29,7.39,0.657,0.143,302,13.56,10.4,4.4,0.05,250,10,17.43,1743,435,0.141,0.872,osm+observed_max,medium,,
gba-bbmp-141,BBMP#141,Yelahanka Amani kere,BBMP,10179602,Yelahanka Lake,North,Aerocity,96.12,96.78,98.56,2.52,1.86,0.983,0.895,319,0.24,0.14,0.09,0.04,250,20,85.34,8534,2133,0.134,0.546,osm+observed_max,medium,,
gba-bbmp-142,BBMP#142,Attur lake,BBMP,15989751,Attur Lake,North,Doddabettahalli,22.53,22.05,23.71,1.19,1.67,0.931,0.307,310,22.2,21.63,11.96,4.41,250,10,21.11,2110,527,0.11,0.741,osm+observed_max,medium,,
gba-bbmp-143,BBMP#143,Allalasandra lake,BBMP,41206188,Allalasandra Lake,North,Nyayanga Badavane,14.24,15.48,15.98,1.79,0.55,0.964,0.833,333,16.04,14.38,13.1,12.29,250,10,13.11,1311,327,0.179,0.924,osm+observed_max,medium,,16048376:Allalasandra Lake
gba-bbmp-144,BBMP#144,Srinivasapura Lake,BBMP,1460088555,,North,Kogilu,0.33,0.0,0.33,0.0,0.33,0.404,0.073,324,0.25,0.11,0.04,0.02,250,10,0.11,11,2,0.665,1.0,osm_only,low,no_water_observed;osm_mostly_dry,
gba-bbmp-145,BBMP#145,Shivanahalli Lake,BBMP,,(hand-digitised from observed water),North,Nyayanga Badavane,0.44,0.44,0.43,0.0,0.0,1,0.235,323,0.51,0.37,0.16,0.06,250,10,0.12,12,3,0.711,1.0,hand_digitised_from_observed_water,low,assignment_unverified,
gba-bbmp-146,BBMP#146,Rachenahalli Lake,BBMP,6041559,Rachenahalli Lake,North,Jakkur,35.85,35.4,37.06,1.23,1.68,0.958,0.861,319,35.89,34.39,32.72,31.01,250,10,33.12,3312,828,0.106,0.784,osm+observed_max,medium,,
gba-bbmp-147,BBMP#147,Amruthahalli Lake,BBMP,42655050,Amruthalli Lake,North,Amruthahalli,7.44,4.34,7.74,0.3,3.4,0.571,0.141,326,4.71,3.73,2.09,0.02,250,10,6.19,619,154,0.2,0.992,osm+observed_max,medium,,
gba-bbmp-148,BBMP#148,Doddabommasandra Lake,BBMP,19063723,Doddabommasandra Kere,North,Doddabommasandra,33.58,34.5,36.25,2.72,1.8,0.952,0.406,324,34.61,30.56,26.87,13.05,500,10,31.48,3148,787,0.132,0.946,osm+observed_max,medium,,
gba-bbmp-149,BBMP#149,Singapura Lake,BBMP,413529791,Singapura Kere,North,Singapura,3.05,2.6,3.07,0.03,0.47,0.872,0.516,318,2.75,2.42,2.24,1.93,250,10,2.4,239,59,0.22,1.0,osm+observed_max,medium,,1195998718:
gba-bbmp-150,BBMP#150,Narasipura Lake 20,BBMP,16075392,Narsipura Lake,North,Vidyaranyapura,3.64,5.21,5.47,1.89,0.31,0.923,0.282,332,5.87,3.83,2.01,0.41,500,10,3.11,311,77,0.431,1.0,osm+observed_max,medium,,
gba-bbmp-152,BBMP#152,Kogilu Lake,BBMP,41667656,Kogilu Lake,North,Kogilu,24.15,16.47,24.26,0.11,7.78,0.701,0.188,318,17.05,13.9,9.47,0.55,250,10,21.81,2181,545,0.101,0.726,osm+observed_max,medium,,
gba-bbmp-153,BBMP#153,Palanahalli Lake,BBMP,904374443,Palanahalli Lake,North,Kogilu,7.31,6.14,7.33,0.03,1.2,0.862,0.395,326,6.44,5.65,4.32,3.1,250,10,6.11,610,152,0.167,0.976,osm+observed_max,medium,,
gba-bbmp-154,BBMP#154,Kattigenahalli Lake,BBMP,43990804,Kattigenahalli Lake,North,Kogilu,5.46,5.41,5.66,0.2,0.26,0.955,0.645,319,5.49,5.17,4.54,3.77,250,10,4.59,458,114,0.189,0.999,osm+observed_max,medium,,
gba-bbmp-155,BBMP#155,Jakkur Lake,BBMP,9321012,Jakkur Lake,North,Jakkur,49.69,45.36,50.86,1.21,5.54,0.898,0.774,320,46.42,43.79,41.16,39.75,500,20,39.92,3991,997,0.215,0.813,osm+observed_max,medium,,
gba-bbmp-156,BBMP#156,Agrahara Lake,BBMP,15989383,Agrahara Lake,North,Sampigehalli,4.27,3.79,4.44,0.17,0.65,0.883,0.402,317,4.06,3.42,2.83,1.95,250,10,3.52,352,88,0.207,1.0,osm+observed_max,medium,,
gba-bbmp-157,BBMP#157,Thirumenahalli Lake,BBMP,43609776,Thirumenahalli Lake,North,Sampigehalli,5.66,4.67,5.69,0.03,1.03,0.838,0.378,327,4.86,4.44,3.61,1.93,250,10,4.56,455,113,0.199,1.0,osm+observed_max,medium,,
gba-bbmp-158,BBMP#158,Chokkanahalli Lake,BBMP,1252731180,Chokkanahalli Lake,North,Sampigehalli,0.27,0.65,0.9,0.65,0.27,0,0.012,324,0.8,0.49,0.27,0.12,250,10,0.23,22,5,0.749,1.0,osm+observed_max,low,osm_mostly_dry;observed_max_dominates,
gba-bbmp-159,BBMP#159,Venkateshapura Lake,BBMP,208958023,,North,Sampigehalli,0.46,0.15,0.46,0.01,0.32,0.454,0.055,328,0.23,0.09,0.0,0.0,250,10,0.21,21,5,0.545,1.0,osm+observed_max,medium,osm_mostly_dry,
gba-bbmp-160,BBMP#160,Kempambudhi Lake,BBMP,38047206,Kempambudhi Kere,West,Kempambudhi Ward,7.07,6.92,7.69,0.63,0.78,0.906,0.684,307,7.14,6.03,5.54,4.95,250,10,6.26,626,156,0.185,0.989,osm+observed_max,medium,,
gba-bbmp-161,BBMP#161,Yediyur Lake,BBMP,9362927,Yediyur Lake,West,Yediyuru,3.89,4.12,4.25,0.37,0.13,0.968,0.78,306,4.34,3.69,3.36,3.04,250,10,3.43,343,85,0.191,1.0,osm+observed_max,medium,,
gba-bbmp-162,BBMP#162,Deepanjali Nagara lake,BBMP,116792836,Deepanjali Nagara Kere,West,Deepanjali Nagara,1.42,0.93,1.42,0.0,0.49,0.704,0.203,323,1.11,0.87,0.55,0.09,250,10,0.93,92,23,0.347,1.0,osm+observed_max,medium,,
gba-bbmp-163,BBMP#163,Gowdanapalya Lake,BBMP,41189469,Gowdana Kere,South,Gowdanapalya,2.48,1.22,2.48,0.0,1.26,0.552,0.137,315,1.47,1.19,0.67,0.0,250,10,1.87,187,46,0.246,1.0,osm+observed_max,medium,,
gba-bbmp-164,BBMP#164,Byrasandra,BBMP,28126428,Byrasandra Lake,Central,BHEL Ward,2.62,2.38,2.66,0.05,0.28,0.9,0.397,321,2.52,1.97,1.68,1.17,250,10,2.07,206,51,0.223,1.0,osm+observed_max,medium,,
gba-bbmp-165,BBMP#165,Mestripalya Lake,BBMP,427568008,Mestripalya lake,South,Kormangala East,2.3,0.74,2.3,0.0,1.56,0.369,0.041,296,0.85,0.1,0.0,0.0,250,10,1.55,154,38,0.328,1.0,osm+observed_max,medium,osm_mostly_dry,
gba-bbmp-166,BBMP#166,Dasarahalli (Chokkasandra) Lake,BBMP,16245927,Dasarahalli Tank,West,Chokkasandra,5.83,5.21,5.98,0.16,0.79,0.88,0.483,307,5.49,4.65,3.57,2.9,250,10,4.74,474,118,0.207,1.0,osm+observed_max,medium,,
gba-bbmp-167,BBMP#167,Nelagedaranahalli Lake,BBMP,675669761,Nelagadiranahalli Hosakere,West,Shivapura,5.81,4.52,5.86,0.05,1.34,0.793,0.331,323,4.78,3.96,2.97,2.08,250,10,4.59,458,114,0.217,1.0,osm+observed_max,medium,,
gba-bbmp-168,BBMP#168,Shivapura Lake,BBMP,750685724,Shivapura Old Lake,West,Nelagadaranahalli,1.55,1.12,1.67,0.12,0.55,0.678,0.143,322,1.21,0.91,0.37,0.02,250,10,1.04,104,26,0.375,1.0,osm+observed_max,medium,,
gba-bbmp-169,BBMP#169,Bagalagunte Lake,BBMP,472975375,Bagalagunte Lake,North,Bagalagunte,2.99,1.67,2.99,0.0,1.32,0.596,0.148,334,1.81,1.34,0.7,0.12,250,10,2.25,224,56,0.247,1.0,osm+observed_max,medium,,
gba-bbmp-170,BBMP#170,Kammagondanahalli Lake,BBMP,135267829,Kammagondanahalli Lake,North,Shettihalli,7.47,4.64,7.47,0.0,2.83,0.645,0.117,317,4.81,3.74,1.09,0.0,250,10,6.25,624,156,0.163,0.963,osm+observed_max,medium,,
gba-bbmp-171,BBMP#171,Mallasandra gudde Lake,BBMP,190584885,Mallasandra Lake,North,Mallasandra,4.43,0.0,4.42,0.0,4.43,0,0.005,323,0.21,0.18,0.14,0.02,250,10,3.47,346,86,0.216,1.0,osm_only,low,no_water_observed;osm_mostly_dry,
gba-bbmp-172,BBMP#172,Abbigere Lake,BBMP,41667654,Abbigere Lake,North,Abbigere,9.43,7.15,9.48,0.06,2.34,0.785,0.151,314,7.5,6.72,0.81,0.0,250,10,7.85,785,196,0.172,0.996,osm+observed_max,medium,,
gba-bbmp-173,BBMP#173,Lakshmipura Lake,BBMP,1254929805,Lakshmipura Lake,North,Abbigere,1.85,1.1,1.89,0.03,0.79,0.591,0.129,304,1.13,0.93,0.36,0.0,250,10,1.24,123,30,0.343,1.0,osm+observed_max,medium,,
gba-bbmp-175,BBMP#175,Karihobanahalli Lake (Narasappanakere) Lake,BBMP,45921399,Narasappanahalli kere,West,Dodda Bidarakallu,17.39,11.35,17.56,0.19,6.23,0.656,0.115,309,11.83,10.39,0.06,0.0,250,10,14.94,1494,373,0.149,0.953,osm+observed_max,medium,,
gba-bbmp-176,BBMP#176,Sankey Lake,BBMP,6030715,Sankey Tank,West,Sadashiva Nagara,12.48,13.91,14.3,1.85,0.42,0.974,0.746,322,14.28,12.52,10.99,10.0,500,10,12.0,1200,300,0.161,0.903,osm+observed_max,medium,,1214107286:
gba-bbmp-177,BBMP#177,Nayandanahalli Lake,BBMP,17379150,Nayandahalli Lake,West,Nayanda Halli,3.39,3.64,4.18,0.81,0.56,0.874,0.293,308,4.29,3.26,2.29,0.02,250,10,2.96,295,73,0.293,1.0,osm+observed_max,medium,,
gba-bbmp-187,BBMP#187,Chikkakalasandra Lake,BBMP,740925682,Chikkalasandra lake,South,Padmanabhanagara,2.16,0.0,2.17,0.0,2.16,0,0.016,316,0.2,0.07,0.0,0.0,250,10,1.61,160,40,0.26,1.0,osm_only,low,no_water_observed;osm_mostly_dry,
gba-bbmp-191,BBMP#191,Arehalli 2 & 3 (Small tanks) (Disused lake),BBMP,1164540809,Arehalli Lake,,,4.67,2.62,4.67,0.0,2.05,0.58,0.228,625,2.71,2.36,1.84,0.92,250,10,3.5,350,87,0.25,1.0,osm+observed_max,medium,,
gba-bbmp-197,BBMP#197,Gangondanahalli Lake,BBMP,45921942,Gangondanahalli Lake,,,15.6,4.38,15.6,0.0,11.22,0.319,0.061,310,4.98,3.02,0.55,0.0,250,10,13.68,1368,342,0.123,0.832,osm+observed_max,medium,osm_mostly_dry,
gba-bbmp-198,BBMP#198,Ramagondahalli,BBMP,412909369,Ramagondanahalli Lake,,,11.27,9.08,11.3,0.03,2.22,0.818,0.168,306,9.27,7.31,2.86,0.08,250,10,9.92,991,247,0.122,0.865,osm+observed_max,medium,,
gba-bbmp-199,BBMP#199,Avalahalli,BBMP,1204457738,Avalahalli Kere,,,3.61,3.51,3.93,0.33,0.43,0.887,0.236,314,3.58,2.82,1.75,0.17,250,10,3.06,305,76,0.222,1.0,osm+observed_max,medium,,
gba-bbmp-200,BBMP#200,Vaderahalli,BBMP,1127727173,Vaderahalli kere,,,2.42,1.39,2.43,0.01,1.04,0.662,0.232,324,1.72,1.37,1.06,0.39,250,10,1.77,176,44,0.272,1.0,osm+observed_max,medium,,
gba-bbmp-201,BBMP#201,Medi agrahara,BBMP,1254929806,Medi Agrahara Kere,,,1.35,1.1,1.73,0.38,0.63,0.611,0.164,315,1.25,0.92,0.39,0.08,250,10,1.09,108,27,0.37,1.0,osm+observed_max,medium,,
gba-bda-001,BDA#1,Bellanduru Lake,BDA,19751547,Bellandur Lake,East,Yamalur,315.83,206.61,316.76,0.92,110.14,0.666,0.157,298,211.11,168.26,80.83,15.71,250,20,287.62,28761,7190,0.092,0.407,osm+observed_max,medium,,331515388:;1409994956:
gba-bda-002,BDA#2,Varthur Lake,BDA,19306126,Varthur Lake,East,Varthur,154.32,126.78,154.99,0.7,28.24,0.835,0.178,307,129.67,102.03,41.61,1.76,250,20,131.62,13162,3290,0.151,0.503,osm+observed_max,medium,,1507821941:
gba-bda-003,BDA#3,Ramasandra Lake,BDA,675685126,Ramasandra Lake,,,2.02,1.26,2.02,0.0,0.76,0.683,0.278,323,1.4,1.22,1.08,0.53,250,10,1.48,147,36,0.269,1.0,osm+observed_max,low,assignment_unverified,
gba-bda-004,BDA#4,Kommaghatta Lake,BDA,6586696,Kommagatta Lake,,,11.25,10.45,11.63,0.4,1.2,0.901,0.637,314,10.61,9.6,8.67,7.61,250,10,9.99,999,249,0.141,0.98,osm+observed_max,medium,,
gba-bda-005,BDA#5,Chikkabanavara lake,BDA,75610567,Chikkabanavara Lake,,,32.29,32.39,33.87,1.61,1.52,0.956,0.527,311,32.96,31.33,28.29,23.86,250,10,30.68,3067,766,0.094,0.68,osm+observed_max,medium,,
gba-bmrcl-001,BMRCL#1,Veerasandra Lake,BMRCL,17012230,Veerasandra Lake,,,3.07,3.06,4.06,1.01,1.02,0.759,0.272,306,3.86,2.55,1.78,0.79,500,10,2.29,228,57,0.437,1.0,osm+observed_max,medium,,
gba-forest-001,Forest Department#1,Madivala Lake,Forest Department,2310417,Madiwala Lake,South,Bilekahalli,82.84,77.46,91.01,8.34,13.72,0.843,0.572,301,81.63,70.06,64.67,58.49,1000,20,69.53,6953,1738,0.236,0.717,osm+observed_max,medium,,
gba-forest-002,Forest Department#2,Puttenahalli Lake,Forest Department,15989750,Puttenahalli Lake,North,Doddabettahalli,8.46,4.95,8.73,0.28,3.78,0.564,0.17,313,5.14,4.14,2.71,0.65,250,10,6.21,620,155,0.289,1.0,osm+observed_max,medium,,
gba-forest-003,Forest Department#3,Hebbala Lake,Forest Department,8754543,Hebbal Lake,North,Rajiv Gandhi Nagar,45.34,39.71,46.6,1.31,6.94,0.849,0.685,317,39.95,38.51,36.6,34.33,250,10,41.38,4138,1034,0.112,0.875,osm+observed_max,medium,,
gba-forest-004,Forest Department#4,Nagavara Lake,Forest Department,30414489,Nagawara Lake,North,Kempapura,29.24,20.88,30.27,1.05,9.41,0.687,0.558,320,21.68,20.04,18.74,17.89,250,10,26.96,2695,673,0.109,0.825,osm+observed_max,medium,,
