spine_id,name,custodian,corporation,footprint_ha,boundary_confidence,lake_type,classifier_confidence,season,clear_passes,days_since_last_clear,W1,W2,W4,W5,Q1,Q3,Q5,Q7,P1,W1_band,W2_band,W4_band,W5_band,Q1_band,Q3_band,Q5_band,Q7_band,P1_band,W1_p7,W2_p7,W4_p7,W5_p7,Q1_p7,Q3_p7,Q5_p7,Q7_p7,P1_p7,W1_conf,W2_conf,W4_conf,W5_conf,Q1_conf,Q3_conf,Q5_conf,Q7_conf,P1_conf,H1_ha,H2,W4_events_2025,W4_events_2026,B1_built,B1_year,kspcb_class,programme,cascade_position,insufficient
gba-bbmp-001,Ambalipura Kelagina kere,BBMP,South,2.2,medium,choked,medium,monsoon (Jun-Sep) 2026,8,17,0.1023,0.6409,0.0,0.1469,0.2873,-0.2812,1.7826,85.6415,1.0,0.0985,0.1268,0.0502,0.1067,0.1046,0.1294,0.4064,523.1522,0.0002,74.2,54.8,50.0,29.0,84.6,0.0,100.0,69.2,84.6,low,medium,medium,medium,low,low,low,low,low,0.23,0.167,2,0,0.0015,2026,E,BBMP budget 2025-26 (24 lakes; Rs 50 cr),2,
gba-bbmp-002,Gunjur Palya kere,BBMP,East,12.84,medium,choked,medium,monsoon (Jun-Sep) 2026,6,19,0.0031,0.8871,0.0,0.0996,,,,,,0.0533,0.0689,0.0501,0.0679,,,,,,16.2,85.3,25.0,29.4,,,,,,medium,medium,medium,medium,,,,,,0.04,0.004,0,0,0.0001,2026,,BBMP budget 2025-26 (24 lakes; Rs 50 cr),3,Q1: 2 passes with a value in monsoon (Jun-Sep) 2026 (floor 4); Q3: 2 passes with a value in monsoon (Jun-Sep) 2026 (floor 4); Q5: 2 passes with a value in monsoon (Jun-Sep) 2026 (floor 4); Q7: 2 passes with a value in monsoon (Jun-Sep) 2026 (floor 4); P1: 2 passes with a value in monsoon (Jun-Sep) 2026 (floor 4)
gba-bbmp-003,Gunjuru Karmelaram lake,BBMP,East,2.09,medium,choked,medium,monsoon (Jun-Sep) 2026,7,24,0.0,0.6906,0.0,0.3094,,,,,,0.0502,0.127,0.0502,0.127,,,,,,23.0,43.2,29.7,78.4,,,,,,low,medium,medium,medium,,,,,,0.0,0.0,2,0,0.0002,2026,,works approaching completion by Nov 2025 (7 lakes; 240 acres),1,Q1: 0 passes with a value in monsoon (Jun-Sep) 2026 (floor 4); Q3: 0 passes with a value in monsoon (Jun-Sep) 2026 (floor 4); Q5: 0 passes with a value in monsoon (Jun-Sep) 2026 (floor 4); Q7: 0 passes with a value in monsoon (Jun-Sep) 2026 (floor 4); P1: 0 passes with a value in monsoon (Jun-Sep) 2026 (floor 4)
gba-bbmp-004,Panathur lake,BBMP,East,4.51,medium,open,medium,monsoon (Jun-Sep) 2026,6,24,0.315,0.4066,0.0,0.2282,0.3302,-0.2393,1.6295,109.9049,0.9816,0.1001,0.103,0.0501,0.0953,0.0881,0.0695,0.2395,49.3319,0.0145,24.3,100.0,35.1,32.4,100.0,13.9,86.1,88.9,100.0,low,medium,medium,medium,low,low,low,low,low,1.42,0.332,0,1,0.0,2026,E,BBMP budget 2025-26 (24 lakes; Rs 50 cr),4,
gba-bbmp-005,Varanasi Lake,BBMP,East,2.14,medium,mixed,medium,monsoon (Jun-Sep) 2026,11,14,0.2606,0.0005,0.0592,0.4561,0.0834,-0.0445,1.0931,59.2078,0.0785,0.1276,0.054,0.0917,0.138,0.0224,0.0377,0.0848,306.264,0.0475,42.9,14.3,76.2,59.5,34.5,86.2,13.8,41.4,17.2,low,medium,medium,medium,low,low,low,low,low,0.56,0.315,4,19,0.0,2026,E,,1,
gba-bbmp-006,Amblipura melina kere,BBMP,South,4.9,medium,choked,medium,monsoon (Jun-Sep) 2026,8,17,0.0417,0.7189,0.0532,0.1884,,,,,,0.0734,0.1026,0.0763,0.0958,,,,,,68.6,82.9,28.6,37.1,,,,,,low,medium,medium,medium,,,,,,0.2,0.059,37,30,0.0533,2026,,BBMP budget 2025-26 (24 lakes; Rs 50 cr),1,Q1: 3 passes with a value in monsoon (Jun-Sep) 2026 (floor 4); Q3: 3 passes with a value in monsoon (Jun-Sep) 2026 (floor 4); Q5: 3 passes with a value in monsoon (Jun-Sep) 2026 (floor 4); Q7: 3 passes with a value in monsoon (Jun-Sep) 2026 (floor 4); P1: 3 passes with a value in monsoon (Jun-Sep) 2026 (floor 4)
gba-bbmp-007,Kaigondanahalli Lake,BBMP,South,31.75,medium,mixed,medium,monsoon (Jun-Sep) 2026,8,17,0.4129,0.1717,0.1264,0.2691,0.2314,-0.0929,1.2096,77.9417,0.9798,0.0719,0.0668,0.0648,0.0698,0.1753,0.0758,0.1938,57.6055,0.0063,68.0,44.0,76.0,24.0,40.0,84.0,16.0,44.0,64.0,medium,medium,medium,medium,low,low,low,low,medium,13.11,0.437,37,30,0.0207,2026,D,,5,
gba-bbmp-008,Kasavanahalli lake,BBMP,South,13.91,medium,open,medium,monsoon (Jun-Sep) 2026,7,17,0.3742,0.1249,0.0194,0.041,0.0595,-0.068,1.1482,58.4492,0.0712,0.0779,0.0691,0.0579,0.0614,0.019,0.0483,0.1113,519.0315,0.0148,0.0,17.9,96.4,25.0,35.7,92.9,7.1,25.0,32.1,medium,medium,medium,medium,low,low,low,low,medium,5.21,0.397,2,3,0.0,2026,D,,4,
gba-bbmp-009,Haraluru kere,BBMP,South,8.56,medium,open,medium,monsoon (Jun-Sep) 2026,7,19,0.6808,0.291,0.0,0.0282,0.1709,-0.0614,1.1304,76.9147,1.0,0.0858,0.0848,0.0501,0.0627,0.0599,0.0416,0.0972,243.8686,0.0001,46.4,71.4,14.3,21.4,30.8,88.5,11.5,46.2,86.5,medium,medium,medium,medium,low,low,low,low,medium,5.83,0.709,0,0,0.0,2026,D,,3,
gba-bbmp-010,Sowl kere,BBMP,East,18.19,medium,choked,medium,monsoon (Jun-Sep) 2026,7,17,0.1284,0.7258,0.0,0.1444,0.1995,-0.0851,1.1861,58.1591,1.0,0.0666,0.0722,0.05,0.0675,0.1593,0.0876,0.2339,9.0282,0.0,40.7,48.1,46.3,85.2,70.8,75.0,25.0,54.2,91.7,medium,medium,medium,medium,low,low,low,low,medium,2.34,0.171,0,1,0.0007,2026,,,6,
gba-bbmp-011,Devarabeesanahalli Lake,BBMP,East,4.08,medium,open,medium,monsoon (Jun-Sep) 2026,6,49,0.5033,0.3061,0.0054,0.1064,0.1439,-0.1775,1.4335,66.8285,0.7668,0.1066,0.1022,0.0583,0.0849,0.0476,0.0703,0.1925,21.2794,0.0479,24.1,79.3,75.9,55.2,75.9,44.8,55.2,24.1,62.1,low,medium,medium,medium,low,low,low,low,low,2.05,0.538,3,5,0.0472,2026,E,,1,
gba-bbmp-012,Doddakanahalli kere,BBMP,East,8.04,medium,open,medium,monsoon (Jun-Sep) 2026,7,24,0.5755,0.1039,0.0485,0.2011,0.2787,-0.2232,1.575,88.9157,0.9467,0.0896,0.0744,0.0672,0.0821,0.105,0.1001,0.2782,38.3506,0.018,47.1,35.3,76.5,73.5,67.6,17.6,82.4,73.5,29.4,medium,medium,medium,medium,low,low,low,low,medium,4.63,0.593,4,4,0.0,2026,D,,2,
gba-bbmp-013,Munnekolalu kere,BBMP,East,7.51,medium,mixed,medium,monsoon (Jun-Sep) 2026,5,49,0.3906,0.3223,0.1002,0.1868,0.4557,-0.1987,1.4949,60.1254,0.9919,0.0949,0.093,0.0776,0.0859,0.1302,0.0804,0.2409,167.7354,0.0083,46.7,76.7,70.0,20.0,85.7,46.4,53.6,25.0,50.0,medium,medium,medium,medium,low,low,low,low,medium,2.93,0.389,42,31,0.0137,2026,E,BBMP budget 2025-26 (24 lakes; Rs 50 cr),2,
gba-bbmp-014,Chinnappanahalli,BBMP,East,3.62,medium,mixed,medium,monsoon (Jun-Sep) 2026,5,49,0.494,0.3128,0.1447,0.0633,0.4784,-0.2412,1.634,69.1553,0.9991,0.1156,0.1109,0.0962,0.082,0.1335,0.0867,0.2881,426.5693,0.0039,86.7,53.3,83.3,6.7,83.3,20.8,79.2,62.5,83.3,low,medium,medium,medium,low,low,low,low,low,1.79,0.504,43,33,0.0,2026,E,,1,
gba-bbmp-015,Shilavanthana kere,BBMP,East,4.59,medium,open,medium,monsoon (Jun-Sep) 2026,10,9,0.5916,0.2064,0.0,0.0859,0.2137,-0.1202,1.2752,61.2736,1.0,0.1036,0.0942,0.0501,0.0806,0.1452,0.0716,0.1841,62.5787,0.0001,45.7,40.0,48.6,48.6,42.4,63.6,36.4,33.3,74.2,low,medium,medium,medium,low,low,low,low,low,2.72,0.687,0,2,0.0,2026,E,,3,
gba-bbmp-016,Kundalahalli Lake,BBMP,East,11.41,medium,mixed,medium,monsoon (Jun-Sep) 2026,8,24,0.4772,0.1918,0.0559,0.2648,0.3611,-0.2275,1.5932,66.1908,0.9787,0.0864,0.0787,0.0668,0.0822,0.0728,0.072,0.2444,152.7874,0.0105,73.7,71.1,31.6,21.1,94.4,16.7,83.3,61.1,86.1,medium,medium,medium,medium,low,low,low,low,medium,5.44,0.51,27,17,0.0017,2026,D,,1,
gba-bbmp-018,Garudachar Palya Lake,BBMP,East,1.68,medium,small,medium,monsoon (Jun-Sep) 2026,9,14,0.2745,0.1965,0.122,0.3869,0.0943,-0.0514,1.1084,72.4517,0.3635,0.1498,0.1389,0.1232,0.1589,0.1077,0.0906,0.2391,895.8355,0.1076,50.0,37.5,75.0,50.0,12.1,97.0,3.0,42.4,12.1,low,low,low,low,low,low,low,low,low,0.46,0.316,34,28,,,E,,1,B1: no Dynamic World year with enough scenes
gba-bbmp-019,Garudachar Palya (Goshala) Lake,BBMP,East,2.68,low,mixed,medium,monsoon (Jun-Sep) 2026,8,14,0.3117,0.1173,0.1476,0.4062,0.2914,-0.1826,1.4467,74.8799,1.0,0.1375,0.1108,0.117,0.1428,0.1417,0.0919,0.2597,23.2004,0.0002,75.0,50.0,88.9,38.9,68.8,45.8,54.2,58.3,79.2,low,medium,medium,low,low,low,low,low,low,0.84,0.335,20,21,,,D,,1,B1: no Dynamic World year with enough scenes
gba-bbmp-020,Doddanekundi lake,BBMP,East,38.15,medium,choked,medium,monsoon (Jun-Sep) 2026,8,49,0.8432,0.1168,0.0002,0.0558,0.354,-0.1587,1.3788,81.2356,0.999,0.0622,0.0608,0.0505,0.0577,0.1206,0.0726,0.1972,27.2788,0.0011,100.0,4.2,87.5,62.5,88.2,41.2,58.8,76.5,82.4,medium,medium,medium,medium,medium,medium,medium,medium,medium,32.17,0.952,0,1,0.0007,2026,D,BBMP budget 2025-26 (24 lakes; Rs 50 cr),3,
gba-bbmp-021,Sadaramangala Lake,BBMP,East,0.1,low,no-data,low,monsoon (Jun-Sep) 2026,12,9,,,,,,,,,,,,,,,,,,,,,,,,,,,,,,,,,,,,,,,0,0,,,E,,,W1: 0 passes with a value in monsoon (Jun-Sep) 2026 (floor 4); W2: 0 passes with a value in monsoon (Jun-Sep) 2026 (floor 4); W4: 0 passes with a value in monsoon (Jun-Sep) 2026 (floor 4); W5: 0 passes with a value in monsoon (Jun-Sep) 2026 (floor 4); Q1: 0 passes with a value in monsoon (Jun-Sep) 2026 (floor 4); Q3: 0 passes with a value in monsoon (Jun-Sep) 2026 (floor 4); Q5: 0 passes with a value in monsoon (Jun-Sep) 2026 (floor 4); Q7: 0 passes with a value in monsoon (Jun-Sep) 2026 (floor 4); P1: 0 passes with a value in monsoon (Jun-Sep) 2026 (floor 4); B1: no Dynamic World year with enough scenes
gba-bbmp-022,Bhoganahalli Lake,BBMP,East,3.71,medium,mixed,medium,monsoon (Jun-Sep) 2026,8,4,0.0351,0.0787,0.0,0.7117,0.1929,-0.1006,1.2237,78.8682,0.9167,0.0718,0.082,0.0501,0.1038,0.0789,0.0492,0.1184,675.8367,0.0328,44.6,35.7,41.1,67.9,70.6,52.9,47.1,64.7,47.1,low,medium,medium,medium,low,low,low,low,low,0.13,0.047,0,2,0.0,2026,E,,1,
gba-bbmp-023,Hoodi Giddanakere Lake,BBMP,East,3.42,low,mixed,medium,monsoon (Jun-Sep) 2026,11,9,0.2867,0.201,0.0,0.4093,0.1483,-0.1624,1.3878,54.078,0.8621,0.1074,0.1009,0.0501,0.1124,0.0847,0.0678,0.1724,11.7442,0.0438,55.0,35.0,40.0,62.5,56.2,34.4,65.6,28.1,50.0,low,medium,medium,low,low,low,low,low,low,0.98,0.409,1,2,0.0012,2026,,works approaching completion by Nov 2025 (7 lakes; 240 acres),1,
gba-bbmp-024,Panathur lake,BBMP,East,0.94,low,small,medium,monsoon (Jun-Sep) 2026,6,24,0.1379,0.1885,0.0,0.5693,0.1444,-0.1645,1.3982,80.2886,0.806,0.1422,0.1545,0.0503,0.1823,0.0556,0.0737,0.192,29.1557,0.1057,18.4,89.5,43.4,60.5,81.2,31.2,68.8,65.6,71.9,insufficient,low,low,low,insufficient,low,low,low,insufficient,0.13,0.166,0,1,,,E,,,B1: no Dynamic World year with enough scenes
gba-bbmp-025,Hoodi kere,BBMP,East,9.22,medium,mixed,medium,monsoon (Jun-Sep) 2026,12,4,0.0063,0.8401,0.0,0.1377,0.1088,-0.0568,1.1205,51.3939,0.6061,0.0557,0.0762,0.0501,0.0747,0.037,0.0342,0.0844,57.9522,0.035,17.6,91.2,38.2,58.8,37.0,81.5,18.5,37.0,37.0,medium,medium,medium,medium,low,low,low,low,medium,0.06,0.007,2,0,0.1836,2026,D,,2,
gba-bbmp-026,Nalluralli tank,BBMP,East,9.43,medium,open,medium,monsoon (Jun-Sep) 2026,9,4,0.3661,0.525,0.0,0.1001,0.1415,-0.0668,1.1436,52.8336,0.9802,0.0846,0.0859,0.0501,0.0715,0.0806,0.059,0.146,17.0218,0.01,36.4,93.9,25.8,21.2,67.9,82.1,17.9,67.9,75.0,medium,medium,medium,medium,low,low,low,low,medium,3.45,0.421,2,5,0.0209,2026,D,,2,
gba-bbmp-027,SitaramPalya lake,BBMP,East,4.06,medium,choked,medium,monsoon (Jun-Sep) 2026,9,4,0.4858,0.3825,0.0,0.0244,0.3855,-0.1738,1.4207,84.8643,0.9994,0.1062,0.1047,0.0501,0.0674,0.1796,0.0878,0.2527,142.8421,0.0028,77.8,33.3,47.2,13.9,80.0,30.0,70.0,63.3,73.3,low,medium,medium,medium,low,low,low,low,low,1.97,0.632,2,0,0.0,2026,E,,1,
gba-bbmp-028,Chikkabellandur Lake,BBMP,East,20.11,medium,choked,medium,monsoon (Jun-Sep) 2026,8,4,0.0,0.12,0.0033,0.852,,,,,,0.05,0.0653,0.0527,0.0667,,,,,,13.3,0.0,96.7,100.0,,,,,,medium,medium,medium,medium,,,,,,0.0,0.0,0,1,0.0299,2026,,NDMF grant 2025 (7 lakes; Rs 65 cr),3,Q1: 2 passes with a value in monsoon (Jun-Sep) 2026 (floor 4); Q3: 2 passes with a value in monsoon (Jun-Sep) 2026 (floor 4); Q5: 2 passes with a value in monsoon (Jun-Sep) 2026 (floor 4); Q7: 2 passes with a value in monsoon (Jun-Sep) 2026 (floor 4); P1: 2 passes with a value in monsoon (Jun-Sep) 2026 (floor 4)
gba-bbmp-029,Pattandur agrahara -54 Lake,BBMP,East,3.61,medium,choked,medium,monsoon (Jun-Sep) 2026,10,4,0.0042,0.9307,0.0,0.0383,,,,,,0.0577,0.0806,0.0501,0.0731,,,,,,27.5,95.0,47.5,22.5,,,,,,low,medium,medium,medium,,,,,,0.02,0.006,0,0,0.0232,2026,D,,1,Q1: 3 passes with a value in monsoon (Jun-Sep) 2026 (floor 4); Q3: 3 passes with a value in monsoon (Jun-Sep) 2026 (floor 4); Q5: 3 passes with a value in monsoon (Jun-Sep) 2026 (floor 4); Q7: 3 passes with a value in monsoon (Jun-Sep) 2026 (floor 4); P1: 3 passes with a value in monsoon (Jun-Sep) 2026 (floor 4)
gba-bbmp-030,Pattandur agrahara lake-124,BBMP,East,4.52,low,choked,medium,monsoon (Jun-Sep) 2026,8,24,0.0,0.9183,0.0,0.0817,,,,,,0.0501,0.0801,0.0501,0.0801,,,,,,44.3,14.3,50.0,85.7,,,,,,low,medium,medium,low,,,,,,0.0,,0,0,0.1022,2026,,,1,Q1: 0 passes with a value in monsoon (Jun-Sep) 2026 (floor 4); Q3: 0 passes with a value in monsoon (Jun-Sep) 2026 (floor 4); Q5: 0 passes with a value in monsoon (Jun-Sep) 2026 (floor 4); Q7: 0 passes with a value in monsoon (Jun-Sep) 2026 (floor 4); P1: 0 passes with a value in monsoon (Jun-Sep) 2026 (floor 4)
gba-bbmp-031,Rampura kere,BBMP,,45.28,medium,choked,medium,monsoon (Jun-Sep) 2026,4,4,0.7531,0.1563,0.0003,0.0791,0.3181,-0.1275,1.2965,-830.4473,0.9952,0.0636,0.0614,0.0505,0.0585,0.1757,0.0823,0.2505,1696.8864,0.0022,88.2,11.8,73.5,61.8,74.1,51.9,51.9,3.7,66.7,medium,medium,medium,medium,low,low,low,low,medium,34.1,0.818,0,1,0.0,2026,E,,5,
gba-bbmp-032,Gunjur mouji kere,BBMP,East,20.64,medium,choked,medium,monsoon (Jun-Sep) 2026,10,24,0.0013,0.3487,0.0275,0.5792,0.0854,0.0958,0.8258,47.3327,0.4567,0.0516,0.0722,0.0576,0.073,0.0302,0.0778,0.137,4.5823,0.0232,52.9,11.8,91.2,88.2,64.3,85.7,14.3,64.3,85.7,medium,medium,medium,medium,low,low,low,low,medium,0.03,0.017,6,4,0.0689,2026,,works approaching completion by Nov 2025 (7 lakes; 240 acres),4,
gba-bbmp-033,Junnasandra lake,BBMP,South,0.79,low,small,medium,monsoon (Jun-Sep) 2026,9,17,0.0221,0.0,0.836,0.0687,,,,,,0.1235,0.0505,0.2351,0.1765,,,,,,64.1,16.7,97.4,5.1,,,,,,insufficient,insufficient,insufficient,insufficient,,,,,,0.02,0.022,42,37,,,,,,Q1: 1 passes with a value in monsoon (Jun-Sep) 2026 (floor 4); Q3: 1 passes with a value in monsoon (Jun-Sep) 2026 (floor 4); Q5: 1 passes with a value in monsoon (Jun-Sep) 2026 (floor 4); Q7: 1 passes with a value in monsoon (Jun-Sep) 2026 (floor 4); P1: 1 passes with a value in monsoon (Jun-Sep) 2026 (floor 4); B1: no Dynamic World year with enough scenes
gba-bbmp-034,Chikkabasavanapura Lake,BBMP,East,3.93,medium,open,medium,monsoon (Jun-Sep) 2026,9,4,0.7132,0.1983,0.0038,0.0717,0.3249,-0.2427,1.6395,81.7971,1.0,0.1022,0.096,0.0571,0.0798,0.1217,0.0827,0.2414,16.4611,0.0001,80.6,52.8,75.0,13.9,69.0,17.2,82.8,69.0,82.8,low,medium,medium,medium,low,low,low,low,low,2.8,0.832,0,1,0.0,2026,E,,1,
gba-bbmp-035,Mahadevapura Lake-1,BBMP,East,29.79,low,dry,medium,monsoon (Jun-Sep) 2026,7,49,0.1879,0.2101,0.2112,0.3922,0.3029,-0.0985,1.2205,76.4151,0.8217,0.0694,0.0702,0.0703,0.0743,0.1595,0.047,0.1101,18.2573,0.019,57.6,100.0,78.8,15.2,63.6,57.6,42.4,63.6,36.4,low,medium,medium,low,low,low,low,low,medium,5.6,0.19,36,37,0.0998,2026,E,,2,
gba-bbmp-036,Sigehalli Lake,BBMP,East,8.5,medium,open,medium,monsoon (Jun-Sep) 2026,9,4,0.7095,0.142,0.0073,0.0946,0.1379,-0.0691,1.1479,82.6562,0.9427,0.0851,0.077,0.0566,0.0726,0.1513,0.0877,0.2389,30.5013,0.018,71.1,28.9,78.9,31.6,30.3,90.9,9.1,69.7,48.5,medium,medium,medium,medium,low,low,low,low,medium,6.03,0.751,2,5,0.0,2026,E,BBMP budget 2025-26 (24 lakes; Rs 50 cr),4,
gba-bbmp-037,Devsandra kere,BBMP,East,4.26,medium,open,medium,monsoon (Jun-Sep) 2026,8,4,0.5147,0.1615,0.0041,0.2595,0.1704,-0.0651,1.1393,55.0629,0.9555,0.1077,0.0925,0.0574,0.1006,0.0673,0.055,0.1314,20.314,0.0238,48.1,29.6,74.1,70.4,34.6,80.8,19.2,26.9,30.8,low,medium,medium,medium,low,low,low,low,low,2.19,0.528,0,5,0.0,2026,E,,1,
gba-bbmp-038,Challakere Lake,BBMP,East,3.04,medium,choked,medium,monsoon (Jun-Sep) 2026,7,24,0.2239,0.5846,0.0,0.1915,0.0877,-0.0341,1.0708,-1503.6899,0.1698,0.1168,0.1289,0.0502,0.113,0.0427,0.0511,0.1241,961.8181,0.0601,56.8,54.1,48.6,56.8,32.1,96.4,3.6,3.6,32.1,low,medium,medium,medium,low,low,low,low,low,0.68,0.372,1,0,0.0,2026,E,,2,
gba-bbmp-039,Kalkere Lake,BBMP,East,49.18,medium,open,medium,monsoon (Jun-Sep) 2026,7,24,0.0552,0.8862,0.0,0.0058,0.2314,-0.1564,1.3691,82.1845,0.9607,0.0568,0.0595,0.05,0.0523,0.1351,0.1063,0.317,21.9346,0.0058,0.0,100.0,39.1,18.8,31.2,59.4,40.6,46.9,21.9,medium,medium,medium,medium,low,low,low,low,medium,2.71,0.058,2,0,0.0,2026,E,BBMP budget 2025-26 (24 lakes; Rs 50 cr) Rs 10 cr; NDMF grant 2025 (7 lakes; Rs 65 cr),4,
gba-bbmp-040,Vibhuthipura kere,BBMP,East,13.18,low,choked,medium,monsoon (Jun-Sep) 2026,9,4,0.1619,0.5592,0.0619,0.1517,0.2675,-0.1334,1.3079,59.0971,0.9744,0.0749,0.0835,0.0663,0.0742,0.1318,0.0827,0.2285,20.2318,0.0107,62.5,31.2,90.6,68.8,70.6,52.9,47.1,35.3,58.8,low,medium,medium,low,low,low,low,low,medium,2.13,0.212,9,16,0.1134,2026,E,,1,
gba-bbmp-041,K R Puram (BEML)/ Benniganahalli Lake,BBMP,East,8.03,medium,mixed,medium,monsoon (Jun-Sep) 2026,8,19,0.4347,0.1721,0.0095,0.3219,0.2353,-0.1401,1.3259,77.638,0.974,0.0927,0.0825,0.0583,0.0902,0.1063,0.1018,0.2763,79.2898,0.0137,31.4,77.1,40.0,31.4,71.9,53.1,46.9,46.9,84.4,medium,medium,medium,medium,low,low,low,low,medium,3.49,0.456,3,5,0.0249,2026,E,,1,
gba-bbmp-042,Hormavu Agara Lake,BBMP,East,14.87,medium,open,medium,monsoon (Jun-Sep) 2026,8,24,0.861,0.1072,0.0,0.0293,0.3762,-0.2303,1.6007,98.5399,0.9997,0.069,0.067,0.0501,0.0593,0.113,0.0842,0.2694,46.6229,0.001,71.9,56.2,35.9,12.5,85.7,21.4,82.1,75.0,82.1,medium,medium,medium,medium,low,low,low,low,medium,12.8,0.906,1,3,0.0,2026,,,2,
gba-bbmp-043,Nagareshwara-Nagenahalli Lake,BBMP,East,2.17,medium,mixed,medium,monsoon (Jun-Sep) 2026,7,24,0.4913,0.0271,0.002,0.3847,0.2176,-0.1402,1.3289,51.3021,0.9993,0.1311,0.0763,0.0572,0.1289,0.0835,0.1035,0.3002,510.9902,0.0043,40.0,57.5,25.0,80.0,96.4,25.0,75.0,57.1,82.1,low,medium,medium,medium,low,low,low,low,low,1.07,0.518,14,7,0.0009,2026,,,1,
gba-bbmp-045,Horamavu Lake,BBMP,East,5.04,medium,choked,medium,monsoon (Jun-Sep) 2026,11,14,0.3438,0.1872,0.0706,0.1928,0.1147,-0.0746,1.1615,80.8504,0.7108,0.0993,0.0904,0.0766,0.0909,0.0797,0.0542,0.1318,32.9844,0.047,81.8,42.4,75.8,63.6,35.7,78.6,21.4,64.3,42.9,low,medium,medium,medium,low,low,low,low,low,1.73,0.445,8,12,0.0071,2026,,,1,
gba-bbmp-046,Vengaiahna kere /K.R.Puram Tank,BBMP,East,14.31,medium,choked,medium,monsoon (Jun-Sep) 2026,8,24,0.7444,0.0861,0.0105,0.1459,0.2453,-0.1218,1.2816,63.166,0.9599,0.0757,0.0665,0.056,0.0708,0.1383,0.0859,0.2344,490.9835,0.0115,93.1,3.4,89.7,86.2,66.7,41.7,58.3,75.0,75.0,medium,medium,medium,medium,low,low,low,low,medium,10.65,0.878,2,1,0.0,2026,E,works approaching completion by Nov 2025 (7 lakes; 240 acres),3,
gba-bbmp-047,Mahadevapura Lake-2,BBMP,East,1.63,low,small,medium,monsoon (Jun-Sep) 2026,8,14,0.2591,0.125,0.0437,0.4751,0.127,-0.0762,1.1651,143.4149,0.7088,0.1631,0.1354,0.1028,0.1789,0.0436,0.055,0.132,51.0391,0.1173,57.5,70.0,60.0,40.0,50.0,50.0,50.0,92.3,50.0,insufficient,low,low,low,insufficient,low,low,low,insufficient,0.42,0.272,13,14,,,,,,B1: no Dynamic World year with enough scenes
gba-bbmp-048,B. Narayanapura Lake,BBMP,East,1.25,medium,small,medium,monsoon (Jun-Sep) 2026,8,49,0.4049,0.4691,0.0,0.1131,0.1956,-0.1218,1.2782,77.1728,0.9931,0.1657,0.1676,0.0502,0.1246,0.0878,0.0909,0.2626,32.4133,0.0195,73.7,42.1,42.1,26.3,76.2,42.9,57.1,61.9,71.4,insufficient,low,low,low,insufficient,low,low,low,insufficient,0.51,0.603,1,3,,,D,,1,B1: no Dynamic World year with enough scenes
gba-bbmp-049,Bhattarahalli Lake,BBMP,East,3.35,medium,open,medium,monsoon (Jun-Sep) 2026,11,4,0.5188,0.0958,0.0,0.3503,0.125,-0.0738,1.1594,79.1093,0.8995,0.1125,0.0868,0.0501,0.1096,0.0922,0.062,0.1503,18.9081,0.0376,37.8,64.9,37.8,45.9,26.7,76.7,23.3,70.0,30.0,low,medium,medium,medium,low,low,low,low,low,1.74,0.646,0,1,0.0,2026,E,,1,
gba-bbmp-050,Kowdenahalli lake,BBMP,East,5.9,medium,open,medium,monsoon (Jun-Sep) 2026,7,24,0.5917,0.3239,0.0,0.0576,0.2394,-0.2047,1.5148,57.5773,0.9881,0.096,0.0938,0.0501,0.0718,0.1196,0.0847,0.2401,284.4323,0.0102,73.0,32.4,47.3,29.7,50.0,46.4,53.6,39.3,28.6,medium,medium,medium,medium,low,low,low,low,medium,3.49,0.679,0,0,0.0,2026,E,,2,
gba-bbmp-051,Vijanapura Lake,BBMP,East,1.72,medium,mixed,medium,monsoon (Jun-Sep) 2026,8,24,0.5627,0.363,0.0,0.1005,0.2494,-0.1681,1.407,68.5178,0.9998,0.1421,0.1393,0.0502,0.1058,0.1682,0.0923,0.2663,100.7041,0.0029,81.1,45.9,41.9,21.6,66.7,52.4,47.6,47.6,81.0,low,medium,medium,medium,low,low,low,low,low,0.97,0.691,0,1,0.0005,2026,E,,1,
gba-bbmp-052,Ulsoor / Bangalore North,BBMP,Central,39.96,medium,open,medium,monsoon (Jun-Sep) 2026,7,24,0.7733,0.1751,0.0034,0.0448,0.2802,-0.1923,1.4806,81.713,0.9873,0.0641,0.0628,0.052,0.0569,0.0925,0.0891,0.2602,16.5632,0.0038,9.7,90.3,80.6,80.6,41.9,71.0,29.0,48.4,32.3,medium,medium,medium,medium,low,low,low,low,medium,30.9,0.8,1,4,0.0569,2026,,NDMF grant 2025 (7 lakes; Rs 65 cr); NDMF desilting works 2026 (Bengaluru Central City Corporation; lake drained from February 2026; Rs 4 cr; refill expected three to four months after the works) Rs 4 cr,2,
gba-bbmp-053,Kelagina Byrasandra,BBMP,Central,4.36,medium,mixed,medium,monsoon (Jun-Sep) 2026,7,24,0.2838,0.1821,0.1279,0.4162,0.2005,-0.1635,1.3928,60.9227,0.9674,0.1087,0.1002,0.0935,0.1142,0.0695,0.0696,0.1783,942.6123,0.0231,69.7,45.5,81.8,60.6,67.9,28.6,71.4,39.3,64.3,low,medium,medium,medium,low,low,low,low,low,1.24,0.317,36,35,0.0,2026,,,1,
gba-bbmp-054,Melina Byrasandra (DRDO),BBMP,Central,6.62,medium,choked,medium,monsoon (Jun-Sep) 2026,8,19,0.1938,0.3779,0.1836,0.1973,0.1333,-0.0782,1.1694,80.6546,0.7853,0.0895,0.0985,0.0887,0.0898,0.1327,0.0716,0.181,63.7822,0.0411,93.1,3.4,86.2,17.2,65.0,60.0,40.0,75.0,85.0,medium,medium,medium,medium,low,low,low,low,medium,1.28,0.273,33,38,0.0033,2026,,,1,
gba-bbmp-055,Kaggadasapura,BBMP,Central,12.15,medium,choked,medium,monsoon (Jun-Sep) 2026,8,24,0.6927,0.1565,0.0019,0.1158,0.22,-0.122,1.2782,79.7259,0.9865,0.0798,0.0734,0.0528,0.0707,0.1077,0.0797,0.2153,37.1795,0.0075,92.9,17.9,75.0,71.4,84.6,38.5,61.5,46.2,76.9,medium,medium,medium,medium,low,low,low,low,medium,8.42,0.862,1,1,0.0197,2026,,,3,
gba-bbmp-056,Kacharakanahalli,BBMP,North,6.02,medium,choked,medium,monsoon (Jun-Sep) 2026,6,24,0.0233,0.0163,0.1503,0.398,0.1015,-0.0498,1.1045,41.5063,0.5365,0.0638,0.0616,0.0828,0.0949,0.0809,0.0287,0.0606,18.3411,0.0457,83.9,9.7,100.0,71.0,,,,,,medium,medium,medium,medium,low,low,low,low,medium,0.14,0.151,8,11,0.9888,2026,,BBMP budget 2025-26 (24 lakes; Rs 50 cr) Rs 3.5 cr; works approaching completion by Nov 2025 (7 lakes; 240 acres),1,
gba-bbmp-057,Channasandra,BBMP,Central,1.7,low,choked,medium,monsoon (Jun-Sep) 2026,6,24,0.0,0.9559,0.0,0.044,,,,,,0.0502,0.0881,0.0502,0.0881,,,,,,40.7,25.6,50.0,81.4,,,,,,low,medium,medium,low,,,,,,0.0,0.0,2,0,1.0,2026,,,1,Q1: 0 passes with a value in monsoon (Jun-Sep) 2026 (floor 4); Q3: 0 passes with a value in monsoon (Jun-Sep) 2026 (floor 4); Q5: 0 passes with a value in monsoon (Jun-Sep) 2026 (floor 4); Q7: 0 passes with a value in monsoon (Jun-Sep) 2026 (floor 4); P1: 0 passes with a value in monsoon (Jun-Sep) 2026 (floor 4)
gba-bbmp-058,B. Channasandra,BBMP,East,2.9,low,choked,medium,monsoon (Jun-Sep) 2026,8,19,0.0,0.9479,0.0063,0.0408,,,,,,0.0501,0.0817,0.0613,0.0783,,,,,,47.1,2.9,100.0,97.1,,,,,,low,medium,medium,low,,,,,,0.0,,0,0,0.0212,2026,,,2,Q1: 2 passes with a value in monsoon (Jun-Sep) 2026 (floor 4); Q3: 2 passes with a value in monsoon (Jun-Sep) 2026 (floor 4); Q5: 2 passes with a value in monsoon (Jun-Sep) 2026 (floor 4); Q7: 2 passes with a value in monsoon (Jun-Sep) 2026 (floor 4); P1: 2 passes with a value in monsoon (Jun-Sep) 2026 (floor 4)
gba-bbmp-059,Ibblur Lake,BBMP,South,6.72,low,dry,medium,monsoon (Jun-Sep) 2026,6,24,0.0643,0.2088,0.0977,0.6186,0.1834,-0.1285,1.2949,50.2081,0.9013,0.0785,0.0972,0.0845,0.1065,0.0734,0.065,0.1648,1229.9484,0.0347,43.3,93.3,30.0,53.3,73.7,36.8,63.2,47.4,73.7,low,medium,medium,low,low,low,low,low,low,0.43,0.066,39,31,0.0,2026,D,,5,
gba-bbmp-060,Venkojirao Kere / Agara Kere,BBMP,South,29.61,medium,open,medium,monsoon (Jun-Sep) 2026,7,17,0.6786,0.126,0.0313,0.0936,0.1884,-0.1372,1.3175,-713.9439,0.9375,0.0687,0.0633,0.057,0.0617,0.0728,0.0916,0.2452,1277.1983,0.0097,74.1,25.9,88.9,18.5,92.6,51.9,48.1,0.0,96.3,medium,medium,medium,medium,low,low,low,low,medium,20.09,0.706,1,3,0.0,2026,D,,2,
gba-bbmp-061,Sarakki Lake,BBMP,South,23.72,medium,open,medium,monsoon (Jun-Sep) 2026,4,24,0.7736,0.099,0.0208,0.095,0.0454,-0.1574,1.3745,112.3757,0.1974,0.0687,0.0634,0.0564,0.0631,0.0176,0.0374,0.1129,22.0525,0.0178,63.3,53.3,66.7,13.3,33.3,60.0,40.0,86.7,46.7,medium,medium,medium,medium,low,low,low,low,medium,18.35,0.797,5,2,0.0188,2026,D,,1,
gba-bbmp-062,Puttenahalli Lake (Next to Brigade Millenium),BBMP,South,3.48,medium,mixed,medium,monsoon (Jun-Sep) 2026,10,17,0.2659,0.3583,0.0,0.1823,0.1118,-0.0673,1.1448,-31.7623,0.5174,0.1048,0.1095,0.0501,0.0979,0.0834,0.0707,0.1796,1295.3753,0.062,33.3,41.7,33.3,50.0,10.0,95.0,5.0,50.0,10.0,low,medium,medium,medium,low,low,low,low,low,0.93,0.355,0,1,0.0029,2026,D,,1,
gba-bbmp-063,Mangammana Palya Kere,BBMP,South,4.93,low,dry,medium,monsoon (Jun-Sep) 2026,6,17,0.1056,0.0551,0.3982,0.4721,0.0657,-0.0606,1.129,-175.2526,0.006,0.0914,0.0808,0.116,0.1173,0.0624,0.0272,0.0676,619.8392,0.0104,53.8,33.3,97.4,10.3,21.9,71.9,28.1,15.6,15.6,low,medium,medium,low,low,low,low,low,low,0.52,0.11,35,27,0.0301,2026,D,BBMP budget 2025-26 (24 lakes; Rs 50 cr),1,
gba-bbmp-064,Haralakunte Lake (Somasandra Palya Kere),BBMP,,1.74,medium,choked,medium,monsoon (Jun-Sep) 2026,4,67,0.0,0.9914,0.0,0.0086,,,,,,0.0502,0.0674,0.0502,0.0674,,,,,,26.8,92.9,46.4,7.1,,,,,,low,medium,medium,medium,,,,,,0.0,0.0,2,0,0.0,2026,,,1,Q1: 0 passes with a value in monsoon (Jun-Sep) 2026 (floor 4); Q3: 0 passes with a value in monsoon (Jun-Sep) 2026 (floor 4); Q5: 0 passes with a value in monsoon (Jun-Sep) 2026 (floor 4); Q7: 0 passes with a value in monsoon (Jun-Sep) 2026 (floor 4); P1: 0 passes with a value in monsoon (Jun-Sep) 2026 (floor 4)
gba-bbmp-065,Garveybhavipalya Lake,BBMP,South,7.39,medium,choked,medium,monsoon (Jun-Sep) 2026,6,24,0.0,0.8414,0.0421,0.1553,,,,,,0.0501,0.0819,0.0675,0.0816,,,,,,29.7,25.0,90.6,78.1,,,,,,medium,medium,medium,medium,,,,,,0.0,0.0,1,3,0.1095,2026,,,1,Q1: 1 passes with a value in monsoon (Jun-Sep) 2026 (floor 4); Q3: 1 passes with a value in monsoon (Jun-Sep) 2026 (floor 4); Q5: 1 passes with a value in monsoon (Jun-Sep) 2026 (floor 4); Q7: 1 passes with a value in monsoon (Jun-Sep) 2026 (floor 4); P1: 1 passes with a value in monsoon (Jun-Sep) 2026 (floor 4)
gba-bbmp-066,Hulimavu Lake,BBMP,South,41.16,medium,choked,medium,monsoon (Jun-Sep) 2026,6,24,0.0861,0.7648,0.0112,0.1225,0.1139,-0.0844,1.1848,14.1728,0.6644,0.0591,0.0638,0.0534,0.0606,0.0546,0.02,0.0468,64.4481,0.0153,83.3,37.5,95.8,62.5,60.0,70.0,30.0,15.0,75.0,medium,medium,medium,medium,medium,medium,medium,medium,medium,3.54,0.122,1,0,0.1056,2026,E,works approaching completion by Nov 2025 (7 lakes; 240 acres),4,
gba-bbmp-067,Arakere Lake,BBMP,South,7.54,medium,choked,medium,monsoon (Jun-Sep) 2026,7,17,0.4229,0.1553,0.0419,0.2582,0.0825,-0.1069,1.2401,51.2434,0.2695,0.0901,0.0794,0.0663,0.0855,0.0256,0.0561,0.1323,17.117,0.036,54.8,12.9,90.3,90.3,34.6,57.7,42.3,38.5,30.8,medium,medium,medium,medium,low,low,low,low,medium,3.19,0.548,1,3,0.0063,2026,,NDMF grant 2025 (7 lakes; Rs 65 cr),1,
gba-bbmp-068,Uttarahalli Lake / Bangalore South,BBMP,South,4.41,medium,mixed,medium,monsoon (Jun-Sep) 2026,7,17,0.2322,0.5715,0.0815,0.0906,0.2026,-0.1038,1.2313,62.7818,0.9779,0.0969,0.105,0.0804,0.0819,0.105,0.0644,0.1728,187.4605,0.0163,4.0,96.0,100.0,16.0,12.0,88.0,12.0,40.0,12.0,low,medium,medium,medium,low,low,low,low,low,1.02,0.265,3,13,0.1853,2026,E,,1,
gba-bbmp-069,Subramanyapura Lake,BBMP,South,3.78,medium,mixed,medium,monsoon (Jun-Sep) 2026,4,24,0.5296,0.3191,0.0,0.1491,0.2701,-0.1563,1.3801,-3770.8688,1.0,0.111,0.1069,0.0501,0.0935,0.119,0.0886,0.2764,1523.4166,0.0001,70.8,41.7,33.3,54.2,84.6,23.1,76.9,0.0,88.5,low,medium,medium,medium,low,low,low,low,low,2.0,0.698,1,0,0.0029,2026,D,,4,
gba-bbmp-070,Gubbalalu Lake,BBMP,South,2.0,medium,mixed,medium,monsoon (Jun-Sep) 2026,5,24,0.0,0.9336,0.0,0.0664,,,,,,0.0502,0.0921,0.0502,0.0921,,,,,,16.0,96.0,48.0,4.0,,,,,,low,medium,medium,medium,,,,,,0.0,0.0,0,0,0.1724,2026,E,,3,Q1: 0 passes with a value in monsoon (Jun-Sep) 2026 (floor 4); Q3: 0 passes with a value in monsoon (Jun-Sep) 2026 (floor 4); Q5: 0 passes with a value in monsoon (Jun-Sep) 2026 (floor 4); Q7: 0 passes with a value in monsoon (Jun-Sep) 2026 (floor 4); P1: 0 passes with a value in monsoon (Jun-Sep) 2026 (floor 4)
gba-bbmp-071,Dorekere,BBMP,South,9.1,medium,open,medium,monsoon (Jun-Sep) 2026,6,17,0.4525,0.4813,0.0,0.0648,0.2344,-0.1056,1.2369,63.1343,0.9938,0.0858,0.086,0.0501,0.0677,0.1842,0.0659,0.1802,1570.1241,0.0057,18.2,86.4,38.6,72.7,22.7,86.4,13.6,45.5,31.8,medium,medium,medium,medium,low,low,low,low,medium,4.12,0.515,2,0,0.0685,2026,D,BBMP budget 2025-26 (24 lakes; Rs 50 cr),3,
gba-bbmp-072,Annappanakere / Yelchenahalli Lake,BBMP,South,2.09,medium,mixed,medium,monsoon (Jun-Sep) 2026,7,24,0.0896,0.4972,0.0415,0.3636,0.1606,-0.1462,1.3428,135.8976,0.9642,0.0983,0.1345,0.0837,0.1313,0.1069,0.0728,0.2019,439.6188,0.0314,25.0,89.3,92.9,71.4,40.9,59.1,40.9,95.5,50.0,low,medium,medium,medium,low,low,low,low,low,0.19,0.091,4,0,0.0,2026,D,,2,
gba-bbmp-073,Nyanappanahalli Lake / Akshayanagara Lake,BBMP,South,1.33,medium,small,medium,monsoon (Jun-Sep) 2026,6,17,0.3951,0.3957,0.0,0.0819,0.0958,-0.0468,1.0982,-39.2819,0.198,0.1593,0.1593,0.0502,0.1113,0.152,0.1014,0.2701,1153.7329,0.0891,90.6,15.6,48.4,25.0,26.3,100.0,0.0,10.5,21.1,low,low,low,low,low,low,low,low,low,0.53,0.505,0,0,,,D,,2,B1: no Dynamic World year with enough scenes
gba-bbmp-074,Kalena Agrahara Lake,BBMP,South,1.71,medium,open,medium,monsoon (Jun-Sep) 2026,6,24,0.4068,0.1356,0.0,0.3194,0.1086,-0.0721,1.1553,90.6773,0.6127,0.1482,0.1185,0.0502,0.1432,0.04,0.0564,0.1472,165.6539,0.0974,26.5,41.2,41.2,55.9,58.8,85.3,14.7,61.8,58.8,low,medium,medium,medium,low,low,low,low,low,0.7,0.49,4,2,0.0,2026,D,,2,
gba-bbmp-075,Begur Lake,BBMP,South,43.32,medium,mixed,medium,pre-monsoon (Mar-May) 2026,17,17,0.5273,0.4194,0.0,0.0787,0.2591,-0.2217,1.5739,62.4514,0.9986,0.0659,0.0657,0.05,0.0586,0.0871,0.074,0.2656,27.9192,0.0012,85.4,41.5,33.0,39.6,61.4,38.6,62.5,43.2,73.9,medium,medium,medium,medium,low,low,low,low,medium,22.84,0.677,1,1,0.0003,2026,D,,4,
gba-bbmp-076,Basapura Lake-1,BBMP,South,2.29,medium,choked,medium,monsoon (Jun-Sep) 2026,6,24,0.7006,0.2973,0.0,0.0022,0.4502,-0.2371,1.6214,79.6682,1.0,0.1224,0.1223,0.0502,0.0574,0.1417,0.1093,0.4017,1720.3661,0.0002,84.8,27.3,48.5,39.4,60.0,46.7,53.3,46.7,66.7,low,medium,medium,medium,low,low,low,low,low,1.6,0.823,0,0,0.0,2026,D,,1,
gba-bbmp-077,Basapura Lake-2 / Bangalore South,BBMP,South,2.7,medium,mixed,medium,monsoon (Jun-Sep) 2026,6,17,0.4884,0.2503,0.0,0.2778,0.2213,-0.121,1.2776,67.6411,1.0,0.1229,0.1132,0.0501,0.1153,0.0799,0.0721,0.1905,626.3339,0.0001,57.4,55.9,32.4,61.8,90.3,35.5,64.5,83.9,93.5,low,medium,medium,medium,low,low,low,low,low,1.32,0.559,1,0,0.0,2026,D,,2,
gba-bbmp-078,Basavanapura Lake,BBMP,South,1.73,medium,mixed,medium,monsoon (Jun-Sep) 2026,6,24,0.0693,0.6792,0.0,0.1069,,,,,,0.098,0.1382,0.0502,0.1084,,,,,,37.9,79.3,39.7,10.3,,,,,,low,medium,medium,medium,,,,,,0.12,0.089,1,0,0.0,2026,D,,1,Q1: 3 passes with a value in monsoon (Jun-Sep) 2026 (floor 4); Q3: 3 passes with a value in monsoon (Jun-Sep) 2026 (floor 4); Q5: 3 passes with a value in monsoon (Jun-Sep) 2026 (floor 4); Q7: 3 passes with a value in monsoon (Jun-Sep) 2026 (floor 4); P1: 3 passes with a value in monsoon (Jun-Sep) 2026 (floor 4)
gba-bbmp-079,Chikka Begur Lake,BBMP,South,9.84,low,choked,medium,monsoon (Jun-Sep) 2026,7,24,0.0,0.8125,0.0061,0.1697,,,,,,0.0501,0.0773,0.0555,0.0763,,,,,,44.4,3.7,100.0,100.0,,,,,,low,medium,medium,low,,,,,,0.0,,0,2,0.1543,2026,,BBMP lakes department allocation 2025-26 (Rs 75 cr) Rs 10 cr,3,Q1: 1 passes with a value in monsoon (Jun-Sep) 2026 (floor 4); Q3: 1 passes with a value in monsoon (Jun-Sep) 2026 (floor 4); Q5: 1 passes with a value in monsoon (Jun-Sep) 2026 (floor 4); Q7: 1 passes with a value in monsoon (Jun-Sep) 2026 (floor 4); P1: 1 passes with a value in monsoon (Jun-Sep) 2026 (floor 4)
gba-bbmp-080,Kammanahalli Lake (Meenakshi Lake),BBMP,South,4.93,medium,mixed,medium,monsoon (Jun-Sep) 2026,5,4,0.5715,0.0357,0.0,0.389,0.1838,-0.1626,1.3875,88.7369,0.9732,0.1025,0.0697,0.0501,0.1017,0.0785,0.1018,0.3046,1161.8198,0.0171,60.7,21.4,30.4,67.9,62.5,45.8,54.2,62.5,62.5,low,medium,medium,medium,low,low,low,low,low,2.82,0.701,0,1,0.0,2026,D,,3,
gba-bbmp-081,Yelenahalli Lake,BBMP,South,1.23,medium,small,medium,monsoon (Jun-Sep) 2026,7,17,0.5165,0.1027,0.0,0.2715,0.0632,-0.0801,1.1742,57.3941,0.1162,0.1712,0.1236,0.0502,0.1579,0.0198,0.0672,0.1646,197.1397,0.0777,96.2,23.1,34.6,11.5,75.0,58.3,41.7,33.3,66.7,insufficient,low,low,low,insufficient,low,low,low,insufficient,0.64,0.739,1,3,,,D,,1,B1: no Dynamic World year with enough scenes
gba-bbmp-082,Beretena Agrahara (Chowdeshwari Lake),BBMP,South,2.73,medium,choked,medium,monsoon (Jun-Sep) 2026,10,17,0.0032,0.5219,0.0314,0.4481,,,,,,0.0584,0.1245,0.076,0.1241,,,,,,14.3,38.1,45.2,76.2,,,,,,low,medium,medium,medium,,,,,,0.01,0.005,2,2,1.0,2026,,,1,Q1: 0 passes with a value in monsoon (Jun-Sep) 2026 (floor 4); Q3: 0 passes with a value in monsoon (Jun-Sep) 2026 (floor 4); Q5: 0 passes with a value in monsoon (Jun-Sep) 2026 (floor 4); Q7: 0 passes with a value in monsoon (Jun-Sep) 2026 (floor 4); P1: 0 passes with a value in monsoon (Jun-Sep) 2026 (floor 4)
gba-bbmp-083,Subedarana Kere,BBMP,South,3.64,medium,mixed,medium,monsoon (Jun-Sep) 2026,6,17,0.3985,0.4731,0.0,0.0377,0.1601,-0.075,1.1635,-188.8633,0.9993,0.1098,0.111,0.0501,0.0733,0.1539,0.1001,0.2706,1541.0926,0.0032,40.7,66.7,18.5,18.5,16.0,88.0,12.0,16.0,48.0,low,medium,medium,medium,low,low,low,low,low,1.45,0.468,0,0,0.0,2026,,,1,
gba-bbmp-084,Chikkammanahalli Lake,BBMP,South,1.45,medium,small,medium,monsoon (Jun-Sep) 2026,7,4,0.0,1.0,0.0,0.0,,,,,,0.0502,0.0502,0.0502,0.0502,,,,,,33.9,75.8,46.8,24.2,,,,,,low,low,low,low,,,,,,0.0,0.0,0,0,,,,,2,Q1: 1 passes with a value in monsoon (Jun-Sep) 2026 (floor 4); Q3: 1 passes with a value in monsoon (Jun-Sep) 2026 (floor 4); Q5: 1 passes with a value in monsoon (Jun-Sep) 2026 (floor 4); Q7: 1 passes with a value in monsoon (Jun-Sep) 2026 (floor 4); P1: 1 passes with a value in monsoon (Jun-Sep) 2026 (floor 4); B1: no Dynamic World year with enough scenes
gba-bbmp-085,Swarnakunte Gudda Kere,BBMP,South,1.55,low,choked,medium,pre-monsoon (Mar-May) 2026,19,74,0.0129,0.3817,0.0,0.4968,0.1447,-0.1132,1.2554,59.2922,0.7188,0.0726,0.1472,0.0502,0.15,0.0653,0.0246,0.0641,216.2403,0.0899,53.7,19.6,45.8,86.9,33.3,69.7,30.3,42.4,27.3,low,medium,medium,low,low,low,low,low,low,0.02,0.026,1,0,0.0,2026,,,1,
gba-bbmp-086,Gottigere,BBMP,South,12.02,medium,mixed,medium,monsoon (Jun-Sep) 2026,4,17,0.6312,0.1,0.0027,0.1697,0.1305,-0.0677,1.1469,76.6924,0.7864,0.0805,0.0689,0.0533,0.0737,0.1576,0.1029,0.2969,1237.3372,0.0259,88.5,3.8,88.5,76.9,61.1,94.4,5.6,72.2,61.1,medium,medium,medium,medium,low,low,low,low,medium,7.59,0.868,1,2,0.007,2026,D,BBMP budget 2025-26 (24 lakes; Rs 50 cr),2,
gba-bbmp-087,Kothanuru Lake,BBMP,South,4.59,low,open,medium,monsoon (Jun-Sep) 2026,6,49,0.3473,0.1134,0.0,0.5561,0.1292,-0.096,1.2129,50.1981,0.6222,0.1013,0.0842,0.0501,0.1036,0.0618,0.0454,0.1198,126.8263,0.0523,24.1,41.4,36.2,79.3,53.6,78.6,21.4,28.6,42.9,low,medium,medium,low,low,low,low,low,low,1.59,0.426,1,0,0.0,2026,D,,1,
gba-bbmp-088,Subbarayana Lake,BBMP,South,1.07,medium,small,medium,pre-monsoon (Mar-May) 2026,20,49,0.0,1.0,0.0,0.0,,,,,,0.0503,0.0503,0.0503,0.0503,,,,,,16.7,98.6,49.0,3.3,,,,,,insufficient,low,low,low,,,,,,0.0,0.0,0,0,,,,,1,Q1: 0 passes with a value in pre-monsoon (Mar-May) 2026 (floor 4); Q3: 0 passes with a value in pre-monsoon (Mar-May) 2026 (floor 4); Q5: 0 passes with a value in pre-monsoon (Mar-May) 2026 (floor 4); Q7: 0 passes with a value in pre-monsoon (Mar-May) 2026 (floor 4); P1: 0 passes with a value in pre-monsoon (Mar-May) 2026 (floor 4); B1: no Dynamic World year with enough scenes
gba-bbmp-090,Anjanapura Lake / nagara Chunchaghatta Kere Alahalli,BBMP,South,5.58,low,open,medium,monsoon (Jun-Sep) 2026,7,17,0.6185,0.1155,0.0,0.254,0.2084,-0.1332,1.3073,81.7313,0.9669,0.0972,0.081,0.0501,0.0923,0.0535,0.0721,0.2056,580.4381,0.0174,80.6,12.9,45.2,29.0,74.1,51.9,48.1,74.1,55.6,low,medium,medium,low,low,low,low,low,medium,3.45,0.704,2,1,0.0,2026,D,,1,
gba-bbmp-091,Kembathahalli Lake,BBMP,South,1.73,medium,choked,medium,monsoon (Jun-Sep) 2026,5,17,0.0289,0.5102,0.0,0.4898,,,,,,0.0822,0.1462,0.0502,0.1462,,,,,,35.0,53.3,38.3,86.7,,,,,,low,medium,medium,medium,,,,,,0.05,0.038,0,0,0.4924,2026,D,,1,Q1: 2 passes with a value in monsoon (Jun-Sep) 2026 (floor 4); Q3: 2 passes with a value in monsoon (Jun-Sep) 2026 (floor 4); Q5: 2 passes with a value in monsoon (Jun-Sep) 2026 (floor 4); Q7: 2 passes with a value in monsoon (Jun-Sep) 2026 (floor 4); P1: 2 passes with a value in monsoon (Jun-Sep) 2026 (floor 4)
gba-bbmp-092,Vasanthapura Kere / Janardhana Kere,BBMP,South,1.81,low,choked,medium,monsoon (Jun-Sep) 2026,4,19,0.0,0.9828,0.0,0.0173,,,,,,0.0502,0.0751,0.0502,0.0751,,,,,,45.0,40.0,46.7,63.3,,,,,,low,medium,medium,low,,,,,,0.0,,1,0,1.0,2026,,,2,Q1: 1 passes with a value in monsoon (Jun-Sep) 2026 (floor 4); Q3: 1 passes with a value in monsoon (Jun-Sep) 2026 (floor 4); Q5: 1 passes with a value in monsoon (Jun-Sep) 2026 (floor 4); Q7: 1 passes with a value in monsoon (Jun-Sep) 2026 (floor 4); P1: 1 passes with a value in monsoon (Jun-Sep) 2026 (floor 4)
gba-bbmp-093,Devarakere,BBMP,South,1.75,medium,mixed,medium,monsoon (Jun-Sep) 2026,6,24,0.1458,0.4708,0.0143,0.2775,0.2653,-0.169,1.4067,79.3657,0.9091,0.1155,0.1427,0.072,0.1331,0.0926,0.0608,0.1661,649.1758,0.0534,22.6,83.9,41.9,61.3,75.9,40.7,59.3,70.4,48.1,low,medium,medium,medium,low,low,low,low,low,0.26,0.203,3,1,0.0024,2026,E,,3,
gba-bbmp-094,Doddakallasandra Lake,BBMP,South,5.82,medium,choked,medium,pre-monsoon (Mar-May) 2026,18,49,0.0,0.987,0.0,0.0111,,,,,,0.0501,0.0605,0.0501,0.0597,,,,,,14.9,95.2,44.7,34.6,,,,,,medium,medium,medium,medium,,,,,,0.0,0.0,0,0,0.0272,2026,D,,2,Q1: 3 passes with a value in pre-monsoon (Mar-May) 2026 (floor 4); Q3: 3 passes with a value in pre-monsoon (Mar-May) 2026 (floor 4); Q5: 3 passes with a value in pre-monsoon (Mar-May) 2026 (floor 4); Q7: 3 passes with a value in pre-monsoon (Mar-May) 2026 (floor 4); P1: 3 passes with a value in pre-monsoon (Mar-May) 2026 (floor 4)
gba-bbmp-095,Konanakunte Lake,BBMP,South,2.03,medium,choked,medium,monsoon (Jun-Sep) 2026,6,24,0.0172,0.9629,0.0,0.0149,,,,,,0.0717,0.0815,0.0502,0.0702,,,,,,74.1,48.1,38.9,44.4,,,,,,low,medium,medium,medium,,,,,,0.03,0.062,0,0,0.3011,2026,,,1,Q1: 1 passes with a value in monsoon (Jun-Sep) 2026 (floor 4); Q3: 1 passes with a value in monsoon (Jun-Sep) 2026 (floor 4); Q5: 1 passes with a value in monsoon (Jun-Sep) 2026 (floor 4); Q7: 1 passes with a value in monsoon (Jun-Sep) 2026 (floor 4); P1: 1 passes with a value in monsoon (Jun-Sep) 2026 (floor 4)
gba-bbmp-096,Kalyanikunte (Near Saibaba Temple),BBMP,South,0.44,medium,small,medium,monsoon (Jun-Sep) 2026,6,17,0.0907,0.2361,0.0,0.6737,,,,,,0.1785,0.2399,0.0504,0.2597,,,,,,34.5,82.8,17.2,62.1,,,,,,insufficient,low,low,low,,,,,,0.04,0.121,8,2,,,,,,Q1: 0 passes with a value in monsoon (Jun-Sep) 2026 (floor 4); Q3: 0 passes with a value in monsoon (Jun-Sep) 2026 (floor 4); Q5: 0 passes with a value in monsoon (Jun-Sep) 2026 (floor 4); Q7: 0 passes with a value in monsoon (Jun-Sep) 2026 (floor 4); P1: 0 passes with a value in monsoon (Jun-Sep) 2026 (floor 4); B1: no Dynamic World year with enough scenes
gba-bbmp-097,Kodige Singasandra Lake,BBMP,South,3.13,low,mixed,medium,monsoon (Jun-Sep) 2026,7,17,0.0,0.8496,0.0,0.0832,,,,,,0.0501,0.0982,0.0501,0.0872,,,,,,9.8,90.2,34.1,14.6,,,,,,low,medium,medium,low,,,,,,0.0,0.0,0,0,0.0315,2026,D,,2,Q1: 2 passes with a value in monsoon (Jun-Sep) 2026 (floor 4); Q3: 2 passes with a value in monsoon (Jun-Sep) 2026 (floor 4); Q5: 2 passes with a value in monsoon (Jun-Sep) 2026 (floor 4); Q7: 2 passes with a value in monsoon (Jun-Sep) 2026 (floor 4); P1: 2 passes with a value in monsoon (Jun-Sep) 2026 (floor 4)
gba-bbmp-098,Parappana Agrahara / Bangalore,BBMP,South,4.61,medium,open,medium,monsoon (Jun-Sep) 2026,4,49,0.0,1.0,0.0,0.0,,,,,,0.0501,0.0501,0.0501,0.0501,,,,,,8.6,100.0,48.3,8.6,,,,,,low,medium,medium,medium,,,,,,0.0,0.0,0,0,0.0021,2026,D,,1,Q1: 0 passes with a value in monsoon (Jun-Sep) 2026 (floor 4); Q3: 0 passes with a value in monsoon (Jun-Sep) 2026 (floor 4); Q5: 0 passes with a value in monsoon (Jun-Sep) 2026 (floor 4); Q7: 0 passes with a value in monsoon (Jun-Sep) 2026 (floor 4); P1: 0 passes with a value in monsoon (Jun-Sep) 2026 (floor 4)
gba-bbmp-099,Singasandra Lake South Bangalore South,BBMP,South,2.57,medium,mixed,medium,monsoon (Jun-Sep) 2026,9,17,0.3775,0.2879,0.0868,0.2343,0.1421,-0.0976,1.2165,61.4778,0.9202,0.1266,0.1216,0.0945,0.117,0.0911,0.0898,0.2561,500.881,0.0428,43.8,31.2,84.4,62.5,18.5,77.8,22.2,33.3,18.5,low,medium,medium,medium,low,low,low,low,low,0.97,0.415,33,36,0.0,2026,D,,1,
gba-bbmp-100,Konappana Agrahara Lake,BBMP,South,1.39,medium,small,medium,monsoon (Jun-Sep) 2026,9,17,0.2933,0.3111,0.0,0.3504,0.2489,-0.1172,1.273,65.1071,1.0,0.1471,0.1487,0.0502,0.1517,0.1494,0.0923,0.2391,841.1103,0.0002,75.8,39.4,43.9,51.5,75.0,31.2,68.8,62.5,78.1,low,low,low,low,low,low,low,low,low,0.41,0.388,0,0,0.0,2026,D,,1,
gba-bbmp-101,Kudlu Anekal & Doddakere / Anekal Taluk,BBMP,South,13.22,low,open,medium,monsoon (Jun-Sep) 2026,9,24,0.7015,0.2111,0.0043,0.0552,0.1998,-0.1105,1.2484,110.7385,0.9998,0.0776,0.0746,0.0539,0.0638,0.1288,0.0799,0.219,40.296,0.0009,34.5,58.6,36.2,55.2,14.3,89.3,10.7,78.6,46.4,low,medium,medium,low,low,low,low,low,medium,9.27,0.806,0,0,0.0,2026,D,,2,
gba-bbmp-102,Kudlu Chikka Kere / and Bengaluru South Taluk Anekal Taluk,BBMP,South,3.32,low,open,medium,monsoon (Jun-Sep) 2026,7,17,0.7261,0.2251,0.0,0.0441,0.1676,-0.0778,1.1685,-395.8711,1.0,0.1076,0.1039,0.0501,0.0765,0.0794,0.0767,0.1977,1690.6778,0.0001,87.9,18.2,48.5,30.3,20.0,88.0,12.0,16.0,68.0,low,medium,medium,low,low,low,low,low,low,2.41,0.831,2,0,0.0,2026,D,,1,
gba-bbmp-103,Handrahalli kere Bangalore North,BBMP,West,3.7,medium,mixed,medium,monsoon (Jun-Sep) 2026,5,29,0.4618,0.2368,0.0,0.179,0.0806,-0.1097,1.2456,70.2731,0.3087,0.1083,0.0998,0.0501,0.0949,0.038,0.0458,0.1114,32.7662,0.0541,59.4,34.4,45.3,46.9,14.3,81.0,19.0,42.9,19.0,low,medium,medium,medium,low,low,low,low,low,1.71,0.498,1,1,0.01,2026,E,,1,
gba-bbmp-105,Herohalli Lake Bangalore North,BBMP,West,10.29,medium,open,medium,monsoon (Jun-Sep) 2026,4,24,0.664,0.2955,0.0,0.0401,0.347,-0.1626,1.3977,17.0708,0.998,0.0819,0.0808,0.0501,0.0632,0.0604,0.0716,0.2122,386.5364,0.0031,46.4,71.4,48.2,32.1,59.3,55.6,44.4,25.9,48.1,medium,medium,medium,medium,low,low,low,low,medium,6.83,0.709,0,2,0.0222,2026,D,,1,
gba-bbmp-106,Vishwaneedam Lake Bangalore North,BBMP,West,0.95,low,small,medium,monsoon (Jun-Sep) 2026,5,24,0.0,0.7569,0.0,0.2115,,,,,,0.0503,0.1793,0.0503,0.1731,,,,,,14.3,64.3,50.0,75.0,,,,,,insufficient,low,low,low,,,,,,0.0,0.0,0,1,,,,,,Q1: 0 passes with a value in monsoon (Jun-Sep) 2026 (floor 4); Q3: 0 passes with a value in monsoon (Jun-Sep) 2026 (floor 4); Q5: 0 passes with a value in monsoon (Jun-Sep) 2026 (floor 4); Q7: 0 passes with a value in monsoon (Jun-Sep) 2026 (floor 4); P1: 0 passes with a value in monsoon (Jun-Sep) 2026 (floor 4); B1: no Dynamic World year with enough scenes
gba-bbmp-107,Mallathahalli lake,BBMP,West,13.86,medium,mixed,medium,monsoon (Jun-Sep) 2026,4,74,0.2604,0.6604,0.0057,0.0621,0.1022,-0.0888,1.1954,79.3208,0.5572,0.075,0.077,0.0543,0.0638,0.0406,0.0459,0.1111,24.7648,0.0283,70.0,46.7,70.0,26.7,36.4,59.1,40.9,77.3,36.4,medium,medium,medium,medium,low,low,low,low,medium,3.61,0.339,2,2,0.0154,2026,D,,1,
gba-bbmp-108,Ullala lake,BBMP,West,9.86,medium,choked,medium,monsoon (Jun-Sep) 2026,6,4,0.001,0.9611,0.0,0.0374,,,,,,0.0522,0.0634,0.0501,0.0632,,,,,,15.0,70.0,50.0,46.7,,,,,,medium,medium,medium,medium,,,,,,0.01,0.002,2,1,0.1175,2026,E,BBMP budget 2025-26 (24 lakes; Rs 50 cr),1,Q1: 1 passes with a value in monsoon (Jun-Sep) 2026 (floor 4); Q3: 1 passes with a value in monsoon (Jun-Sep) 2026 (floor 4); Q5: 1 passes with a value in monsoon (Jun-Sep) 2026 (floor 4); Q7: 1 passes with a value in monsoon (Jun-Sep) 2026 (floor 4); P1: 1 passes with a value in monsoon (Jun-Sep) 2026 (floor 4)
gba-bbmp-109,Dubasipalya lake (Valagerehalli),BBMP,West,4.19,medium,choked,medium,monsoon (Jun-Sep) 2026,7,24,0.3058,0.5439,0.0,0.1563,0.1325,-0.1092,1.2449,-82.7535,0.6923,0.1015,0.1057,0.0501,0.0906,0.0429,0.0726,0.1881,563.3746,0.0516,73.3,33.3,45.0,76.7,,,,,,low,medium,medium,medium,low,low,low,low,low,1.28,0.381,3,0,0.0405,2026,,BBMP budget 2025-26 (24 lakes; Rs 50 cr),1,
gba-bbmp-111,Mangammanahalli lake,BBMP,,1.14,medium,small,medium,monsoon (Jun-Sep) 2026,5,24,0.184,0.5368,0.0,0.0168,,,,,,0.1469,0.1747,0.0503,0.0821,,,,,,50.0,36.8,50.0,34.2,,,,,,insufficient,low,low,low,,,,,,0.21,0.313,0,1,,,,,1,Q1: 3 passes with a value in monsoon (Jun-Sep) 2026 (floor 4); Q3: 3 passes with a value in monsoon (Jun-Sep) 2026 (floor 4); Q5: 3 passes with a value in monsoon (Jun-Sep) 2026 (floor 4); Q7: 3 passes with a value in monsoon (Jun-Sep) 2026 (floor 4); P1: 3 passes with a value in monsoon (Jun-Sep) 2026 (floor 4); B1: no Dynamic World year with enough scenes
gba-bbmp-112,Kengeri Lake,BBMP,West,9.79,medium,choked,medium,monsoon (Jun-Sep) 2026,7,4,0.2535,0.4447,0.0,0.2108,0.1188,-0.0778,1.1687,-41.7952,0.8849,0.0806,0.085,0.0501,0.0787,0.0265,0.0237,0.0536,271.8932,0.0225,88.0,4.0,48.0,92.0,,,,,,medium,medium,medium,medium,low,low,low,low,medium,2.48,0.862,0,0,0.0086,2026,E,BBMP budget 2025-26 (24 lakes; Rs 50 cr),3,
gba-bbmp-114,H Gollahalli kere/ Bangalore South,BBMP,,10.7,medium,choked,medium,pre-monsoon (Mar-May) 2026,19,67,0.0729,0.6482,0.0028,0.2561,0.0347,0.1507,0.7384,50.8445,0.0756,0.0672,0.0816,0.0535,0.0788,0.02,0.0356,0.0544,1.9797,0.0175,78.8,65.7,81.8,34.3,37.9,55.2,44.8,55.2,41.4,medium,medium,medium,medium,low,low,low,low,medium,0.78,0.114,1,2,0.0,2026,,,1,
gba-bbmp-115,Jogi kere / Bangalore South,BBMP,South,0.58,medium,small,medium,monsoon (Jun-Sep) 2026,4,49,0.0433,0.6239,0.0,0.2808,,,,,,0.1269,0.2331,0.0504,0.2199,,,,,,38.7,87.1,48.4,41.9,,,,,,insufficient,low,low,low,,,,,,0.03,0.1,0,1,,,,,,Q1: 1 passes with a value in monsoon (Jun-Sep) 2026 (floor 4); Q3: 1 passes with a value in monsoon (Jun-Sep) 2026 (floor 4); Q5: 1 passes with a value in monsoon (Jun-Sep) 2026 (floor 4); Q7: 1 passes with a value in monsoon (Jun-Sep) 2026 (floor 4); P1: 1 passes with a value in monsoon (Jun-Sep) 2026 (floor 4); B1: no Dynamic World year with enough scenes
gba-bbmp-116,Lingadeeranahalli,BBMP,South,1.75,medium,choked,medium,monsoon (Jun-Sep) 2026,6,4,0.0,0.9848,0.0,0.0152,,,,,,0.0502,0.0723,0.0502,0.0723,,,,,,39.6,29.2,41.7,70.8,,,,,,low,medium,medium,medium,,,,,,0.0,0.0,0,0,0.3203,2026,,,1,Q1: 0 passes with a value in monsoon (Jun-Sep) 2026 (floor 4); Q3: 0 passes with a value in monsoon (Jun-Sep) 2026 (floor 4); Q5: 0 passes with a value in monsoon (Jun-Sep) 2026 (floor 4); Q7: 0 passes with a value in monsoon (Jun-Sep) 2026 (floor 4); P1: 0 passes with a value in monsoon (Jun-Sep) 2026 (floor 4)
gba-bbmp-118,Konasandra Lake,BBMP,West,10.53,medium,open,medium,monsoon (Jun-Sep) 2026,5,4,0.6384,0.2385,0.0,0.1621,0.134,-0.0871,1.1909,-46.3766,0.9822,0.0818,0.0782,0.0501,0.0744,0.124,0.1108,0.3464,473.2493,0.0088,96.0,12.0,50.0,40.0,23.8,66.7,33.3,28.6,66.7,medium,medium,medium,medium,low,low,low,low,medium,6.72,0.839,0,0,0.0009,2026,,,2,
gba-bbmp-119,Sompura Lake,BBMP,South,7.34,medium,choked,medium,monsoon (Jun-Sep) 2026,4,49,0.0804,0.4924,0.0525,0.3309,0.0813,-0.0294,1.0604,45.3658,0.194,0.0722,0.0908,0.0682,0.0884,0.0148,0.0493,0.0948,1.4037,0.0323,17.9,7.1,96.4,96.4,64.0,100.0,0.0,48.0,60.0,medium,medium,medium,medium,low,low,low,low,medium,0.59,0.168,0,2,0.1746,2026,D,NDMF grant 2025 (7 lakes; Rs 65 cr),1,
gba-bbmp-121,Talghatapura Lake,BBMP,South,4.08,medium,choked,medium,monsoon (Jun-Sep) 2026,6,49,0.5729,0.3831,0.0,0.0387,0.1912,-0.1263,1.2891,110.3319,1.0,0.1075,0.1065,0.0501,0.0724,0.0987,0.0633,0.1792,70.8184,0.0001,93.8,25.0,48.4,31.2,93.3,40.0,60.0,73.3,100.0,low,medium,medium,medium,low,low,low,low,low,2.34,0.946,0,1,0.0,2026,,,1,
gba-bbmp-123,Mylasandra (Sunnakallu palya) lake,BBMP,West,0.73,low,small,medium,monsoon (Jun-Sep) 2026,5,17,0.0,0.6209,0.0,0.3791,,,,,,0.051,0.5352,0.051,0.5352,,,,,,48.5,3.0,45.5,97.0,,,,,,insufficient,insufficient,insufficient,insufficient,,,,,,0.0,,0,0,,,,,,Q1: 0 passes with a value in monsoon (Jun-Sep) 2026 (floor 4); Q3: 0 passes with a value in monsoon (Jun-Sep) 2026 (floor 4); Q5: 0 passes with a value in monsoon (Jun-Sep) 2026 (floor 4); Q7: 0 passes with a value in monsoon (Jun-Sep) 2026 (floor 4); P1: 0 passes with a value in monsoon (Jun-Sep) 2026 (floor 4); B1: no Dynamic World year with enough scenes
gba-bbmp-126,Kodigehalli lake / Bangalore North,BBMP,,3.26,medium,choked,medium,monsoon (Jun-Sep) 2026,7,17,0.2511,0.3776,0.0,0.355,0.1825,-0.1115,1.2511,96.3101,0.96,0.106,0.1126,0.0501,0.1118,0.1191,0.0837,0.216,529.9928,0.0253,70.0,13.3,46.7,80.0,50.0,56.2,43.8,75.0,37.5,low,medium,medium,medium,low,low,low,low,low,0.82,0.49,0,0,0.1836,2026,,,2,
gba-bbmp-127,Kenchanpura lake,BBMP,,5.05,medium,mixed,medium,monsoon (Jun-Sep) 2026,6,4,0.2872,0.4092,0.0,0.2662,0.1873,-0.0789,1.1709,74.6103,1.0,0.0955,0.0994,0.0501,0.0944,0.0918,0.0862,0.234,136.6613,0.0001,43.8,56.2,46.9,65.6,76.0,72.0,28.0,64.0,94.0,low,medium,medium,medium,low,low,low,low,low,1.45,0.425,0,1,0.0,2026,,BBMP budget 2025-26 (24 lakes; Rs 50 cr),1,
gba-bbmp-128,Kanna halli lake,BBMP,,22.48,medium,choked,medium,monsoon (Jun-Sep) 2026,5,49,0.0004,0.9306,0.0,0.0509,,,,,,0.0509,0.0615,0.05,0.0599,,,,,,22.2,77.8,44.4,22.2,,,,,,medium,medium,medium,medium,,,,,,0.01,0.001,0,0,0.0048,2026,E,,3,Q1: 1 passes with a value in monsoon (Jun-Sep) 2026 (floor 4); Q3: 1 passes with a value in monsoon (Jun-Sep) 2026 (floor 4); Q5: 1 passes with a value in monsoon (Jun-Sep) 2026 (floor 4); Q7: 1 passes with a value in monsoon (Jun-Sep) 2026 (floor 4); P1: 1 passes with a value in monsoon (Jun-Sep) 2026 (floor 4)
gba-bbmp-129,Soolikere,BBMP,,42.25,medium,open,medium,monsoon (Jun-Sep) 2026,5,4,0.6539,0.0956,0.0,0.2237,0.1006,-0.0859,1.1875,112.4973,0.4724,0.0653,0.0595,0.05,0.0634,0.0809,0.0686,0.178,144.8435,0.0161,62.5,37.5,22.9,54.2,61.9,76.2,23.8,81.0,61.9,medium,medium,medium,medium,low,low,low,low,medium,27.63,0.717,0,0,0.0,2026,,,5,
gba-bbmp-130,Bhimana kuppe,BBMP,,39.83,medium,open,medium,monsoon (Jun-Sep) 2026,7,17,0.579,0.2237,0.0,0.1505,0.1009,-0.0805,1.1747,77.4825,0.5338,0.0667,0.0641,0.05,0.0621,0.038,0.066,0.1633,346.03,0.0169,29.2,66.7,37.5,62.5,87.0,82.6,17.4,65.2,91.3,medium,medium,medium,medium,low,low,low,low,medium,23.06,0.615,1,1,0.0019,2026,,,7,
gba-bbmp-131,",ward no 154 J.P Park / Bangalore North",BBMP,North,4.64,medium,choked,medium,monsoon (Jun-Sep) 2026,6,29,0.0162,0.8441,0.0,0.1426,,,,,,0.0661,0.0964,0.0501,0.0948,,,,,,9.1,100.0,12.1,63.6,,,,,,low,medium,medium,medium,,,,,,0.08,0.024,14,0,0.0,2026,D,,2,Q1: 0 passes with a value in monsoon (Jun-Sep) 2026 (floor 4); Q3: 0 passes with a value in monsoon (Jun-Sep) 2026 (floor 4); Q5: 0 passes with a value in monsoon (Jun-Sep) 2026 (floor 4); Q7: 0 passes with a value in monsoon (Jun-Sep) 2026 (floor 4); P1: 0 passes with a value in monsoon (Jun-Sep) 2026 (floor 4)
gba-bbmp-132,Srigandadkaval,BBMP,West,0.62,medium,small,medium,monsoon (Jun-Sep) 2026,6,4,0.0,0.9636,0.0,0.0364,,,,,,0.0504,0.1162,0.0504,0.1162,,,,,,40.0,66.7,41.7,33.3,,,,,,insufficient,low,low,low,,,,,,0.0,0.0,0,0,,,,,,Q1: 0 passes with a value in monsoon (Jun-Sep) 2026 (floor 4); Q3: 0 passes with a value in monsoon (Jun-Sep) 2026 (floor 4); Q5: 0 passes with a value in monsoon (Jun-Sep) 2026 (floor 4); Q7: 0 passes with a value in monsoon (Jun-Sep) 2026 (floor 4); P1: 0 passes with a value in monsoon (Jun-Sep) 2026 (floor 4); B1: no Dynamic World year with enough scenes
gba-bbmp-133,Nagarabhavi Lake,BBMP,West,0.9,medium,small,medium,monsoon (Jun-Sep) 2026,6,4,0.5645,0.0713,0.0001,0.2818,0.0334,-0.0433,1.0921,58.6431,0.0535,0.1931,0.1243,0.052,0.1799,0.047,0.0625,0.1378,25.2681,0.0649,93.3,10.0,86.7,50.0,,,,,,insufficient,low,low,low,insufficient,low,low,low,insufficient,0.51,0.941,4,1,,,,,,B1: no Dynamic World year with enough scenes
gba-bbmp-134,Bheemana Katte,BBMP,West,1.0,medium,small,medium,monsoon (Jun-Sep) 2026,6,24,0.0849,0.6387,0.2368,0.0761,,,,,,0.1305,0.1887,0.1727,0.1266,,,,,,90.6,59.4,78.1,12.5,,,,,,insufficient,low,low,low,,,,,,0.08,0.283,38,35,,,,,,Q1: 1 passes with a value in monsoon (Jun-Sep) 2026 (floor 4); Q3: 1 passes with a value in monsoon (Jun-Sep) 2026 (floor 4); Q5: 1 passes with a value in monsoon (Jun-Sep) 2026 (floor 4); Q7: 1 passes with a value in monsoon (Jun-Sep) 2026 (floor 4); P1: 1 passes with a value in monsoon (Jun-Sep) 2026 (floor 4); B1: no Dynamic World year with enough scenes
gba-bbmp-135,Pattangere/Kenchenahalli lake,BBMP,West,1.55,low,small,medium,monsoon (Jun-Sep) 2026,7,24,0.0,0.9913,0.0,0.0087,,,,,,0.0502,0.069,0.0502,0.069,,,,,,37.0,14.8,50.0,85.2,,,,,,low,low,low,low,,,,,,0.0,,0,0,0.9857,2026,,,2,Q1: 0 passes with a value in monsoon (Jun-Sep) 2026 (floor 4); Q3: 0 passes with a value in monsoon (Jun-Sep) 2026 (floor 4); Q5: 0 passes with a value in monsoon (Jun-Sep) 2026 (floor 4); Q7: 0 passes with a value in monsoon (Jun-Sep) 2026 (floor 4); P1: 0 passes with a value in monsoon (Jun-Sep) 2026 (floor 4)
gba-bbmp-136,Halage vaderahalli Lake,BBMP,West,2.89,medium,choked,medium,monsoon (Jun-Sep) 2026,7,14,0.1556,0.6061,0.0145,0.1884,0.0523,-0.0994,1.221,-765.8641,0.053,0.0993,0.1165,0.0663,0.1032,0.0278,0.0571,0.1464,1154.7324,0.0305,53.1,59.4,76.6,40.6,26.9,34.6,65.4,15.4,30.8,low,medium,medium,medium,low,low,low,low,low,0.45,0.26,2,1,0.1383,2026,,,1,
gba-bbmp-137,Hoskerehalli Lake,BBMP,West,14.98,medium,choked,medium,monsoon (Jun-Sep) 2026,5,17,0.0186,0.9135,0.0004,0.0401,,,,,,0.0575,0.0655,0.0511,0.0608,,,,,,72.0,20.0,86.0,68.0,,,,,,medium,medium,medium,medium,,,,,,0.28,0.199,0,0,0.0311,2026,E,,2,Q1: 3 passes with a value in monsoon (Jun-Sep) 2026 (floor 4); Q3: 3 passes with a value in monsoon (Jun-Sep) 2026 (floor 4); Q5: 3 passes with a value in monsoon (Jun-Sep) 2026 (floor 4); Q7: 3 passes with a value in monsoon (Jun-Sep) 2026 (floor 4); P1: 3 passes with a value in monsoon (Jun-Sep) 2026 (floor 4)
gba-bbmp-138,Chikka Bettahalli Lake,BBMP,North,2.02,medium,dry,medium,monsoon (Jun-Sep) 2026,6,24,0.0042,0.2935,0.0024,0.6966,,,,,,0.0614,0.1305,0.0587,0.1313,,,,,,20.0,94.3,40.0,40.0,,,,,,low,medium,medium,medium,,,,,,0.01,0.005,1,2,0.0114,2026,,,1,Q1: 0 passes with a value in monsoon (Jun-Sep) 2026 (floor 4); Q3: 0 passes with a value in monsoon (Jun-Sep) 2026 (floor 4); Q5: 0 passes with a value in monsoon (Jun-Sep) 2026 (floor 4); Q7: 0 passes with a value in monsoon (Jun-Sep) 2026 (floor 4); P1: 0 passes with a value in monsoon (Jun-Sep) 2026 (floor 4)
gba-bbmp-139,Veerasagara lake,BBMP,,6.74,medium,open,medium,monsoon (Jun-Sep) 2026,5,39,0.3707,0.0645,0.0173,0.3049,0.0776,-0.0405,1.0848,41.9701,0.2644,0.0924,0.0715,0.0614,0.0904,0.0373,0.0458,0.0985,1.0596,0.0387,44.8,3.4,93.1,82.8,0.0,100.0,0.0,30.4,0.0,medium,medium,medium,medium,low,low,low,low,medium,2.5,0.419,2,2,0.0,2026,,,2,
gba-bbmp-140,Harohalli lake,BBMP,,20.29,medium,choked,medium,pre-monsoon (Mar-May) 2026,17,59,0.034,0.9038,0.0,0.03,0.3171,-0.2895,1.8149,71.4506,1.0,0.0587,0.0641,0.05,0.0582,0.1132,0.0902,0.3222,703.9736,0.0,35.0,79.5,43.5,15.0,78.2,19.2,80.8,44.9,84.0,medium,medium,medium,medium,low,low,low,low,medium,0.69,0.053,0,0,0.0131,2026,,,2,
gba-bbmp-141,Yelahanka Amani kere,BBMP,North,98.56,medium,open,medium,pre-monsoon (Mar-May) 2026,18,74,0.9528,0.043,0.0001,0.0067,0.4239,-0.253,1.6797,84.5323,0.9999,0.0546,0.0544,0.0502,0.0518,0.067,0.063,0.238,22.9037,0.0002,96.3,25.2,41.6,0.0,98.1,21.5,78.5,68.2,96.7,medium,medium,medium,medium,medium,medium,medium,medium,high,93.91,0.97,0,0,0.0,2026,E,,5,
gba-bbmp-142,Attur lake,BBMP,North,23.71,medium,choked,medium,monsoon (Jun-Sep) 2026,5,24,0.7626,0.1568,0.0,0.0907,0.3234,-0.1885,1.4631,76.9113,1.0,0.0685,0.0658,0.05,0.0625,0.0596,0.0596,0.2035,329.1993,0.0,89.3,14.3,33.9,53.6,90.5,19.0,85.7,61.9,97.6,medium,medium,medium,medium,low,low,low,low,medium,18.08,0.82,2,0,0.0,2026,,,3,
gba-bbmp-143,Allalasandra lake,BBMP,North,15.98,medium,open,medium,monsoon (Jun-Sep) 2026,6,9,0.59,0.1697,0.2417,0.0332,0.2083,-0.1418,1.3409,70.3216,0.944,0.0772,0.0708,0.0737,0.0599,0.1127,0.0875,0.241,195.7217,0.0127,15.8,23.7,92.1,23.7,15.8,71.1,28.9,36.8,5.3,medium,medium,medium,medium,low,low,low,low,medium,9.43,0.609,1,4,0.0082,2026,E,,1,
gba-bbmp-144,Srinivasapura Lake,BBMP,North,0.33,low,small,medium,monsoon (Jun-Sep) 2026,5,24,0.0178,0.0143,0.0752,0.8826,,,,,,0.1435,0.134,0.2365,0.2776,,,,,,48.6,5.7,88.6,74.3,,,,,,insufficient,insufficient,insufficient,insufficient,,,,,,0.01,,6,6,,,,,,Q1: 1 passes with a value in monsoon (Jun-Sep) 2026 (floor 4); Q3: 1 passes with a value in monsoon (Jun-Sep) 2026 (floor 4); Q5: 1 passes with a value in monsoon (Jun-Sep) 2026 (floor 4); Q7: 1 passes with a value in monsoon (Jun-Sep) 2026 (floor 4); P1: 1 passes with a value in monsoon (Jun-Sep) 2026 (floor 4); B1: no Dynamic World year with enough scenes
gba-bbmp-145,Shivanahalli Lake,BBMP,North,0.43,low,small,medium,monsoon (Jun-Sep) 2026,7,24,0.0166,0.0,0.7904,0.1883,,,,,,0.1238,0.0506,0.285,0.2757,,,,,,40.3,20.8,91.7,13.9,,,,,,insufficient,insufficient,insufficient,insufficient,,,,,,0.01,0.016,42,36,,,,,,Q1: 0 passes with a value in monsoon (Jun-Sep) 2026 (floor 4); Q3: 0 passes with a value in monsoon (Jun-Sep) 2026 (floor 4); Q5: 0 passes with a value in monsoon (Jun-Sep) 2026 (floor 4); Q7: 0 passes with a value in monsoon (Jun-Sep) 2026 (floor 4); P1: 0 passes with a value in monsoon (Jun-Sep) 2026 (floor 4); B1: no Dynamic World year with enough scenes
gba-bbmp-146,Rachenahalli Lake,BBMP,North,37.06,medium,open,medium,monsoon (Jun-Sep) 2026,6,24,0.8499,0.1435,0.0,0.0085,0.4424,-0.2589,1.6982,128.0299,0.9994,0.0624,0.0622,0.05,0.0532,0.1126,0.1017,0.3438,545.834,0.0008,68.8,68.8,42.2,18.8,75.0,21.9,78.1,84.4,50.0,medium,medium,medium,medium,low,low,low,low,medium,31.5,0.89,0,0,0.0,2026,E,,5,
gba-bbmp-147,Amruthahalli Lake,BBMP,North,7.74,medium,choked,medium,monsoon (Jun-Sep) 2026,7,24,0.303,0.3957,0.0291,0.2086,0.1768,-0.147,1.3458,50.5406,0.9739,0.087,0.0894,0.0635,0.0827,0.0895,0.0774,0.1992,149.0085,0.0128,87.5,12.5,84.4,75.0,91.7,16.7,83.3,83.3,100.0,medium,medium,medium,medium,low,low,low,low,medium,2.35,0.54,1,5,0.0487,2026,E,,1,
gba-bbmp-148,Doddabommasandra Lake,BBMP,North,36.25,medium,choked,medium,monsoon (Jun-Sep) 2026,7,9,0.6414,0.1157,0.0147,0.0231,0.255,-0.1747,1.424,80.2496,0.9961,0.0671,0.0614,0.0543,0.0554,0.1404,0.0636,0.1629,26.0769,0.0022,65.4,3.8,80.8,7.7,81.8,40.9,63.6,81.8,86.4,medium,medium,medium,medium,low,low,low,low,medium,23.25,0.674,2,3,0.0002,2026,,,3,
gba-bbmp-149,Singapura Lake,BBMP,North,3.07,medium,open,medium,monsoon (Jun-Sep) 2026,5,49,0.0554,0.2703,0.0,0.3941,,,,,,0.0798,0.1078,0.0501,0.1136,,,,,,16.7,77.8,45.8,52.8,,,,,,low,medium,medium,medium,,,,,,0.17,0.065,3,0,0.0,2026,E,BBMP budget 2025-26 (24 lakes; Rs 50 cr),1,Q1: 3 passes with a value in monsoon (Jun-Sep) 2026 (floor 4); Q3: 3 passes with a value in monsoon (Jun-Sep) 2026 (floor 4); Q5: 3 passes with a value in monsoon (Jun-Sep) 2026 (floor 4); Q7: 3 passes with a value in monsoon (Jun-Sep) 2026 (floor 4); P1: 3 passes with a value in monsoon (Jun-Sep) 2026 (floor 4)
gba-bbmp-150,Narasipura Lake 20,BBMP,North,5.47,medium,choked,medium,monsoon (Jun-Sep) 2026,9,9,0.5691,0.0448,0.151,0.0836,0.1063,-0.0862,1.1883,51.1379,0.595,0.1064,0.0736,0.0908,0.0815,0.0289,0.0526,0.1268,6.6395,0.0559,90.0,3.3,90.0,10.0,35.7,64.3,35.7,71.4,42.9,low,medium,medium,medium,low,low,low,low,low,3.11,0.598,13,22,0.0,2026,D,,2,
gba-bbmp-152,Kogilu Lake,BBMP,North,24.26,medium,choked,medium,monsoon (Jun-Sep) 2026,4,4,0.2049,0.3956,0.0009,0.4078,,,,,,0.0673,0.0709,0.0513,0.0711,,,,,,67.9,25.0,82.1,92.9,,,,,,medium,medium,medium,medium,,,,,,4.97,0.302,0,0,0.0004,2026,E,,2,Q1: 3 passes with a value in monsoon (Jun-Sep) 2026 (floor 4); Q3: 3 passes with a value in monsoon (Jun-Sep) 2026 (floor 4); Q5: 3 passes with a value in monsoon (Jun-Sep) 2026 (floor 4); Q7: 3 passes with a value in monsoon (Jun-Sep) 2026 (floor 4); P1: 3 passes with a value in monsoon (Jun-Sep) 2026 (floor 4)
gba-bbmp-153,Palanahalli Lake,BBMP,North,7.33,medium,mixed,medium,pre-monsoon (Mar-May) 2026,20,74,0.7315,0.2597,0.0,0.0163,0.4726,-0.3038,1.872,90.7267,1.0,0.0859,0.0856,0.0501,0.0603,0.1245,0.0949,0.4001,24.8476,0.0001,98.2,5.4,49.1,12.5,78.5,22.6,77.4,61.3,67.2,medium,medium,medium,medium,low,low,low,low,medium,5.36,0.873,1,0,0.0123,2026,,,1,
gba-bbmp-154,Kattigenahalli Lake,BBMP,North,5.66,medium,open,medium,monsoon (Jun-Sep) 2026,4,4,0.4287,0.1054,0.0,0.4659,,,,,,0.0964,0.0788,0.0501,0.0967,,,,,,25.8,22.6,46.8,87.1,,,,,,medium,medium,medium,medium,,,,,,2.43,0.449,3,0,0.0,2026,,,1,Q1: 3 passes with a value in monsoon (Jun-Sep) 2026 (floor 4); Q3: 3 passes with a value in monsoon (Jun-Sep) 2026 (floor 4); Q5: 3 passes with a value in monsoon (Jun-Sep) 2026 (floor 4); Q7: 3 passes with a value in monsoon (Jun-Sep) 2026 (floor 4); P1: 3 passes with a value in monsoon (Jun-Sep) 2026 (floor 4)
gba-bbmp-155,Jakkur Lake,BBMP,North,50.86,medium,open,medium,monsoon (Jun-Sep) 2026,5,24,0.8104,0.1399,0.0089,0.0549,0.3798,-0.2099,1.5332,52.0475,0.9978,0.0624,0.061,0.053,0.0572,0.1138,0.0896,0.2629,57.1738,0.0015,75.9,31.0,62.1,55.2,69.0,34.5,65.5,41.4,41.4,medium,medium,medium,medium,low,low,low,low,medium,41.22,0.909,0,0,0.0044,2026,E,BBMP budget 2025-26 (24 lakes; Rs 50 cr),4,
gba-bbmp-156,Agrahara Lake,BBMP,North,4.44,medium,mixed,medium,monsoon (Jun-Sep) 2026,6,4,0.4816,0.1382,0.0,0.4143,0.2511,-0.1374,1.3183,-592.0385,0.9548,0.1033,0.0868,0.0501,0.1025,0.1093,0.0678,0.1778,937.8533,0.0221,61.3,38.7,45.2,54.8,80.0,40.0,60.0,16.0,72.0,low,medium,medium,medium,low,low,low,low,low,2.14,0.564,1,1,0.0,2026,,,3,
gba-bbmp-157,Thirumenahalli Lake,BBMP,North,5.69,medium,mixed,medium,monsoon (Jun-Sep) 2026,6,4,0.5427,0.1993,0.0,0.1986,0.2431,-0.1617,1.3842,80.0953,0.9972,0.0969,0.0876,0.0501,0.0875,0.133,0.0956,0.2877,911.6893,0.005,72.2,36.1,34.7,30.6,87.5,31.2,68.8,90.6,81.2,medium,medium,medium,medium,low,low,low,low,medium,3.09,0.661,1,2,0.0,2026,,,2,
gba-bbmp-158,Chokkanahalli Lake,BBMP,North,0.9,low,small,medium,monsoon (Jun-Sep) 2026,8,24,0.0353,0.3525,0.3961,0.2409,,,,,,0.1326,0.2637,0.2687,0.2413,,,,,,50.0,95.0,60.0,35.0,,,,,,insufficient,low,low,low,,,,,,0.03,0.049,45,38,,,,BBMP budget 2025-26 (24 lakes; Rs 50 cr),,Q1: 0 passes with a value in monsoon (Jun-Sep) 2026 (floor 4); Q3: 0 passes with a value in monsoon (Jun-Sep) 2026 (floor 4); Q5: 0 passes with a value in monsoon (Jun-Sep) 2026 (floor 4); Q7: 0 passes with a value in monsoon (Jun-Sep) 2026 (floor 4); P1: 0 passes with a value in monsoon (Jun-Sep) 2026 (floor 4); B1: no Dynamic World year with enough scenes
gba-bbmp-159,Venkateshapura Lake,BBMP,North,0.46,medium,small,medium,monsoon (Jun-Sep) 2026,7,4,0.0,0.7407,0.0439,0.1922,,,,,,0.0504,0.246,0.1416,0.2262,,,,,,28.8,40.0,87.5,65.0,,,,,,insufficient,low,low,low,,,,,,0.0,0.0,32,9,,,,,,Q1: 1 passes with a value in monsoon (Jun-Sep) 2026 (floor 4); Q3: 1 passes with a value in monsoon (Jun-Sep) 2026 (floor 4); Q5: 1 passes with a value in monsoon (Jun-Sep) 2026 (floor 4); Q7: 1 passes with a value in monsoon (Jun-Sep) 2026 (floor 4); P1: 1 passes with a value in monsoon (Jun-Sep) 2026 (floor 4); B1: no Dynamic World year with enough scenes
gba-bbmp-160,Kempambudhi Lake,BBMP,West,7.69,medium,open,medium,monsoon (Jun-Sep) 2026,6,17,0.7115,0.2679,0.0,0.0219,0.3644,-0.2036,1.5132,127.2009,0.9791,0.0863,0.0855,0.0501,0.0617,0.1617,0.1289,0.3818,120.2291,0.0115,77.3,27.3,38.6,45.5,63.6,45.5,54.5,86.4,13.6,medium,medium,medium,medium,low,low,low,low,medium,5.47,0.791,1,1,0.0256,2026,D,,2,
gba-bbmp-161,Yediyur Lake,BBMP,West,4.25,medium,open,medium,monsoon (Jun-Sep) 2026,6,24,0.4131,0.3601,0.0,0.1671,0.3138,-0.1314,1.3072,62.9783,0.9997,0.1034,0.1021,0.0501,0.0905,0.1146,0.0684,0.1878,409.575,0.002,6.9,100.0,19.0,93.1,65.5,82.8,17.2,34.5,62.1,low,medium,medium,medium,low,low,low,low,low,1.76,0.426,3,0,0.0,2026,D,,1,
gba-bbmp-162,Deepanjali Nagara lake,BBMP,West,1.42,medium,small,medium,monsoon (Jun-Sep) 2026,5,9,0.5132,0.2197,0.0071,0.1945,0.0691,-0.0429,1.0897,49.0735,0.088,0.1542,0.1363,0.0675,0.1325,0.043,0.057,0.1275,249.0514,0.0591,91.2,5.9,97.1,35.3,6.7,100.0,0.0,60.0,6.7,low,low,low,low,low,low,low,low,low,0.73,0.784,4,2,1.0,2026,,BBMP budget 2025-26 (24 lakes; Rs 50 cr),1,
gba-bbmp-163,Gowdanapalya Lake,BBMP,South,2.48,medium,mixed,medium,monsoon (Jun-Sep) 2026,6,19,0.4865,0.1005,0.0168,0.3215,0.2661,-0.1582,1.3771,87.2494,0.9442,0.1237,0.0943,0.0689,0.1189,0.1155,0.0736,0.2004,23.4158,0.0338,96.3,7.4,96.3,63.0,,,,,,low,medium,medium,medium,low,low,low,low,low,1.21,0.989,4,3,0.0828,2026,,,2,
gba-bbmp-164,Byrasandra,BBMP,Central,2.66,medium,mixed,medium,monsoon (Jun-Sep) 2026,10,17,0.6542,0.2853,0.0,0.0295,0.2427,-0.1746,1.4325,76.026,0.9978,0.1166,0.1132,0.0501,0.0737,0.122,0.0874,0.2556,28.5408,0.0066,88.9,33.3,31.9,11.1,70.6,26.5,73.5,73.5,70.6,low,medium,medium,medium,low,low,low,low,low,1.74,0.731,4,0,0.0,2026,D,,1,
gba-bbmp-165,Mestripalya Lake,BBMP,South,2.3,medium,choked,medium,monsoon (Jun-Sep) 2026,6,24,0.0,0.9863,0.0,0.0133,,,,,,0.0502,0.0689,0.0502,0.0686,,,,,,25.8,74.2,37.1,25.8,,,,,,low,medium,medium,medium,,,,,,0.0,0.0,0,0,0.6947,2026,,,1,Q1: 0 passes with a value in monsoon (Jun-Sep) 2026 (floor 4); Q3: 0 passes with a value in monsoon (Jun-Sep) 2026 (floor 4); Q5: 0 passes with a value in monsoon (Jun-Sep) 2026 (floor 4); Q7: 0 passes with a value in monsoon (Jun-Sep) 2026 (floor 4); P1: 0 passes with a value in monsoon (Jun-Sep) 2026 (floor 4)
gba-bbmp-166,Dasarahalli (Chokkasandra) Lake,BBMP,West,5.98,medium,mixed,medium,monsoon (Jun-Sep) 2026,6,24,0.1505,0.2843,0.0,0.3634,,,,,,0.0829,0.0915,0.0501,0.0943,,,,,,27.6,65.5,44.8,65.5,,,,,,medium,medium,medium,medium,,,,,,0.9,0.173,0,1,0.0815,2026,E,,1,Q1: 3 passes with a value in monsoon (Jun-Sep) 2026 (floor 4); Q3: 3 passes with a value in monsoon (Jun-Sep) 2026 (floor 4); Q5: 3 passes with a value in monsoon (Jun-Sep) 2026 (floor 4); Q7: 3 passes with a value in monsoon (Jun-Sep) 2026 (floor 4); P1: 3 passes with a value in monsoon (Jun-Sep) 2026 (floor 4)
gba-bbmp-167,Nelagedaranahalli Lake,BBMP,West,5.86,medium,mixed,medium,monsoon (Jun-Sep) 2026,6,37,0.0394,0.2279,0.0003,0.6286,,,,,,0.0682,0.0893,0.0516,0.0953,,,,,,31.0,27.6,82.8,82.8,,,,,,medium,medium,medium,medium,,,,,,0.23,0.051,0,3,0.0684,2026,,BBMP budget 2025-26 (24 lakes; Rs 50 cr),1,Q1: 3 passes with a value in monsoon (Jun-Sep) 2026 (floor 4); Q3: 3 passes with a value in monsoon (Jun-Sep) 2026 (floor 4); Q5: 3 passes with a value in monsoon (Jun-Sep) 2026 (floor 4); Q7: 3 passes with a value in monsoon (Jun-Sep) 2026 (floor 4); P1: 3 passes with a value in monsoon (Jun-Sep) 2026 (floor 4)
gba-bbmp-168,Shivapura Lake,BBMP,West,1.67,medium,choked,medium,monsoon (Jun-Sep) 2026,6,24,0.009,0.4964,0.024,0.3569,,,,,,0.0685,0.1481,0.08,0.144,,,,,,34.4,37.5,35.9,68.8,,,,,,low,medium,medium,medium,,,,,,0.02,0.013,3,0,1.0,2026,D,BBMP budget 2025-26 (24 lakes; Rs 50 cr),1,Q1: 2 passes with a value in monsoon (Jun-Sep) 2026 (floor 4); Q3: 2 passes with a value in monsoon (Jun-Sep) 2026 (floor 4); Q5: 2 passes with a value in monsoon (Jun-Sep) 2026 (floor 4); Q7: 2 passes with a value in monsoon (Jun-Sep) 2026 (floor 4); P1: 2 passes with a value in monsoon (Jun-Sep) 2026 (floor 4)
gba-bbmp-169,Bagalagunte Lake,BBMP,North,2.99,medium,choked,medium,monsoon (Jun-Sep) 2026,8,17,0.2344,0.5188,0.0,0.2146,0.1215,-0.1142,1.258,52.2499,0.8719,0.1066,0.1168,0.0501,0.1049,0.0366,0.0416,0.1043,753.4845,0.0447,72.2,30.6,47.2,72.2,58.3,50.0,50.0,33.3,45.8,low,medium,medium,medium,low,low,low,low,low,0.7,0.42,0,1,0.1816,2026,,,2,
gba-bbmp-170,Kammagondanahalli Lake,BBMP,North,7.47,medium,choked,medium,monsoon (Jun-Sep) 2026,6,49,0.1024,0.7767,0.0,0.1152,0.3205,-0.195,1.4927,93.9467,0.9367,0.0743,0.0833,0.0501,0.0756,0.1162,0.0884,0.2812,15.2374,0.0195,69.7,45.5,45.5,51.5,94.1,35.3,64.7,58.8,88.2,medium,medium,medium,medium,low,low,low,low,medium,0.76,0.165,2,0,0.0081,2026,D,,1,
gba-bbmp-171,Mallasandra gudde Lake,BBMP,North,4.42,low,choked,medium,monsoon (Jun-Sep) 2026,6,24,0.0001,0.9987,0.0,0.0013,,,,,,0.0511,0.054,0.0501,0.0538,,,,,,87.2,43.6,47.4,56.4,,,,,,low,medium,medium,low,,,,,,0.0,,0,0,0.1945,2026,,,1,Q1: 0 passes with a value in monsoon (Jun-Sep) 2026 (floor 4); Q3: 0 passes with a value in monsoon (Jun-Sep) 2026 (floor 4); Q5: 0 passes with a value in monsoon (Jun-Sep) 2026 (floor 4); Q7: 0 passes with a value in monsoon (Jun-Sep) 2026 (floor 4); P1: 0 passes with a value in monsoon (Jun-Sep) 2026 (floor 4)
gba-bbmp-172,Abbigere Lake,BBMP,North,9.48,medium,choked,medium,monsoon (Jun-Sep) 2026,6,24,0.1118,0.7618,0.0,0.1064,0.192,-0.1302,1.2995,70.2723,1.0,0.0725,0.0804,0.0501,0.072,0.0528,0.0324,0.0889,92.2843,0.0001,93.9,24.2,45.5,72.7,,,,,,medium,medium,medium,medium,low,low,low,low,medium,1.06,0.148,0,1,0.0028,2026,D,BBMP budget 2025-26 (24 lakes; Rs 50 cr),3,
gba-bbmp-173,Lakshmipura Lake,BBMP,North,1.89,medium,choked,medium,monsoon (Jun-Sep) 2026,5,49,0.3206,0.2655,0.0039,0.4084,0.2761,-0.1292,1.2969,62.0648,1.0,0.1352,0.1306,0.0614,0.1397,0.1089,0.0755,0.205,22.3627,0.0002,90.6,34.4,81.2,71.9,90.0,20.0,80.0,90.0,95.0,low,medium,medium,medium,low,low,low,low,low,0.61,0.551,1,1,0.0,2026,,,2,
gba-bbmp-175,Karihobanahalli Lake (Narasappanakere) Lake,BBMP,West,17.56,medium,choked,medium,monsoon (Jun-Sep) 2026,4,29,0.006,0.919,0.0034,0.0571,,,,,,0.054,0.0641,0.053,0.062,,,,,,79.3,24.1,62.1,82.8,,,,,,medium,medium,medium,medium,,,,,,0.11,0.009,0,0,0.1978,2026,D,,2,Q1: 2 passes with a value in monsoon (Jun-Sep) 2026 (floor 4); Q3: 2 passes with a value in monsoon (Jun-Sep) 2026 (floor 4); Q5: 2 passes with a value in monsoon (Jun-Sep) 2026 (floor 4); Q7: 2 passes with a value in monsoon (Jun-Sep) 2026 (floor 4); P1: 2 passes with a value in monsoon (Jun-Sep) 2026 (floor 4)
gba-bbmp-176,Sankey Lake,BBMP,West,14.3,medium,open,medium,monsoon (Jun-Sep) 2026,4,37,0.5208,0.1533,0.0232,0.2034,0.1045,-0.1259,1.2908,66.2387,0.5068,0.0788,0.0708,0.0587,0.0732,0.0292,0.0622,0.1595,418.6402,0.0289,23.3,100.0,23.3,36.7,51.7,44.8,55.2,51.7,51.7,medium,medium,medium,medium,low,low,low,low,medium,7.45,0.535,3,2,0.0,2026,D,,1,
gba-bbmp-177,Nayandanahalli Lake,BBMP,West,4.18,medium,mixed,medium,monsoon (Jun-Sep) 2026,4,24,0.2462,0.119,0.0644,0.5938,,,,,,0.1004,0.0879,0.0787,0.1075,,,,,,60.7,46.4,67.9,96.4,,,,,,low,medium,medium,medium,,,,,,1.03,0.283,11,6,0.0,2026,D,,3,Q1: 3 passes with a value in monsoon (Jun-Sep) 2026 (floor 4); Q3: 3 passes with a value in monsoon (Jun-Sep) 2026 (floor 4); Q5: 3 passes with a value in monsoon (Jun-Sep) 2026 (floor 4); Q7: 3 passes with a value in monsoon (Jun-Sep) 2026 (floor 4); P1: 3 passes with a value in monsoon (Jun-Sep) 2026 (floor 4)
gba-bbmp-187,Chikkakalasandra Lake,BBMP,South,2.17,low,choked,medium,monsoon (Jun-Sep) 2026,9,17,0.0,0.617,0.0012,0.3287,,,,,,0.0502,0.1269,0.0555,0.1243,,,,,,45.8,11.1,75.0,94.4,,,,,,low,medium,medium,low,,,,,,0.0,,0,1,1.0,2026,,,1,Q1: 1 passes with a value in monsoon (Jun-Sep) 2026 (floor 4); Q3: 1 passes with a value in monsoon (Jun-Sep) 2026 (floor 4); Q5: 1 passes with a value in monsoon (Jun-Sep) 2026 (floor 4); Q7: 1 passes with a value in monsoon (Jun-Sep) 2026 (floor 4); P1: 1 passes with a value in monsoon (Jun-Sep) 2026 (floor 4)
gba-bbmp-191,Arehalli 2 & 3 (Small tanks) (Disused lake),BBMP,,4.67,medium,mixed,medium,monsoon (Jun-Sep) 2026,10,4,0.0,0.0977,0.0,0.9007,,,,,,0.0501,0.0818,0.0501,0.0821,,,,,,9.3,2.3,32.6,100.0,,,,,,low,medium,medium,medium,,,,,,0.0,0.0,0,0,0.0,2026,,,2,Q1: 0 passes with a value in monsoon (Jun-Sep) 2026 (floor 4); Q3: 0 passes with a value in monsoon (Jun-Sep) 2026 (floor 4); Q5: 0 passes with a value in monsoon (Jun-Sep) 2026 (floor 4); Q7: 0 passes with a value in monsoon (Jun-Sep) 2026 (floor 4); P1: 0 passes with a value in monsoon (Jun-Sep) 2026 (floor 4)
gba-bbmp-197,Gangondanahalli Lake,BBMP,,15.6,medium,choked,medium,monsoon (Jun-Sep) 2026,5,17,0.0,0.9884,0.0,0.0116,,,,,,0.0501,0.0558,0.0501,0.0558,,,,,,20.7,65.5,48.3,34.5,,,,,,medium,medium,medium,medium,,,,,,0.0,0.0,0,0,0.0028,2026,E,,3,Q1: 1 passes with a value in monsoon (Jun-Sep) 2026 (floor 4); Q3: 1 passes with a value in monsoon (Jun-Sep) 2026 (floor 4); Q5: 1 passes with a value in monsoon (Jun-Sep) 2026 (floor 4); Q7: 1 passes with a value in monsoon (Jun-Sep) 2026 (floor 4); P1: 1 passes with a value in monsoon (Jun-Sep) 2026 (floor 4)
gba-bbmp-198,Ramagondahalli,BBMP,,11.3,medium,choked,medium,monsoon (Jun-Sep) 2026,6,4,0.1872,0.0163,0.2512,0.4992,0.0507,0.0481,0.9093,45.5261,0.0634,0.0748,0.058,0.0776,0.0818,0.0176,0.0442,0.0794,2.7891,0.0155,61.5,0.0,100.0,100.0,6.2,93.8,6.2,37.5,0.0,medium,medium,medium,medium,low,low,low,low,medium,2.12,0.233,0,7,0.0002,2026,,,2,
gba-bbmp-199,Avalahalli,BBMP,,3.93,medium,mixed,medium,monsoon (Jun-Sep) 2026,5,24,0.0,0.9237,0.0,0.0763,,,,,,0.0501,0.0805,0.0501,0.0805,,,,,,2.8,97.2,16.7,22.2,,,,,,low,medium,medium,medium,,,,,,0.0,0.0,7,0,0.0431,2026,,,1,Q1: 0 passes with a value in monsoon (Jun-Sep) 2026 (floor 4); Q3: 0 passes with a value in monsoon (Jun-Sep) 2026 (floor 4); Q5: 0 passes with a value in monsoon (Jun-Sep) 2026 (floor 4); Q7: 0 passes with a value in monsoon (Jun-Sep) 2026 (floor 4); P1: 0 passes with a value in monsoon (Jun-Sep) 2026 (floor 4)
gba-bbmp-200,Vaderahalli,BBMP,,2.43,medium,mixed,medium,monsoon (Jun-Sep) 2026,6,24,0.1602,0.2262,0.0052,0.5211,0.1907,-0.1623,1.391,50.0276,0.9321,0.1053,0.1131,0.0608,0.1253,0.0525,0.0537,0.1556,21.5507,0.0379,39.5,39.5,63.2,89.5,67.9,46.4,57.1,35.7,53.6,low,medium,medium,medium,low,low,low,low,low,0.39,0.28,12,3,0.1073,2026,,,1,
gba-bbmp-201,Medi agrahara,BBMP,,1.73,medium,choked,medium,monsoon (Jun-Sep) 2026,6,24,0.2893,0.0024,0.4446,0.2531,0.0261,0.2158,0.645,56.4806,0.0,0.1373,0.0594,0.1456,0.1337,0.0114,0.036,0.051,2.2693,0.0002,79.3,0.0,100.0,86.2,0.0,100.0,0.0,50.0,0.0,low,medium,medium,medium,low,low,low,low,low,0.5,0.455,4,9,1.0,2026,,,3,
gba-bda-001,Bellanduru Lake,BDA,East,316.76,medium,choked,high,monsoon (Jun-Sep) 2026,4,49,0.0599,0.6379,0.0027,0.3009,0.1208,-0.0824,1.1806,-66.429,0.6721,0.0228,0.0257,0.0206,0.0254,0.0209,0.0274,0.0625,144.3218,0.0055,33.3,42.9,100.0,90.5,52.4,52.4,47.6,19.0,52.4,medium,medium,medium,medium,medium,medium,medium,medium,medium,18.97,0.092,1,0,0.0024,2026,E,BDA restoration works under NGT oversight (tender Rs 245 cr; desilting 22.69 of 32.5 lakh cu m removed by June 2024; Rs 79.67 cr additional grant approved June 2025; completion pushed to March 2026) Rs 245 cr; NGT OA 125/2017 orders (6 Dec 2018: monitoring committee and Rs 500 cr escrow; 12 Mar 2021: oversight with the Chief Secretary),7,
gba-bda-002,Varthur Lake,BDA,East,154.99,medium,choked,medium,monsoon (Jun-Sep) 2026,5,24,0.2136,0.6108,0.0,0.1496,0.1372,-0.083,1.1778,76.5133,0.9268,0.0571,0.0585,0.05,0.0562,0.0203,0.0331,0.0828,16.286,0.0045,83.3,37.5,16.7,50.0,68.2,31.8,63.6,81.8,86.4,medium,medium,medium,medium,medium,medium,medium,medium,medium,33.11,0.261,0,1,0.0001,2026,D,BDA restoration works (BDA states rejuvenation finished and seeks handover to BBMP; BBMP cites encroachments and incomplete development); NGT OA 125/2017 orders (6 Dec 2018; 12 Mar 2021),5,
gba-bda-003,Ramasandra Lake,BDA,,2.02,low,mixed,medium,monsoon (Jun-Sep) 2026,6,24,0.2082,0.2777,0.0,0.2554,0.2051,-0.1523,1.3717,99.9712,1.0,0.1177,0.1246,0.0502,0.1227,0.1607,0.1335,0.4244,171.8208,0.0002,70.0,30.0,48.8,57.5,68.8,25.0,75.0,87.5,84.4,low,medium,medium,low,low,low,low,low,low,0.42,0.334,2,0,0.0,2026,,,2,
gba-bda-004,Kommaghatta Lake,BDA,,11.63,medium,open,medium,monsoon (Jun-Sep) 2026,8,4,0.4274,0.377,0.0,0.184,0.1311,-0.1362,1.3193,118.1559,0.8296,0.0813,0.0807,0.0501,0.0746,0.1033,0.0661,0.1768,277.5491,0.0238,22.6,83.9,46.8,83.9,6.7,66.7,33.3,76.7,3.3,medium,medium,medium,medium,low,low,low,low,medium,4.97,0.476,0,0,0.0023,2026,,,3,
gba-bda-005,Chikkabanavara lake,BDA,,33.87,medium,open,medium,monsoon (Jun-Sep) 2026,6,29,0.5352,0.3723,0.0046,0.0803,0.1562,-0.0786,1.1707,43.1497,0.9274,0.068,0.0675,0.0524,0.0598,0.0363,0.0422,0.1011,1.3556,0.0094,26.9,88.5,80.8,50.0,29.2,87.5,12.5,33.3,20.8,medium,medium,medium,medium,low,low,low,low,medium,18.13,0.56,1,1,0.005,2026,D,,6,
gba-bmrcl-001,Veerasandra Lake,BMRCL,,4.06,medium,mixed,medium,monsoon (Jun-Sep) 2026,9,14,0.0025,0.5788,0.033,0.3415,,,,,,0.0566,0.1154,0.0737,0.1128,,,,,,10.6,97.0,15.2,39.4,,,,,,low,medium,medium,medium,,,,,,0.01,0.003,2,7,0.0,2026,,,3,Q1: 1 passes with a value in monsoon (Jun-Sep) 2026 (floor 4); Q3: 1 passes with a value in monsoon (Jun-Sep) 2026 (floor 4); Q5: 1 passes with a value in monsoon (Jun-Sep) 2026 (floor 4); Q7: 1 passes with a value in monsoon (Jun-Sep) 2026 (floor 4); P1: 1 passes with a value in monsoon (Jun-Sep) 2026 (floor 4)
gba-forest-001,Madivala Lake,Forest Department,South,91.01,medium,open,medium,monsoon (Jun-Sep) 2026,4,49,0.2854,0.5533,0.0353,0.127,0.1043,-0.0625,1.1328,79.9366,0.6737,0.0608,0.0619,0.0544,0.058,0.0699,0.0578,0.1451,140.0969,0.0112,17.2,89.7,93.1,48.3,21.4,78.6,25.0,71.4,25.0,medium,medium,medium,medium,low,low,low,low,medium,25.97,0.335,1,0,0.0059,2026,D,,4,
gba-forest-002,Puttenahalli Lake,Forest Department,North,8.73,medium,choked,medium,monsoon (Jun-Sep) 2026,5,4,0.0,1.0,0.0,0.0,,,,,,0.0501,0.0501,0.0501,0.0501,,,,,,7.9,96.1,44.7,3.9,,,,,,medium,medium,medium,medium,,,,,,0.0,0.0,0,0,0.0,2026,E,,4,Q1: 1 passes with a value in monsoon (Jun-Sep) 2026 (floor 4); Q3: 1 passes with a value in monsoon (Jun-Sep) 2026 (floor 4); Q5: 1 passes with a value in monsoon (Jun-Sep) 2026 (floor 4); Q7: 1 passes with a value in monsoon (Jun-Sep) 2026 (floor 4); P1: 1 passes with a value in monsoon (Jun-Sep) 2026 (floor 4)
gba-forest-003,Hebbala Lake,Forest Department,North,46.6,medium,open,medium,monsoon (Jun-Sep) 2026,5,29,0.0175,0.181,0.0364,0.784,0.1265,-0.0433,1.0912,42.7281,0.6382,0.0541,0.062,0.0558,0.0628,0.0711,0.0419,0.0923,1.5584,0.0149,3.6,25.0,96.4,100.0,28.6,100.0,0.0,17.9,21.4,medium,medium,medium,medium,low,low,low,low,medium,0.82,0.021,1,3,0.0,2026,,NDMF grant 2025 (7 lakes; Rs 65 cr),1,
gba-forest-004,Nagavara Lake,Forest Department,North,30.27,medium,open,medium,monsoon (Jun-Sep) 2026,7,4,0.1254,0.1635,0.0925,0.4059,0.0658,-0.0296,1.0609,42.3675,0.168,0.0628,0.0643,0.0612,0.0689,0.0137,0.0239,0.0514,2.2383,0.0144,0.0,6.9,96.6,100.0,0.0,100.0,0.0,13.8,0.0,medium,medium,medium,medium,low,low,low,low,medium,3.8,0.182,0,7,0.0087,2026,,NDMF grant 2025 (7 lakes; Rs 65 cr),2,
