spine_id,ktcda_key,ktcda_custodian,ktcda_serial,ktcda_name,ktcda_ward,ktcda_constituency,in_bbmp,lms_id,lms_name,lms_lat,lms_lon,lms_zone,osm_id,osm_name,area_ha,match_method,match_score,ward_no,ward_name,corporation,assembly,cascade_position,degree_in,drains_to,duplicate_of,note
gba-bbmp-001,BBMP#1,BBMP,1,Ambalipura Kelagina kere,Ward No.150 Bellandur,Mahadevapura,True,184,Ambalipura Kelagina kere,13.0243365,77.708932,4,232981265,Ambalipura Lower Lake,2.21,manual_override,1.0,119,Kasavanahalli,South,Mahadevapura,2,1,Iblur Lake,,Kelagina (lower) Ambalipura = OSM Ambalipura Lower Lake; the LMS point sits in Bhattarahalli kere (coordinate error)
gba-bbmp-002,BBMP#2,BBMP,2,Gunjur Palya kere,Ward no.149 Varthur,Mahadevapura,True,186,Gunjur Palya kere,12.93306795,77.70768341,4,1088209009,Gunjuru Palya Lake,12.9,name_exact,1.0,235,Gunjur,East,Mahadevapura,3,1,Varthur Lake,,
gba-bbmp-003,BBMP#3,BBMP,3,Gunjuru Karmelaram lake,Ward no.149 Varthur,Mahadevapura,True,188,Gunjuru Karmelaram lake,12.91684385,77.7405091,4,27993527,Carmelaram Lake,2.1,manual_override,1.0,235,Gunjur,East,Mahadevapura,1,0,Gunjuru Palya Lake,,Gunjur Karmelaram = OSM Carmelaram Lake (Gunjur ward); the 20.7 ha Gunjuru Lake is a different body
gba-bbmp-004,BBMP#4,BBMP,4,Panathur lake,Ward no.149 Varthur,Mahadevapura,True,189,Panathur lake-2,12.9317685,77.7069855,4,17062035,Panathuru Kere,4.17,lms_point_in_polygon,1.0,246,Panathur,East,Mahadevapura,4,2,Varthur Lake,,
gba-bbmp-005,BBMP#5,BBMP,5,Varanasi Lake,Ward no.54 Hoodi,Mahadevapura,True,191,Jimkenahalli Lake/ Varanasi Lake,13.0272011,77.6867567,4,44546801,Jimkenahalli Kere,1.91,lms_point_in_polygon,1.0,72,Byrathi,East,Mahadevapura,1,0,Ramapura Kere,,
gba-bbmp-006,BBMP#6,BBMP,6,Amblipura melina kere,Ward No.150 Bellandur,Mahadevapura,True,193,Amblipura melina kere,12.9052905,77.7137513,4,27993889,Ambalipura Upper Lake,3.46,manual_override,1.0,119,Kasavanahalli,South,Mahadevapura,1,0,Ambalipura Lower Lake,,Melina (upper) Ambalipura = OSM Ambalipura Upper Lake; the LMS point sits in Chikkabelanduru Kere (coordinate error)
gba-bbmp-007,BBMP#7,BBMP,7,Kaigondanahalli Lake,Ward No.150 Bellandur,Mahadevapura,True,194,Kaigondanahalli Lake,12.8846067,77.685083,4,6820030,Kaikondrahalli Lake,16.61,manual_override,1.0,119,Kasavanahalli,South,Mahadevapura,5,4,Saul Kere,,"Kaigondanahalli (ward 150 Bellandur) = OSM Kaikondrahalli Lake (16.6 ha; the KSPCB station ""Kaikondanahalli Lake"" sits inside it); the earlier fuzzy match to Kangondanahalli Kere (6.4 ha) was wrong; the LMS point is a coordinate error"
gba-bbmp-008,BBMP#8,BBMP,8,Kasavanahalli lake,Ward No.150 Bellandur,Mahadevapura,True,195,Kasavanahalli lake,12.90427665,77.66790535,4,62381586,Kasavanahalli Lake,13.12,lms_point_in_polygon,1.0,119,Kasavanahalli,South,Mahadevapura,4,6,Kaikondrahalli Lake,,
gba-bbmp-009,BBMP#9,BBMP,9,Haraluru kere,Ward No.150 Bellandur,Mahadevapura,True,197,Haraluru kere,12.89697462,77.66504399,4,111563782,Haralur Lake,7.98,lms_point_nearest,1.0,119,Kasavanahalli,South,Mahadevapura,3,4,Kasavanahalli Lake,,
gba-bbmp-010,BBMP#10,BBMP,10,Sowl kere,Ward No.150 Bellandur,Mahadevapura,True,199,Sowl kere,12.9182153,77.67989115,4,350098022,Saul Kere,16.73,manual_override,1.0,205,Shivanasamudra Ward,East,Mahadevapura,6,4,,,Sowl kere = OSM Saul Kere (spelling)
gba-bbmp-011,BBMP#11,BBMP,11,Devarabeesanahalli Lake,Ward No.150 Bellandur,Mahadevapura,True,200,Devarabeesanahalli Lake,12.91456545,77.63479,4,17083842,Deverabisanahalli Lake,3.71,manual_override,1.0,205,Shivanasamudra Ward,East,Mahadevapura,1,0,,,Spelling: Deverabisanahalli in OSM
gba-bbmp-012,BBMP#12,BBMP,12,Doddakanahalli kere,Ward No.150 Bellandur,Mahadevapura,True,202,Doddakanenahalli kere,12.9128108,77.6908309,4,17083906,Doddakannelli Lake,6.66,lms_point_nearest,0.828,235,Gunjur,East,Mahadevapura,2,1,Saul Kere,,
gba-bbmp-013,BBMP#13,BBMP,13,Munnekolalu kere,Ward No. 85 Doddenekundi,Mahadevapura,True,204,Munnekolalu kere,12.9606603,77.7089091,4,18077306,Munekolala Lake,4.47,lms_point_in_polygon,0.857,100,Priyadarshini Ward,East,Mahadevapura,2,1,Varthur Lake,,
gba-bbmp-014,BBMP#14,BBMP,14,Chinnappanahalli,Ward No. 85 Doddenekundi,Mahadevapura,True,206,Chinnappanahalli lake,12.9662146,77.7049222,4,6183523,Chinnappanahalli Lake,2.27,lms_point_nearest,1.0,100,Priyadarshini Ward,East,Mahadevapura,1,0,Munekolala Lake,,
gba-bbmp-015,BBMP#15,BBMP,15,Shilavanthana kere,Ward no 84 Hagadur,Mahadevapura,True,207,Shilavanthana kere,12.9643932,77.7426379,4,45860708,Sheelavathana Kere,4.49,lms_point_in_polygon,0.846,233,Whitefield,East,Mahadevapura,3,3,Kelavarapalli reservoir,,
gba-bbmp-016,BBMP#16,BBMP,16,Kundalahalli Lake,Ward No. 85 Doddenekundi,Mahadevapura,True,209,Kundalahalli Lake,12.9698526,77.7182155,4,120904870,Kundalahalli Lake,7.53,lms_point_nearest,1.0,229,Kundalahalli,East,Mahadevapura,1,0,Thubarahalli Lake,,
gba-bbmp-017,BBMP#17,BBMP,17,Siddapura Lake,Ward no 84 Hagadur,Mahadevapura,True,208,Siddapura Lake,12.9582271,77.7245904,4,,,,no_polygon,,,,,,,,,,Siddapura Lake (Hagadur ward): no OSM polygon; the LMS point falls in Thubarahalli Lake; OSM Hadosiddapura Lake is on Sarjapur Road
gba-bbmp-018,BBMP#18,BBMP,18,Garudachar Palya Lake,Ward No. 82,Mahadevapura,True,203,Garudachar Palya (Goshala) Lake,12.9869034,77.6976839,4,95639129,Garudacharpalya Lake,1.11,lms_point_nearest,0.968,227,Garudachar Palya,East,Mahadevapura,1,0,Mahadevapura Lake,,
gba-bbmp-019,BBMP#19,BBMP,19,Garudachar Palya (Goshala) Lake,Ward No. 82 GarudacharPalya GarudacharPalya,Mahadevapura,True,203,Garudachar Palya (Goshala) Lake,12.9869034,77.6976839,4,17426666,Goshala Lake,1.28,manual_override,1.0,227,Garudachar Palya,East,Mahadevapura,1,0,Doddanekundi Lake,,Goshala Lake; KTCDA row 18 is the separate Garudacharpalya Lake
gba-bbmp-020,BBMP#20,BBMP,20,Doddanekundi lake,Ward No. 85 Doddenekundi,Mahadevapura,True,201,Doddanekundi lake,12.9747317,77.6861555,4,35324030,Doddanekundi Lake,38.28,lms_point_in_polygon,1.0,237,Dodda Nekkundi,East,Mahadevapura,3,5,,,
gba-bbmp-021,BBMP#21,BBMP,21,Sadaramangala Lake,Ward no - 54 Hoodi,Mahadevapura,True,198,Sadaramangala Lake,13.0001277,77.7255132,4,1455401194,,0.1,lms_point_nearest,1.0,245,Belathur,East,Mahadevapura,,,,,
gba-bbmp-022,BBMP#22,BBMP,22,Bhoganahalli Lake,Ward No.150 Bellandur,Mahadevapura,True,196,Bhoganahalli Lake,12.9231235,77.6978445,4,790389588,Bhoganahalli Lake,3.7,lms_point_nearest,1.0,246,Panathur,East,Mahadevapura,1,0,Panathuru Kere,,
gba-bbmp-023,BBMP#23,BBMP,23,Hoodi Giddanakere Lake,Ward No. 82 GarudacharPalya,Mahadevapura,True,192,Hoodi Giddanakere Lake,12.9935345,77.7178375,4,135051892,Hoodi Lake,3.42,manual_override,1.0,207,Hoodi,East,Mahadevapura,1,0,Kodigehalli Lake,,Hoodi Giddanakere assumed = the second OSM Hoodi Lake polygon (3.4 ha; Hoodi ward); row 25 holds the 8.9 ha one; unverified
gba-bbmp-024,BBMP#24,BBMP,24,Panathur lake,Ward no.149 Varthur,Mahadevapura,True,189,Panathur lake-2,12.9317685,77.7069855,4,18077305,Panathur Chikka Kere,0.91,manual_override,1.0,235,Gunjur,East,Mahadevapura,,,,,KTCDA lists Panathur twice; LMS has Panathur lake-2 next to Panathur Chikka Kere; unverified which of the two rows is which
gba-bbmp-025,BBMP#25,BBMP,25,Hoodi kere,Ward no.54 Hoodi,Mahadevapura,True,187,Hoodi kere,12.9988922,77.7109916,4,33300618,Hoodi Lake,8.86,name_exact,1.0,230,Kaveri Nagara,East,Mahadevapura,2,2,Kodigehalli Lake,,
gba-bbmp-026,BBMP#26,BBMP,26,Nalluralli tank,Ward no 84 Hagadur,Mahadevapura,True,185,Nalluralli tank,12.9745158,77.7332348,4,130111880,Nallurahalli Lake,9.39,lms_point_nearest,0.909,203,S.M Krishna Ward,East,Mahadevapura,2,2,Sheelavathana Kere,,
gba-bbmp-027,BBMP#27,BBMP,27,SitaramPalya lake,Ward No. 82 GarudacharPalya,Mahadevapura,True,183,Sitaram Palya lake,12.9820736,77.7111293,4,18077307,Seetharampalya Lake,4.05,lms_point_nearest,0.846,226,Bharath Aikya Ward,East,Mahadevapura,1,0,Hoodi Lake,,
gba-bbmp-028,BBMP#28,BBMP,28,Chikkabellandur Lake,Ward no.149 Varthur,Mahadevapura,True,180,Chikkabellandur Lake,12.9119828,77.7182613,4,27993463,Chikka Bellanduru Lake,20.22,lms_point_in_polygon,0.968,235,Gunjur,East,Mahadevapura,3,3,Gunjuru Palya Lake,,
gba-bbmp-029,BBMP#29,BBMP,29,Pattandur agrahara -54 Lake,Ward No. 83 Kadugodi,Mahadevapura,True,176,Pattandur agrahara lake-124,12.9778747,77.7361157,4,122129754,Pattandur Agrahara Kunte,3.57,lms_point_nearest,1.0,203,S.M Krishna Ward,East,Mahadevapura,1,0,Nallurahalli Lake,,
gba-bbmp-030,BBMP#30,BBMP,30,Pattandur agrahara lake-124,Ward No. 82 Garudachar Palya,Mahadevapura,True,176,Pattandur agrahara lake-124,12.9778747,77.7361157,4,866148184,Pattandur Agrahara Lake,4.55,manual_override,1.0,203,S.M Krishna Ward,East,Mahadevapura,1,0,Sheelavathana Kere,,Pattandur Agrahara Lake; the Kunte (122129754) is the other Pattandur row
gba-bbmp-031,BBMP#31,BBMP,31,Rampura kere,Ward no 25 Horamavu,Mahadevapura,True,,,,,,19353942,Ramapura Kere,42.45,name_fuzzy,0.933,,,,,5,2,Yellamallappa Chetty Lake,,
gba-bbmp-032,BBMP#32,BBMP,32,Gunjur mouji kere,Ward no.149 Varthur,Mahadevapura,True,168,Gunjur mouji kere,12.9162739,77.7370651,4,148216683,Gunjuru Lake,20.71,lms_point_nearest,0.667,235,Gunjur,East,Mahadevapura,4,4,Varthur Lake,,
gba-bbmp-033,BBMP#33,BBMP,33,Junnasandra lake,Ward No.150 Bellandur,Mahadevapura,True,166,Junnasandra lake,12.9011233,77.6759405,4,,(hand-digitised from observed water),0.7,hand_digitised,1.0,119,Kasavanahalli,South,Mahadevapura,,,,,"Junnasandra: no OSM polygon; hand-digitised from the Sentinel-2 observed water at the 5% occurrence rule (0.70 ha, the largest of 92 fragments within 300 m of the LMS point; an 11.8 ha area connects only at 3% occurrence, so the wider bed is wet under 5% of clear observations); boundary Low"
gba-bbmp-034,BBMP#34,BBMP,34,Chikkabasavanapura Lake,Ward No.53 Basavanapura,KR Puram,True,143,Chikkabasavanapura Lake,13.01039902,77.71345131,4,137539703,Basavanapura Kere,3.85,lms_point_in_polygon,0.8,36,Krishnanagar,East,K.R. Pura,1,0,Seegehalli Lake,,
gba-bbmp-035,BBMP#35,BBMP,35,Mahadevapura Lake-1,Ward No. 81 Vignana nagara,KR Puram,True,147,Mahadevapura  Lake-1,12.98751469,77.69209663,4,17426667,Mahadevapura Lake,7.56,lms_point_in_polygon,1.0,232,Mahadevapura,East,K.R. Pura,2,3,Doddanekundi Lake,,
gba-bbmp-036,BBMP#36,BBMP,36,Sigehalli Lake,Ward No.53 Basavanapura,KR Puram,True,154,Sigehalli Lake,13.01777605,77.71316825,4,9432609,Seegehalli Lake,7.82,lms_point_in_polygon,0.842,83,Basavanapura,East,K.R. Pura,4,4,Yellamallappa Chetty Lake,,
gba-bbmp-037,BBMP#37,BBMP,37,Devsandra kere,Ward No.55 Devasandra,KR Puram,True,157,Devsandra kere,13.0056256,77.69415965,4,44999246,Devasandra lake,3.45,name_fuzzy,0.947,240,Devasandra,East,K.R. Pura,1,0,Seegehalli Lake,,
gba-bbmp-038,BBMP#38,BBMP,38,Challakere Lake,Ward no 25 Horamavu,KR Puram,True,160,Challakere Lake,13.0266513,77.6450424,4,2310400,Chelekere,2.92,lms_point_in_polygon,0.737,242,Chellakere,East,K.R. Pura,2,1,,,
gba-bbmp-039,BBMP#39,BBMP,39,Kalkere Lake,Ward No.26 Ramamurthy Nagara,KR Puram,True,162,Kalkere Lake,13.0483103,77.665277,4,17390865,Kalkere Lake,48.9,lms_point_in_polygon,1.0,32,Horamavu,East,K.R. Pura,4,3,Ramapura Kere,,
gba-bbmp-040,BBMP#40,BBMP,40,Vibhuthipura kere,Ward No. 81 Vignana nagara,KR Puram,True,165,Vibhuthipura kere,13.0696506,77.47431665,4,8250847,Lal Bahadur Shastri Nagar Lake,11.21,manual_override,1.0,251,Vignananagara,East,K.R. Pura,1,0,,,"Vibhuthipura kere (ward 81 Vignana Nagar) assumed = OSM Lal Bahadur Shastri Nagar Lake (11.2 ha): the KSPCB station ""Vibhuthipura Lake"" sits inside it in the same ward; the LMS point at 13.07 N 77.47 E is a coordinate error; unverified"
gba-bbmp-041,BBMP#41,BBMP,41,K R Puram (BEML)/ Benniganahalli Lake,Ward No.51 Vijanapura,KR Puram,True,167,K R Puram (BEML)/ Benniganahalli Lake,12.99792245,77.6661744,4,3127245,Benniganahalli Lake,5.87,lms_point_in_polygon,1.0,73,K.S. Nissar Ahmed Ward,East,K.R. Pura,1,0,Kaggadasapura Lake,,
gba-bbmp-042,BBMP#42,BBMP,42,Hormavu Agara Lake,Ward no 25 Horamavu,KR Puram,True,169,Hormavu Agara Lake,13.03544195,77.6588153,4,17390866,Horamavu Agara Lake,14.48,lms_point_in_polygon,0.963,32,Horamavu,East,K.R. Pura,2,1,,,
gba-bbmp-043,BBMP#43,BBMP,43,Nagareshwara-Nagenahalli Lake,Ward no 25 Horamavu,KR Puram,True,171,Nagareshwara-Nagenahalli Lake,13.0754414,77.6427875,4,779078393,Nagaraesh Nagenahalli Lake,2.02,lms_point_in_polygon,0.909,39,K Narayanapura,East,K.R. Pura,1,0,,,
gba-bbmp-044,BBMP#44,BBMP,44,Gangashetty Lake,Ward no 52 K R Puram,KR Puram,True,172,Gangashetty Lake,13.00513957,77.69296543,4,,,,no_polygon,,,,,,,,,,"Gangashetty Lake (K.R. Puram): no OSM polygon named; the LMS point falls in the polygon named Krishnaraja puram kere,  identity unverified"
gba-bbmp-045,BBMP#45,BBMP,45,Horamavu Lake,Ward no 25 Horamavu,KR Puram,True,173,Horamavu Lake,13.02498366,77.6671948,4,44707273,Horamavu Lake,4.65,lms_point_nearest,1.0,196,Hoysala Nagara East,East,K.R. Pura,1,0,Horamavu Agara Lake,,
gba-bbmp-046,BBMP#46,BBMP,46,Vengaiahna kere /K.R.Puram Tank,Ward no 52 K R Puram,KR Puram,True,174,Vengaiahna kere /K.R.Puram Tank,13.01626685,77.69980345,4,1853330,Vengayyana Lake,14.24,lms_point_in_polygon,0.8,14,K.R Pura,East,K.R. Pura,3,4,Seegehalli Lake,,
gba-bbmp-047,BBMP#47,BBMP,47,Mahadevapura Lake-2,Ward No. 81 Vignana nagara,KR Puram,True,147,Mahadevapura  Lake-1,12.98751469,77.69209663,4,143369798,Bande Mahadevapura kere,0.81,manual_override,1.0,232,Mahadevapura,East,K.R. Pura,,,,,Mahadevapura Lake-2 assumed = OSM Bande Mahadevapura kere (0.8 ha); unverified
gba-bbmp-048,BBMP#48,BBMP,48,B. Narayanapura Lake,Ward No. 56 A Narayanapura,KR Puram,True,179,B. Narayanapura Lake,12.9965266,77.68274905,4,135398428,B Narayanapura Lake,1.25,lms_point_in_polygon,1.0,201,A Narayanapura,East,K.R. Pura,1,0,Mahadevapura Lake,,
gba-bbmp-049,BBMP#49,BBMP,49,Bhattarahalli Lake,Ward No.53 Basavanapura,KR Puram,True,181,Bhattarahalli Lake,13.0243462,77.70893235,4,137539770,Bhattarahalli kere,3.35,lms_point_in_polygon,1.0,238,Bhattarahalli,East,K.R. Pura,1,0,Yellamallappa Chetty Lake,,
gba-bbmp-050,BBMP#50,BBMP,50,Kowdenahalli lake,Ward no 26 Ramamurthy Nagara,KR Puram,True,182,Kowdenahalli lake,13.024346,77.708932,4,44546800,Kowdenahalli Lake,5.78,name_exact,1.0,17,Ramamurthy Nagara,East,K.R. Pura,2,1,Vengayyana Lake,,
gba-bbmp-051,BBMP#51,BBMP,51,Vijanapura Lake,Ward No.51 Vijanapura,KR Puram,True,151,Vijanapura kere,13.0090106,77.6767429,4,675250068,Vijinapura Lake,1.68,lms_point_in_polygon,0.9,9,Kotthur,East,K.R. Pura,1,0,Kowdenahalli Lake,,
gba-bbmp-052,BBMP#52,BBMP,52,Ulsoor / Bangalore North,Halasur ward (90),162-Shivajinagar,True,,,,,,1857615,Halasuru lake,38.06,manual_override,1.0,267,K Kamaraj Ward,Central,Shivajinagar,2,1,,,Ulsoor = OSM Halasuru lake
gba-bbmp-053,BBMP#53,BBMP,53,Kelagina Byrasandra,C.V.Raman Nagar(57),161-C.V.Raman Nagara,True,16,Kelagina Byrasandra Lake,12.958444,77.662056,3,17223075,Byrasandra Lake,2.85,manual_override,1.0,303,New Thippasandra,Central,C.V. Raman Nagar,1,0,Kaggadasapura Lake,,Kelagina (lower) Byrasandra; C.V. Raman Nagar
gba-bbmp-054,BBMP#54,BBMP,54,Melina Byrasandra (DRDO),C.V.Raman Nagar(57),161-C.V.Raman Nagara,True,16,Kelagina Byrasandra Lake,12.958444,77.662056,3,172938152,Byrasandra Melina Kere,4.1,manual_override,1.0,303,New Thippasandra,Central,C.V. Raman Nagar,1,0,Byrasandra Lake,,Melina (upper) Byrasandra = OSM Byrasandra Melina Kere; inside DRDO campus
gba-bbmp-055,BBMP#55,BBMP,55,Kaggadasapura,C.V.Raman Nagar(57),161-C.V.Raman Nagara,True,223,Kaggadasapura Lake,12.981767,77.670783,3,18772594,Kaggadasapura Lake,11.87,lms_point_in_polygon,1.0,68,Kaggadasapura,Central,C.V. Raman Nagar,3,3,Doddanekundi Lake,,
gba-bbmp-056,BBMP#56,BBMP,56,Kacharakanahalli,Kacharakanahalli(29),160- Sarvagna Nagara,True,25,Kacharakanahalli Lake,13.010618,77.373320,3,172954317,Kacharakanahalli Lake,6.02,name_exact,1.0,155,Lingarajpura,North,Sarvagnanagar,1,0,,,
gba-bbmp-057,BBMP#57,BBMP,57,Channasandra,Channasandra,160- Sarvagna Nagara,True,,,,,,1395880731,B Channasandra Lake,1.71,manual_override,1.0,81,Kasturi Nagar,Central,C.V. Raman Nagar,1,0,B. Channasandra lake,,Two Channasandra lakes in OSM; row 58 (B. Channasandra) holds 232880644; assignment between the two unverified
gba-bbmp-058,BBMP#58,BBMP,58,B. Channasandra,B. Channasandra,160- Sarvagna Nagara,True,,,,,,232880644,B. Channasandra lake,2.91,name_exact,1.0,206,Dooravaninagar,East,K.R. Pura,2,1,Benniganahalli Lake,,
gba-bbmp-059,BBMP#59,BBMP,59,Ibblur Lake,Ward No: 174 HSR Layout,Bommanahalli,True,74,Ibblur Lake,12.922111,77.666583,1,3120373,Iblur Lake,2.37,lms_point_in_polygon,0.909,105,Iblur,South,Bommanahalli,5,3,Bellandur Lake,,
gba-bbmp-060,BBMP#60,BBMP,60,Venkojirao Kere / Agara Kere,Ward No: 174 HSR Layout,Bommanahalli,True,86,Agara Lake,12.922611,77.641806,1,8469370,Agara Lake,26.89,lms_point_in_polygon,1.0,151,HSR Layout,South,Bommanahalli,2,2,Bellandur Lake,,
gba-bbmp-061,BBMP#61,BBMP,61,Sarakki Lake,Ward No: 186 Jaraganahalli,Bommanahalli,True,69,Sarakki Lake,12.898833,77.579444,1,9269383,Sarakki Kere,21.47,lms_point_in_polygon,1.0,191,Jaraganahalli,South,Bommanahalli,1,0,Madiwala Lake,,
gba-bbmp-062,BBMP#62,BBMP,62,Puttenahalli Lake (Next to Brigade Millenium),Ward No 187: Puttenahalli,Bommanahalli,True,71,Puttenahalli Lake (Bommanahalli),12.890222,77.587639,1,3507925,Puttenhalli Lake,3.42,lms_point_in_polygon,0.957,122,Puttenahalli,South,Bommanahalli,1,0,Madiwala Lake,,
gba-bbmp-063,BBMP#63,BBMP,63,Mangammana Palya Kere,Ward No: 190 Mangammanapalya,Bommanahalli,True,78,Mangammana Palya Lake,12.902083,77.639139,1,18077304,ITI Layout Lake,1.71,manual_override,1.0,208,Mangammana Palya,South,Bommanahalli,1,0,Agara Lake,,Mangammanapalya kere assumed = OSM ITI Layout Lake (adjacent locality); unverified
gba-bbmp-064,BBMP#64,BBMP,64,Haralakunte Lake (Somasandra Palya Kere),Ward No: 190 Mangammanapalya,Bommanahalli,True,,,,,,287327440,Somasundarapalya Lake,2.5,manual_override,1.0,213,Hosapalya,South,Bommanahalli,1,0,Agara Lake,,"Haralakunte Lake (Somasandra Palya Kere, ward 190 Mangammanapalya) = OSM Somasundarapalya Lake (2.5 ha): the KSPCB station 'Somasundrapalya Lake' sits inside it; the fuzzy match to Aralakunte in the north was a different lake"
gba-bbmp-065,BBMP#65,BBMP,65,Garveybhavipalya Lake,Ward No: 190 Mangammanapalya,Bommanahalli,True,91,Garveybhavipalya Lake,12.89625,77.637056,1,239873610,Garvebhavipalya lake,6.31,lms_point_in_polygon,0.968,144,Bandepalya,South,Bommanahalli,1,0,Agara Lake,,
gba-bbmp-066,BBMP#66,BBMP,66,Hulimavu Lake,Ward No: 193 Arekere,Bommanahalli,True,61,Hulimavu Lake,12.870333,77.603361,1,23000626,Hulimavu Lake,41.33,lms_point_in_polygon,1.0,52,Vijaya Bank Layout,South,Bommanahalli,4,6,Madiwala Lake,,
gba-bbmp-067,BBMP#67,BBMP,67,Arakere Lake,Ward No: 193 Arekere,Bommanahalli,True,,,,,,19509700,Arekere lake,7.56,manual_override,1.0,199,Arakere,South,Bommanahalli,1,0,Madiwala Lake,,Arekere lake; Bommanahalli
gba-bbmp-068,BBMP#68,BBMP,68,Uttarahalli Lake / Bangalore South,Ward No: 184 Uttarahalli,Bengaluru South,True,155,Uttarahalli Lake,12.907833,77.541167,1,172651048,Uttarahalli Lake,3.82,lms_point_in_polygon,1.0,57,Subramanyapura,South,Bangalore South,1,0,Vrishabhavati,,
gba-bbmp-069,BBMP#69,BBMP,69,Subramanyapura Lake,Ward No: 184 Uttarahalli,Bengaluru South,True,153,Subramanyapura Lake,12.896222,77.542806,1,16551234,Subramanyapura Lake,3.68,lms_point_in_polygon,1.0,57,Subramanyapura,South,Bangalore South,4,1,Vrishabhavati,,
gba-bbmp-070,BBMP#70,BBMP,70,Gubbalalu Lake,Ward No: 184 Uttarahalli,Bengaluru South,True,158,Gubbalalu Lake,12.880806,77.540583,1,1118946163,Gubbalala Kere,1.97,lms_point_in_polygon,0.889,57,Subramanyapura,South,Bangalore South,3,1,Vrishabhavati,,
gba-bbmp-071,BBMP#71,BBMP,71,Dorekere,"Uttarahalli, Ward No: 184 Ward No: 197",Bengaluru South,True,150,Dorekere Lake,12.902833,77.550139,1,37351655,Dore Kere,8.97,lms_point_in_polygon,0.667,63,Uttarahalli,South,Bangalore South,3,3,Vrishabhavati,,
gba-bbmp-072,BBMP#72,BBMP,72,Annappanakere / Yelchenahalli Lake,Ward No: 185 Vassanthpura Yalachenahalli,Bengaluru South,True,142,Annappanakere,12.899611,77.565583,1,17431112,Yelachenahalli Kere,1.56,lms_point_nearest,0.963,64,Yelachenahalli,South,Bangalore South,2,3,Dore Kere,,
gba-bbmp-073,BBMP#73,BBMP,73,Nyanappanahalli Lake / Akshayanagara Lake,Ward No: 193 Arekere,Bengaluru South,True,110,Nyanappanahalli Lake ( Akshayanagara Lake),12.871213,77.614528,1,126890297,Akshaynagar Lake,1.19,lms_point_nearest,0.957,52,Vijaya Bank Layout,South,Bommanahalli,2,1,Madiwala Lake,,
gba-bbmp-074,BBMP#74,BBMP,74,Kalena Agrahara Lake,Ward No: 192 Begur,Bengaluru South,True,100,Kalena Agrahara Lake STP,12.865417,77.589667,1,19509702,Kalena Agrahara lake,1.5,lms_point_in_polygon,1.0,65,Yelenahalli,South,Bangalore South,2,1,Hulimavu Lake,,
gba-bbmp-075,BBMP#75,BBMP,75,Begur Lake,Ward No: 192 Begur,Bengaluru South,True,134,Begur Lake,12.874722,77.629972,1,19509697,Begur Lake,43.03,lms_point_in_polygon,1.0,15,Beguru,South,Bangalore South,4,7,Agara Lake,,
gba-bbmp-076,BBMP#76,BBMP,76,Basapura Lake-1,Ward No: 192 Begur,Bengaluru South,True,124,Basapura Lake - 1,12.869697,77.649827,1,111871772,Basapura Lake,2.21,lms_point_in_polygon,1.0,84,Chikkathoguru,South,Bangalore South,1,0,Basapura Lake,,
gba-bbmp-077,BBMP#77,BBMP,77,Basapura Lake-2 / Bangalore South,Ward No: 192 Begur,Bengaluru South,True,124,Basapura Lake - 1,12.869697,77.649827,1,111871728,Basapura Lake,2.62,manual_override,1.0,84,Chikkathoguru,South,Bangalore South,2,1,Begur Lake,,Basapura Lake-2 = the second OSM Basapura polygon (2.6 ha); row 76 holds the 2.2 ha one
gba-bbmp-078,BBMP#78,BBMP,78,Basavanapura Lake,Ward No: 192 Begur,Bengaluru South,True,97,Basavanapura Lake,12.844556,77.589167,1,1199400807,Basavanapura Pond,1.68,lms_point_in_polygon,0.828,71,Doddakammanahalli,South,Bangalore South,1,0,Gottigere Tank,,
gba-bbmp-079,BBMP#79,BBMP,79,Chikka Begur Lake,Ward No: 192 Begur,Bengaluru South,True,135,Chikka Begur Lake,12.885484,77.636387,1,119132971,Chikka Beguru Lake,9.89,lms_point_in_polygon,1.0,78,Vishwapriya Nagara,South,Bangalore South,3,4,Agara Lake,,
gba-bbmp-080,BBMP#80,BBMP,80,Kammanahalli Lake (Meenakshi Lake),Ward No: 192 Begur,Bengaluru South,True,106,Kammanahalli Lake  (Meenakshi Lake),12.855611,77.603944,1,227097881,Doddkammanahalli Lake,4.84,lms_point_in_polygon,0.857,71,Doddakammanahalli,South,Bangalore South,3,4,Hulimavu Lake,,
gba-bbmp-081,BBMP#81,BBMP,81,Yelenahalli Lake,Ward No: 192 Begur,Bengaluru South,True,108,Yelenahalli Lake,12.866583,77.614111,1,259175023,Yelenahalli Lake,1.21,lms_point_in_polygon,1.0,65,Yelenahalli,South,Bangalore South,1,0,Akshaynagar Lake,,
gba-bbmp-082,BBMP#82,BBMP,82,Beretena Agrahara (Chowdeshwari Lake),Ward No: 192 Begur,Bengaluru South,True,,,,,,560719107,Beratena Agrahara Lake,2.58,name_fuzzy,0.941,84,Chikkathoguru,South,Bangalore South,1,0,Rayasandra Lake,,
gba-bbmp-083,BBMP#83,BBMP,83,Subedarana Kere,Ward No: 192 Begur,Bengaluru South,True,122,Subedarana Kere,12.859861,77.616583,1,994901676,Subedharana Lake,3.5,lms_point_in_polygon,0.952,65,Yelenahalli,South,Bangalore South,1,0,Mylasandra Dodda Agrahara kere,,
gba-bbmp-084,BBMP#84,BBMP,84,Chikkammanahalli Lake,Ward No: 192,Bengaluru South,True,103,Chikkammanahalli Lake,12.848583,77.603361,1,350349745,Chikka Kammanahalli,1.4,lms_point_in_polygon,0.914,71,Doddakammanahalli,South,Bangalore South,2,1,Doddkammanahalli Lake,,
gba-bbmp-085,BBMP#85,BBMP,85,Swarnakunte Gudda Kere,Ward No: 192 Begur,Bengaluru South,True,119,Swarnakunte Gudda Kere,12.862722,77.607861,1,1199400889,Chandrasekhar Layout Lake,1.52,manual_override,1.0,65,Yelenahalli,South,Bangalore South,1,0,Hulimavu Lake,,Swarnakunte Gudda Kere assumed = OSM Chandrasekhar Layout Lake (LMS point inside; Yelenahalli ward); unverified
gba-bbmp-086,BBMP#86,BBMP,86,Gottigere,Ward No: 194 Begur,Bengaluru South,True,98,Gottigere Lake,12.852684,77.90227,1,24430851,Gottigere Tank,12.07,name_exact,1.0,71,Doddakammanahalli,South,Bangalore South,2,1,Hulimavu Lake,,
gba-bbmp-087,BBMP#87,BBMP,87,Kothanuru Lake,Ward No: 194 Gottigere,Bengaluru South,True,113,Kothanuru Lake,12.875738,77.57822,1,118415616,Krishna Nagara Lake,4.47,manual_override,1.0,31,Harinagar,South,Bangalore South,1,0,Chunchagatta Lake,,Kothanur Lake assumed = OSM Krishna Nagara Lake (nearest to the LMS point; Harinagar ward); unverified
gba-bbmp-088,BBMP#88,BBMP,88,Subbarayana Lake,Ward No: 194 Gottigere Gottigere,Bengaluru South,True,99,Subbarayana Lake,12.863472,77.584806,1,1082360487,Subrayana Lake,1.04,lms_point_in_polygon,0.9,69,Kothanur,South,Bangalore South,1,0,Hulimavu Lake,,
gba-bbmp-089,BBMP#89,BBMP,89,Puttenahalli / Byraweshwara,Ward No: 195 Konanakunte,Bengaluru South,True,71,Puttenahalli Lake (Bommanahalli),12.890222,77.587639,1,,,,no_polygon,,,,,,,,,,Puttenahalli / Byraweshwara kere at Konanakunte: no OSM polygon found; 3507925 is the JP Nagar Puttenahalli (row 62)
gba-bbmp-090,BBMP#90,BBMP,90,Anjanapura Lake / nagara Chunchaghatta Kere Alahalli,Ward No: 196 Anjanapura,Bengaluru South,True,175,Anjanapura lake,12.865417,77.566611,1,118415657,Avalahalli Lake,5.19,manual_override,1.0,69,Kothanur,South,Bangalore South,1,0,Chudahalli Lake,,"Anjanapura Lake assumed = OSM Avalahalli Lake (Kothanur ward; the KTCDA name carries ""Alahalli""); the LMS point sits inside it; unverified"
gba-bbmp-091,BBMP#91,BBMP,91,Kembathahalli Lake,Ward No: 196,Bengaluru South,True,163,Kembattahalli lake,12.857666,77.576555,1,1189440572,Kembathahali kere,1.65,lms_point_nearest,0.96,51,Anjanapura,South,Bangalore South,1,0,Avalahalli Lake,,
gba-bbmp-092,BBMP#92,BBMP,92,Vasanthapura Kere / Janardhana Kere,Ward No: 197 Anjanapura Vasanthapura,Bengaluru South,True,144,Vasantpura Lake,12.89125,77.556778,1,118910873,Vasanthapura Lake,1.82,lms_point_in_polygon,1.0,106,Vasanthapura,South,Bangalore South,2,1,ISRO Layout Lake,,
gba-bbmp-093,BBMP#93,BBMP,93,Devarakere,Ward No: 197,Bengaluru South,True,148,Devarakere Lake,12.897784,77.554447,1,37351648,ISRO Layout Lake,1.7,manual_override,1.0,63,Uttarahalli,South,Bangalore South,3,3,Dore Kere,,Devarakere = OSM ISRO Layout Lake (Devarakere lies in ISRO Layout)
gba-bbmp-094,BBMP#94,BBMP,94,Doddakallasandra Lake,Ward No: 197 Vasanthapura,Bengaluru South,True,161,Doddakallsandra Lake,12.882,77.560972,1,118910872,Doddakalasandra Lake,5.84,lms_point_in_polygon,0.968,51,Anjanapura,South,Bangalore South,2,3,Chudahalli Lake,,
gba-bbmp-095,BBMP#95,BBMP,95,Konanakunte Lake,Ward No: 197 Vasanthapura,Bengaluru South,True,,,,,,403081764,Konanakunte Lake,2.05,name_exact,1.0,29,Konanakunte,South,Bangalore South,1,0,Sarakki Kere,,
gba-bbmp-096,BBMP#96,BBMP,96,Kalyanikunte (Near Saibaba Temple),Ward No: 197 Vasanthapura Vasanthapura,Bengaluru South,True,145,Kalyanikunte lake,12.894643,77.554026,1,117076682,Vasantapura Temple Kalyani,0.42,manual_override,1.0,106,Vasanthapura,South,Bangalore South,,,,,Kalyanikunte = OSM Vasantapura Temple Kalyani (0.4 ha temple tank)
gba-bbmp-097,BBMP#97,BBMP,97,Kodige Singasandra Lake,Ward No: 191,Bengaluru South,True,81,Kodige Singasandra Lake,12.877806,77.641861,1,111871740,Begur Kere,2.89,manual_override,1.0,143,Singasandra,South,Bommanahalli,2,1,Chikka Beguru Lake,,"Kodige Singasandra assumed = the OSM polygon named Begur Kere (2.9 ha): both the LMS point and the KSPCB station ""Kodi Singasandra Lake"" fall inside it; unverified"
gba-bbmp-098,BBMP#98,BBMP,98,Parappana Agrahara / Bangalore,Ward No: 191 Singasandra,Bengaluru South,True,136,Parappana Agrahara lake,12.879028,77.660833,1,350153647,Parappana Agrahara Lake,4.29,lms_point_in_polygon,1.0,80,Naganathapura,South,Bangalore South,1,0,Hosakere,,
gba-bbmp-099,BBMP#99,BBMP,99,Singasandra Lake South Bangalore South,Ward No: 191 Singasandra Singasandra,Bengaluru South,True,83,Singasandra Lake,12.882278,77.645497,1,133729402,Singasandra Lake,2.02,lms_point_in_polygon,1.0,144,Bandepalya,South,Bommanahalli,1,0,Chikka Beguru Lake,,
gba-bbmp-100,BBMP#100,BBMP,100,Konappana Agrahara Lake,Ward No: 191,Bengaluru South,True,137,Konappana Agrahara Lake,12.87858,77.668732,1,781696169,Karabu Kere/Konappana agrahara lake,1.37,lms_point_in_polygon,1.0,80,Naganathapura,South,Bangalore South,1,0,Hosakere,,
gba-bbmp-101,BBMP#101,BBMP,101,Kudlu Anekal & Doddakere / Anekal Taluk,Ward No: 191 Singasandra,Bengaluru South,True,,,,,,133729401,Hosakere,12.94,manual_override,1.0,109,Kudlu,South,Anekal,2,2,Haralur Lake,,Kudlu Doddakere assumed = OSM Hosakere in Kudlu ward (12.9 ha); unverified
gba-bbmp-102,BBMP#102,BBMP,102,Kudlu Chikka Kere / and Bengaluru South Taluk Anekal Taluk,Ward No: 191 Singasandra Singasandra,Anekal,True,139,Kudlu Chikka Kere STP,12.891778,77.655222,1,18077303,Haraluru Lake,3.24,manual_override,1.0,109,Kudlu,South,Anekal,1,0,Haralur Lake,,"Kudlu Chikka Kere assumed = the OSM polygon named Haraluru Lake (3.2 ha) at Kudlu: the LMS point and the KSPCB station ""Kudlu Chikkakere,  BGP Layout"" both sit at it; the 8 ha Haralur Lake is row 9; unverified"
gba-bbmp-103,BBMP#103,BBMP,103,Handrahalli kere Bangalore North,"Doddabedakallu,ward no.40",153-Yeshwanthpura,True,125,Handrahalli kere,13.01000,77.48700,5,145513549,Andrahalli Lake,3.57,lms_point_nearest,0.952,310,Andrahalli,West,Yeshwanthapura,1,0,Kachohalli Kere,,
gba-bbmp-104,BBMP#104,BBMP,104,Lingadeeranahalli (handrahalli) North Lake Bangalore North,"Doddabedakallu,ward no.40",153-Yeshwanthpura,True,114,Lingadeeranahalli-13 Lake,12.87214,77.51403,5,,,,no_polygon,,,,,,,,,,Lingadeeranahalli (Handrahalli) lake in Doddabidarakallu ward: no OSM polygon; 1344973950 is the Talagattapura Lingadeeranahalli (row 116)
gba-bbmp-105,BBMP#105,BBMP,105,Herohalli Lake Bangalore North,Herohalli-72,153- Yashwanthpura,True,127,Herohalli Lake,12.98900,77.48800,5,6586695,Herohalli Kere,9.92,lms_point_nearest,1.0,277,Herohalli,West,Yeshwanthapura,1,0,Kachohalli Kere,,
gba-bbmp-106,BBMP#106,BBMP,106,Vishwaneedam Lake Bangalore North,Herohalli-72,153- Yashwanthpura,True,131,Vishwaneedum Lake,12.98300,77.49200,5,146211757,Herohalli Thotadakere,0.95,manual_override,1.0,255,Byadarahalli,West,Yeshwanthapura,,,,,Vishwaneedam lake assumed = OSM Herohalli Thotadakere (LMS point inside); unverified
gba-bbmp-107,BBMP#107,BBMP,107,Mallathahalli lake,Ullala Ward No.130,153- Yashwanthpura,True,149,Mallathahalli lake,12.96200,77.49500,5,37898906,Mallathahalli Lake,13.77,lms_point_nearest,1.0,308,Ullal,West,Yeshwanthapura,1,0,Hosakere,,
gba-bbmp-108,BBMP#108,BBMP,108,Ullala lake,Gnana Bharathi-129 & Ullala -130,153- Yashwanthpura,True,121,Ullala lake,12.96000,77.48200,5,146447604,Ullal Lake,9.91,lms_point_in_polygon,0.909,308,Ullal,West,Yeshwanthapura,1,0,Hosakere,,
gba-bbmp-109,BBMP#109,BBMP,109,Dubasipalya lake (Valagerehalli),Gnana Bharathi-129 & Ullala -130,153- Yashwanthpura,True,102,Dubasipalay lake (Valagerahalli),12.91200,77.43700,5,45741827,Dubasi Palya Kere,4.11,name_fuzzy,0.957,294,Shivanapalya,West,Yeshwanthapura,1,0,Vrishabhavati,,
gba-bbmp-110,BBMP#110,BBMP,110,Chikkabasthi lake,Panchayath Limit (Out of BBMP),153- Yashwanthpura,False,109,Chikkabasthi lake,12.89233,77.48361,5,,,,no_polygon,,,,,,,,,,Chikkabasthi lake (outside BBMP limits): no OSM polygon; LMS point sits in Konasandra Lake
gba-bbmp-111,BBMP#111,BBMP,111,Mangammanahalli lake,Panchayath Limit (Out of BBMP),153- Yashwanthpura,False,104,Mangammanahalli lake,12.88053,77.49142,5,146752354,Manganahalli Lake,1.14,name_fuzzy,0.889,,,,,1,0,Ramasandra Lake,,
gba-bbmp-112,BBMP#112,BBMP,112,Kengeri Lake,"Hemmigepura, ward no-198",153-Yeshwanthpura,True,95,Kengeri Lake,12.94700,77.46100,5,395505152,Kengeri Lake,9.83,name_exact,1.0,290,Kengeri,West,Yeshwanthapura,3,1,Vrishabhavati,,
gba-bbmp-113,BBMP#113,BBMP,113,Gandhinagar Hosakerehalli,Ullala -130,153- Yashwanthpura,True,105,Gandhinagar Hosakere,12.94600,77.47100,5,,,,no_polygon,,,,,,,,,,Gandhinagar Hosakerehalli (Ullala ward): no OSM polygon; LMS point is 12 m from the small Ramasandra polygon
gba-bbmp-114,BBMP#114,BBMP,114,H Gollahalli kere/ Bangalore South,"Hemmigepura,ward no-198",153-Yeshwanthpura,True,120,H Gollahalli kere,12.87394,77.48314,5,10741847,Hemmigepura Kere,5.6,manual_override,1.0,,,,,3,2,,,H Gollahalli kere (Hemmigepura ward 198) = OSM Hemmigepura Kere (5.6 ha): the LMS point sits inside it; the fuzzy match to Gollahalli Kere 12 km away was a different lake
gba-bbmp-115,BBMP#115,BBMP,115,Jogi kere / Bangalore South,"Hemmigepura,ward no-198",153-Yeshwanthpura,True,123,Jogi kere,12.86311,77.53839,5,1118946148,Jogi Kere,0.59,lms_point_in_polygon,1.0,47,Talagattapura,South,Yeshwanthapura,,,,,
gba-bbmp-116,BBMP#116,BBMP,116,Lingadeeranahalli,"Hemmigepura, ward no-198",153-Yeshwanthpura,True,114,Lingadeeranahalli-13 Lake,12.87214,77.51403,5,1344973950,Lingadeeranahalli Lake,1.76,manual_override,1.0,47,Talagattapura,South,Yeshwanthapura,1,0,Agara Lake,,Lingadeeranahalli Lake; Talagattapura ward; Hemmigepura area
gba-bbmp-117,BBMP#117,BBMP,117,Varahasandra Lake,"Hemmigepura, ward no-198",153-Yeshwanthpura,True,107,Varahasandra Lake,12.88053,77.49142,5,,,,no_polygon,,,,,,,,,,Varahasandra Lake (Hemmigepura ward): no OSM polygon; the LMS point falls in Somapura Kere
gba-bbmp-118,BBMP#118,BBMP,118,Konasandra Lake,"Hemmigepura, ward no-198",153-Yeshwanthpura,True,112,Konasandra Lake,12.86500,77.53100,5,172671192,Konasandra Lake,10.57,name_exact,1.0,22,Kengeri Kote ward,West,Yeshwanthapura,2,1,,,
gba-bbmp-119,BBMP#119,BBMP,119,Sompura Lake,"Hemmigepura, ward no-198",153-Yeshwanthpura,True,130,Sompura Lake,12.87600,77.50000,5,231286369,Sompura Govt.lake,7.37,manual_override,1.0,47,Talagattapura,South,Yeshwanthapura,1,0,Somapura Kere,,Sompura Lake (Hemmigepura ward) = OSM Sompura Govt.lake (7.4 ha; Talagattapura ward); the 8.7 ha OSM Sompura Lake at 77.77 E is a different Sompura in the east
gba-bbmp-120,BBMP#120,BBMP,120,Gattigerepalya (Sompura) lake,"Hemmigepura, ward no-198",153-Yeshwanthpura,True,128,Gattigerepalya (Sompura) lake,12.88311,77.50214,5,,,,no_polygon,,,,,,,,,,Gattigerepalya (Sompura) lake: no separate OSM polygon found; LMS point exists
gba-bbmp-121,BBMP#121,BBMP,121,Talghatapura Lake,"Hemmigepura, ward no-198",153-Yeshwanthpura,True,115,Talghatapura Lake,12.86500,77.53100,5,19470041,Thalaghattapura Lake,4.1,lms_point_nearest,0.889,47,Talagattapura,South,Yeshwanthapura,1,0,Kuppareddi Kere,,
gba-bbmp-122,BBMP#122,BBMP,122,Chikkagowdanapalya lake,"Hemmigepura, ward no-198",153-Yeshwanthpura,True,111,Chikkagowdanapaly lake,12.87214,77.51403,5,,,,no_polygon,,,,,,,,,,Chikkagowdanapalya lake: no OSM polygon found
gba-bbmp-123,BBMP#123,BBMP,123,Mylasandra (Sunnakallu palya) lake,"Hemmigepura, ward no-198",153-Yeshwanthpura,True,101,Mylasandra (Sunnakallu palya) lake,12.92200,77.48000,5,1353425191,,0.74,lms_point_nearest,1.0,297,Kengal Hanumanthaiah West,West,Yeshwanthapura,,,,,
gba-bbmp-124,BBMP#124,BBMP,124,Busegowdana lake,"Hemmigepura, ward no-198",153-Yeshwanthpura,True,96,Busegowdana lake,12.96400,77.45800,5,,,,no_polygon,,,,,,,,,,Busegowdana lake (Hemmigepura ward): no OSM polygon found; LMS point exists
gba-bbmp-125,BBMP#125,BBMP,125,Bayyapanapalya Kunte/ Bangalore South,"Hemmigepura, ward no-198",153-Yeshwanthpura,True,118,Bayyapanapalya Kunte Lake,12.86800,77.54300,5,,,,no_polygon,,,,,,,,,,Bayyapanapalya Kunte: no OSM polygon found
gba-bbmp-126,BBMP#126,BBMP,126,Kodigehalli lake / Bangalore North,Panchayath Limit (Out of BBMP),153- Yashwanthpura,False,211,Kodigehalli lake,12.97700,77.46800,5,1117566142,Kodigehalli kere,3.27,lms_point_in_polygon,1.0,,,,,2,1,Kannalli kere,,
gba-bbmp-127,BBMP#127,BBMP,127,Kenchanpura lake,Panchayath Limit (Out of BBMP),153- Yashwanthpura,False,210,Kenchanapura lake,12.95700,77.45100,5,1162717386,Kenchanapura Govt. Lake,5.04,lms_point_nearest,0.828,,,,,1,0,Sulikere/ Herekere Lake,,
gba-bbmp-128,BBMP#128,BBMP,128,Kanna halli lake,Panchayath Limit (Out of BBMP),153-Yeshwanthpura,False,,,,,,146447556,Kannalli kere,22.25,manual_override,1.0,,,,,3,2,,,Kannalli kere (outside BBMP limits)
gba-bbmp-129,BBMP#129,BBMP,129,Soolikere,Panchayath Limit (Out of BBMP),153- Yashwanthpura,False,214,Soolikere,12.94700,77.46100,5,675685139,Sulikere/ Herekere Lake,42.02,lms_point_nearest,0.824,,,,,5,5,Byramangala Reservoir,,
gba-bbmp-130,BBMP#130,BBMP,130,Bhimana kuppe,Panchayath Limit (Out of BBMP),153- Yashwanthpura,False,164,Bhimana Kuppe kere,12.91517,77.52867,5,253596652,Bheemanakuppa Lake,32.89,manual_override,1.0,,,,,7,5,Byramangala Reservoir,,Bhimanakuppe = OSM Bheemanakuppa Lake (32.9 ha; outside the ward layer); 295768621 Bheemanakatte is a different body
gba-bbmp-131,BBMP#131,BBMP,131,",ward no 154 J.P Park / Bangalore North",J.P park ward no 17,RajaRajeshwari Nagar,True,152,J.P Park Lake,13.03508,77.55031,5,3816212,Mathikere Lake,4.34,manual_override,1.0,23,J.P PARK,North,Rajarajeshwarinagar,2,1,Hebbal Lake,,J.P. Park lake = OSM Mathikere Lake
gba-bbmp-132,BBMP#132,BBMP,132,Srigandadkaval,"RajaRajeshwari Nagar,ward",154 Rajarajeshwarinagara,True,133,Srigandadakaval lake,12.98400,77.50094,5,1390079362,Srigandakaval Lake,0.61,lms_point_in_polygon,0.963,219,Srigandada Kaval,West,Rajarajeshwarinagar,,,,,
gba-bbmp-133,BBMP#133,BBMP,133,Nagarabhavi Lake,no 160,154 Rajarajeshwarinagara,True,159,Nagarabhavi Lake,12.96500,77.50800,5,775470790,Nagarbhavi Lake,0.89,lms_point_nearest,1.0,1,Vinayaka Layout,West,Rajarajeshwarinagar,,,,,
gba-bbmp-134,BBMP#134,BBMP,134,Bheemana Katte,"RajaRajeshwari Nagar,ward",154 Rajarajeshwarinagara,True,212,Bheemana Katte kere,12.91517,77.52867,5,295768621,Bheemanakatte Lake,0.72,lms_point_in_polygon,0.762,62,Bangarappa Nagara,West,Rajarajeshwarinagar,,,,,
gba-bbmp-135,BBMP#135,BBMP,135,Pattangere/Kenchenahalli lake,"RajaRajeshwari Nagar,ward no 160 no 160",154 Rajarajeshwarinagara,True,146,Pattanagere/ Kenchenhalli lake,12.92585,77.50094,5,295768760,Kenchanahalli Lake,1.56,name_fuzzy,0.923,271,Rajarajeshwari Nagara,West,Rajarajeshwarinagar,2,1,Vrishabhavati,,
gba-bbmp-136,BBMP#136,BBMP,136,Halage vaderahalli Lake,"RajaRajeshwari Nagar,ward no 160",154 Rajarajeshwarinagara,True,156,Halage vaderahalli Lake,12.92417,77.51481,5,132997931,Halagevader Halli Lake,2.86,lms_point_in_polygon,0.914,271,Rajarajeshwari Nagara,West,Rajarajeshwarinagar,1,0,Kenchanahalli Lake,,
gba-bbmp-137,BBMP#137,BBMP,137,Hoskerehalli Lake,"RajaRajeshwari Nagar,ward no 160",154 Rajarajeshwarinagara,True,132,Hosakerehalli lake,12.92744,77.53286,5,41196197,Hosakerahalli Lake,15.06,lms_point_in_polygon,0.923,62,Bangarappa Nagara,West,Rajarajeshwarinagar,2,1,Vrishabhavati,,
gba-bbmp-138,BBMP#138,BBMP,138,Chikka Bettahalli Lake,3. Attur,Yalahanka,True,,,,,,1181417682,Chikkabettahalli Lake,1.88,name_fuzzy,0.97,103,Attur,North,Yelahanka,1,0,Veerasagara Lake,,
gba-bbmp-139,BBMP#139,BBMP,139,Veerasagara lake,3. Attur,Yalahanka,True,90,Veerasagara Lake,13.102139,77.556361,8,41667652,Veerasagara Lake,6.58,lms_point_in_polygon,1.0,,,,,2,1,Attur Lake,,
gba-bbmp-140,BBMP#140,BBMP,140,Harohalli lake,2. Chowdeshwari,Yalahanka,True,85,Harohalli Lake,13.138389,77.577444,8,41667650,Gantiganahalli Lake,20.07,manual_override,1.0,3,Chowdeshwari ward,North,Yelahanka,4,5,Yelahanka Lake,,"Harohalli lake (Chowdeshwari ward, Yelahanka) = OSM Gantiganahalli Lake (20.1 ha): the LMS point sits inside it in the same ward; the exact-name match to Harohalli Kere 19 km south on Kanakapura Road was a different lake"
gba-bbmp-141,BBMP#141,BBMP,141,Yelahanka Amani kere,1. Kempegowda,Yalahanka,True,84,Yalahanka Lake,13.112917,77.594694,8,10179602,Yelahanka Lake,96.65,lms_point_in_polygon,1.0,2,Aerocity,North,Yelahanka,5,4,Jakkur Lake,,
gba-bbmp-142,BBMP#142,BBMP,142,Attur lake,3. Attur,Yalahanka,True,93,Attur Lake,13.11125,77.561972,8,15989751,Attur Lake,22.66,lms_point_in_polygon,1.0,85,Doddabettahalli,North,Yelahanka,3,2,Puttenahalli Lake,,
gba-bbmp-143,BBMP#143,BBMP,143,Allalasandra lake,4. Yalahanaka Satellite Town,Yalahanka,True,79,Allalasandra Lake,13.091611,77.586222,8,41206188,Allalasandra Lake,14.32,lms_point_in_polygon,1.0,97,Nyayanga Badavane,North,Yelahanka,1,0,Jakkur Lake,,
gba-bbmp-144,BBMP#144,BBMP,144,Srinivasapura Lake,1. Kempegowda,Yalahanka,True,228,Srinivasapura Lake,13.105972,77.625278,8,1460088555,,0.33,lms_point_nearest,1.0,5,Kogilu,North,Byatarayanapura,,,,,
gba-bbmp-145,BBMP#145,BBMP,145,Shivanahalli Lake,4. Yalahanaka Satellite Town,Yalahanka,True,77,Shivanahalli Lake,13.091417,77.595611,8,,(hand-digitised from observed water),0.44,hand_digitised,1.0,97,Nyayanga Badavane,North,Yelahanka,,,,,"Shivanahalli (Yelahanka Satellite Town): no OSM polygon; hand-digitised from the Sentinel-2 observed water at the 5% occurrence rule (0.44 ha, the largest of 29 fragments; 1.75 ha connects only at 3% occurrence); boundary Low"
gba-bbmp-146,BBMP#146,BBMP,146,Rachenahalli Lake,5. jakkur,Byatarayanapura,True,62,Rachenahalli Lake,13.061694,77.614861,8,6041559,Rachenahalli Lake,36.04,lms_point_in_polygon,1.0,188,Jakkur,North,Byatarayanapura,5,3,,,
gba-bbmp-147,BBMP#147,BBMP,147,Amruthahalli Lake,7. Byatarayanpura,Byatarayanapura,True,63,Amruthahalli Lake,13.062028,77.599111,8,42655050,Amruthalli Lake,7.48,lms_point_in_polygon,0.909,132,Amruthahalli,North,Byatarayanapura,1,0,Rachenahalli Lake,,
gba-bbmp-148,BBMP#148,BBMP,148,Doddabommasandra Lake,10. Doddabommasandra,Byatarayanapura,True,58,Doddabommasandra Lake,13.064694,77.564028,8,19063723,Doddabommasandra Kere,34.04,lms_point_in_polygon,1.0,195,Doddabommasandra,North,Byatarayanapura,3,2,Hebbal Lake,,
gba-bbmp-149,BBMP#149,BBMP,149,Singapura Lake,11. Kuvempu Nagar,Byatarayanapura,True,47,Singapura Lake,13.08522,77.53858,8,413529791,Singapura Kere,3.06,lms_point_in_polygon,1.0,150,Singapura,North,Byatarayanapura,1,0,Singapura Kere,,
gba-bbmp-150,BBMP#150,BBMP,150,Narasipura Lake 20,9. Vidyaranyapura,Byatarayanapura,True,59,Narasipura Lake-1 (survey no.20),13.072694,77.558194,8,16075392,Narsipura Lake,3.66,lms_point_nearest,0.947,152,Vidyaranyapura,North,Byatarayanapura,2,1,Doddabommasandra Kere,,
gba-bbmp-151,BBMP#151,BBMP,151,Narasipura Lake 26,9. Vidyaranyapura,Byatarayanapura,True,59,Narasipura Lake-1 (survey no.20),13.072694,77.558194,8,,,,no_polygon,,,,,,,,,,Narasipura Lake 26: OSM has one Narsipura polygon (row 150); LMS lists two Narasipura lakes
gba-bbmp-152,BBMP#152,BBMP,152,Kogilu Lake,5. jakkur,Byatarayanapura,True,72,Kogilu Lake,13.109639,77.6185,8,41667656,Kogilu Lake,24.28,lms_point_in_polygon,1.0,5,Kogilu,North,Byatarayanapura,2,1,Jakkur Lake,,
gba-bbmp-153,BBMP#153,BBMP,153,Palanahalli Lake,5. jakkur,Byatarayanapura,True,73,Palanahalli Lake (Kattigenahalli),13.1163,77.6155,8,904374443,Palanahalli Lake,7.35,manual_override,1.0,5,Kogilu,North,Byatarayanapura,1,0,Kogilu Lake,,Palanahalli Lake (Kogilu ward); the Kattigenahalli row's LMS point falls inside this polygon by coordinate error
gba-bbmp-154,BBMP#154,BBMP,154,Kattigenahalli Lake,5. jakkur,Byatarayanapura,True,75,Kattigenahalli Lake,13.115861,77.616472,8,43990804,Kattigenahalli Lake,5.49,manual_override,1.0,5,Kogilu,North,Byatarayanapura,1,0,Kogilu Lake,,Kattigenahalli Lake (Kogilu ward); the LMS point for this row falls inside the neighbouring Palanahalli polygon
gba-bbmp-155,BBMP#155,BBMP,155,Jakkur Lake,5. jakkur,Byatarayanapura,True,65,Jakkur Lake,13.085528,77.61125,8,9321012,Jakkur Lake,49.96,lms_point_in_polygon,1.0,188,Jakkur,North,Byatarayanapura,4,4,Rachenahalli Lake,,
gba-bbmp-156,BBMP#156,BBMP,156,Agrahara Lake,5. jakkur,Byatarayanapura,True,67,Agrahara Lake,13.089528,77.625194,8,15989383,Agrahara Lake,4.3,lms_point_in_polygon,1.0,181,Sampigehalli,North,Byatarayanapura,3,2,Jakkur Lake,,
gba-bbmp-157,BBMP#157,BBMP,157,Thirumenahalli Lake,5. jakkur,Byatarayanapura,True,70,Thirumenahalli Lake,13.092861,77.628444,8,43609776,Thirumenahalli Lake,5.69,lms_point_in_polygon,1.0,181,Sampigehalli,North,Byatarayanapura,2,1,Agrahara Lake,,
gba-bbmp-158,BBMP#158,BBMP,158,Chokkanahalli Lake,5. jakkur,Byatarayanapura,True,68,Chokkanahalli Lake,13.081917,77.636667,8,1252731180,Chokkanahalli Lake,0.27,lms_point_in_polygon,1.0,181,Sampigehalli,North,Byatarayanapura,,,,,
gba-bbmp-159,BBMP#159,BBMP,159,Venkateshapura Lake,5. jakkur,Byatarayanapura,True,64,Venkateshpura Lake,13.077694,77.623583,8,208958023,,0.46,lms_point_nearest,1.0,181,Sampigehalli,North,Byatarayanapura,,,,,
gba-bbmp-160,BBMP#160,BBMP,160,Kempambudhi Lake,Hanumanthanagar,Basavanagudi,True,24,Kempambudhi Lake,12.952306,77.559889,6,38047206,Kempambudhi Kere,7.1,lms_point_in_polygon,1.0,332,Kempambudhi Ward,West,Basavanagudi,2,1,Vrishabhavati,,
gba-bbmp-161,BBMP#161,BBMP,161,Yediyur Lake,Yediyur,Padmanabanagar,True,48,Yediyur Lake,12.933361,77.576694,6,9362927,Yediyur Lake,3.91,lms_point_in_polygon,1.0,330,Yediyuru,West,Padmanabanagar,1,0,Hosakerahalli Lake,,
gba-bbmp-162,BBMP#162,BBMP,162,Deepanjali Nagara lake,Attiguppe,Vijayanagara,True,,,,,,116792836,Deepanjali Nagara Kere,1.42,name_exact,1.0,346,Deepanjali Nagara,West,Vijayanagar,1,0,Vrishabhavati,,
gba-bbmp-163,BBMP#163,BBMP,163,Gowdanapalya Lake,Padmanabanagar,Padmanabanagar,True,44,Gowdanapalya Lake,12.907639,77.556278,6,41189469,Gowdana Kere,2.49,lms_point_in_polygon,0.737,43,Gowdanapalya,South,Padmanabanagar,2,1,Dore Kere,,
gba-bbmp-164,BBMP#164,BBMP,164,Byrasandra,Byrasandra,Chikkapete,True,32,Byrasandra Lake (Chikkapete Lake),12.930083,77.595639,6,28126428,Byrasandra Lake,2.63,lms_point_in_polygon,1.0,269,BHEL Ward,Central,Chickpet,1,0,Agara Lake,,
gba-bbmp-165,BBMP#165,BBMP,165,Mestripalya Lake,Koramangala,BTM Layout,True,38,Mesthripalya Lake,12.932,77.626083,6,427568008,Mestripalya lake,2.31,lms_point_in_polygon,1.0,135,Kormangala East,South,B.T.M Layout,1,0,Bellandur Lake,,
gba-bbmp-166,BBMP#166,BBMP,166,Dasarahalli (Chokkasandra) Lake,Chokkasandra-39,Dasarahalli,True,45,Dasarahalli Lake,13.0398,77.5137,2,16245927,Dasarahalli Tank,5.86,lms_point_nearest,1.0,316,Chokkasandra,West,Dasarahalli,1,0,Doddabidirakallu Kere,,
gba-bbmp-167,BBMP#167,BBMP,167,Nelagedaranahalli Lake,Peenya Industrial Area-41,Dasarahalli,True,,,,,,675669761,Nelagadiranahalli Hosakere,5.84,manual_override,1.0,348,Shivapura,West,Dasarahalli,1,0,Narasappanahalli kere,,Nelagedaranahalli = OSM Nelagadiranahalli Hosakere (Shivapura ward)
gba-bbmp-168,BBMP#168,BBMP,168,Shivapura Lake,Peenya Industrial Area-41,Dasarahalli,True,39,Shivapura Lake,13.02449,77.50453,2,750685724,Shivapura Old Lake,1.56,lms_point_nearest,0.818,190,Nelagadaranahalli,West,Dasarahalli,1,0,Narasappanahalli kere,,
gba-bbmp-169,BBMP#169,BBMP,169,Bagalagunte Lake,Bagalagunte-14,Dasarahalli,True,42,Bagalaguntte Lake,13.0580,77.4999,2,472975375,Bagalagunte Lake,3.01,lms_point_nearest,1.0,10,Bagalagunte,North,Dasarahalli,2,1,,,
gba-bbmp-170,BBMP#170,BBMP,170,Kammagondanahalli Lake,Shettihalli-12,Dasarahalli,True,43,Kamagondanahalli Lake,13.0676,77.5250,2,135267829,Kammagondanahalli Lake,7.51,lms_point_in_polygon,1.0,101,Shettihalli,North,Dasarahalli,1,0,Chikkabanavara Lake,,
gba-bbmp-171,BBMP#171,BBMP,171,Mallasandra gudde Lake,Mallasandra-13,Dasarahalli,True,37,Mallasandra Gudde Lake,13.0570,77.5187,2,190584885,Mallasandra Lake,4.45,lms_point_nearest,0.786,11,Mallasandra,North,Dasarahalli,1,0,Chikkabanavara Lake,,
gba-bbmp-172,BBMP#172,BBMP,172,Abbigere Lake,Shettihalli-12,Dasarahalli,True,36,Abbigere Lake,13.0799,77.5269,2,41667654,Abbigere Lake,9.48,lms_point_nearest,1.0,98,Abbigere,North,Dasarahalli,3,3,Chikkabanavara Lake,,
gba-bbmp-173,BBMP#173,BBMP,173,Lakshmipura Lake,Shettihalli-12,Dasarahalli,True,34,Lakshmipura Lake,13.0863,77.5304,2,1254929805,Lakshmipura Lake,1.86,lms_point_nearest,1.0,98,Abbigere,North,Dasarahalli,2,1,Chikkabanavara Lake,,
gba-bbmp-174,BBMP#174,BBMP,174,(Nagasandra),Doddabidarakallu-40,Doddabidarakallu Yeshwanthapur,True,,,,,,,,,no_polygon,,,,,,,,,,Nagasandra (Doddabidarakallu): no OSM polygon found
gba-bbmp-175,BBMP#175,BBMP,175,Karihobanahalli Lake (Narasappanakere) Lake,Peenya Industrial Area-41,Yeshwanthapur,True,224,Kariobanahalli Lake (Narasappanahalli kere),13.01723,77.49834,2,45921399,Narasappanahalli kere,17.48,lms_point_nearest,0.667,320,Dodda Bidarakallu,West,Yeshwanthapura,2,2,Gangondanahalli Lake,,
gba-bbmp-176,BBMP#176,BBMP,176,Sankey Lake,Aramanenagara-35,Malleshwaram,True,21,Sankey Lake,13.0093,77.5741,7,6030715,Sankey Tank,12.55,lms_point_in_polygon,1.0,363,Sadashiva Nagara,West,Malleshwaram,1,0,Vrishabhavati,,
gba-bbmp-177,BBMP#177,BBMP,177,Nayandanahalli Lake,Nayandanahalli-131,Govindarajanagara,True,22,Nayandahalli Lake,12.9397,77.5214,7,17379150,Nayandahalli Lake,3.41,lms_point_nearest,1.0,221,Nayanda Halli,West,Govindraj Nagar,3,2,Vrishabhavati,,
gba-bbmp-178,BBMP#178,BBMP,178,19 Malagala,Kaveripura-103,Govindarajanagara,True,,,,,,,,,no_polygon,,,,,,,,,,Malagala (Kaveripura ward): no OSM polygon found
gba-bbmp-179,BBMP#179,BBMP,179,Vijanapura kere,Ward No.51 Vijanapura,KR Puram,True,151,Vijanapura kere,13.0090106,77.6767429,4,,,,duplicate,,,,,,,,,BBMP#51,Same lake as row 51 (Vijanapura); same LMS id
gba-bbmp-180,BBMP#180,BBMP,180,Byatagunte Playa,Kammanahalli(28),160- Sarvagna Nagara,True,,,,,,,,,no_polygon,,,,,,,,,,Byatagunte Palya: no OSM polygon found
gba-bbmp-181,BBMP#181,BBMP,181,Lingarajapura Lake,Kammanahalli(28),160- Sarvagna Nagara,True,,,,,,,,,no_polygon,,,,,,,,,,Lingarajapura Lake: no OSM polygon found
gba-bbmp-182,BBMP#182,BBMP,182,Geddalahalli,Radhakrishna temple(18),160- Sarvagna Nagara,True,,,,,,,,,no_polygon,,,,,,,,,,Geddalahalli: no OSM polygon found
gba-bbmp-183,BBMP#183,BBMP,183,Konena Agrahara,Konena Agrahara(113),161-C.V.Raman Nagar,True,100,Kalena Agrahara Lake STP,12.865417,77.589667,1,,,,no_polygon,,,,,,,,,,Konena Agrahara (C.V. Raman Nagar): no OSM polygon; the LMS match is Kalena Agrahara in the south
gba-bbmp-184,BBMP#184,BBMP,184,(Lingannana Bilaekahalli Kere) (Disused lake),Ward No: 188 Bilekahalli,Bommanahalli,True,,,,,,,,,no_polygon,,,,,,,,,,Lingannana Bilekahalli kere: listed as disused; no OSM polygon
gba-bbmp-185,BBMP#185,BBMP,185,Dorasanni Palya (Disused lake),Ward No: 188 Bilekahalli,Bommanahalli,True,,,,,,,,,no_polygon,,,,,,,,,,Dorasanipalya: listed as disused; no OSM polygon
gba-bbmp-186,BBMP#186,BBMP,186,Ittmadu,chikkalasandra,Padmanabanagar,True,,,,,,,,,no_polygon,,,,,,,,,,Ittamadu (Padmanabhanagar): no OSM polygon found
gba-bbmp-187,BBMP#187,BBMP,187,Chikkakalasandra Lake,chikkalasandra,Padmanabanagar,True,,,,,,740925682,Chikkalasandra lake,2.17,name_fuzzy,0.933,42,Padmanabhanagara,South,Padmanabanagar,1,0,Hosakerahalli Lake,,
gba-bbmp-188,BBMP#188,BBMP,188,Thavarekare,Koramangala,Padmanabanagar,True,,,,,,,,,no_polygon,,,,,,,,,,Thavarekere (Padmanabhanagar): the OSM Tavarekere polygons are in Tavarekere town to the west
gba-bbmp-189,BBMP#189,BBMP,189,Karisandra lake,Padmanabanagar,Padmanabanagar,True,,,,,,,,,no_polygon,,,,,,,,,,Karisandra lake: no OSM polygon found
gba-bbmp-190,BBMP#190,BBMP,190,Nandi shettappa lake,Padmanabanagar,Padmanabanagar,True,,,,,,,,,no_polygon,,,,,,,,,,Nandi Shettappa lake: no OSM polygon found
gba-bbmp-191,BBMP#191,BBMP,191,Arehalli 2 & 3 (Small tanks) (Disused lake),Ward No: 184 Uttarahalli,Bengaluru South,True,,,,,,,,,no_polygon,,,,,,,,,,"Arehalli 2 & 3 small tanks (Uttarahalli ward 184, listed as disused): the only OSM Arehalli Lake lies outside the ward layer to the east; no polygon in the ward"
gba-bbmp-192,BBMP#192,BBMP,192,Bovimaranahalli,"RajaRajeshwari Nagar,ward",154 Rajarajeshwarinagara,True,,,,,,,,,no_polygon,,,,,,,,,,Bovimaranahalli: no OSM polygon found
gba-bbmp-193,BBMP#193,BBMP,193,Gundopanth lake,"RajaRajeshwari Nagar,ward no 160 no 160",154 Rajarajeshwarinagara,True,,,,,,,,,no_polygon,,,,,,,,,,Gundopanth lake: no OSM polygon found
gba-bbmp-194,BBMP#194,BBMP,194,Kamakshipalya Lake,Kamakshipalya-101,Govindarajanagara,True,,,,,,,,,no_polygon,,,,,,,,,,Kamakshipalya Lake: no OSM polygon found
gba-bbmp-195,BBMP#195,BBMP,195,Sanegoravanahalli Lake,Kamakshipalya-101,Govindarajanagara,True,,,,,,,,,no_polygon,,,,,,,,,,Sanegoravanahalli Lake: no OSM polygon found
gba-bbmp-196,BBMP#196,BBMP,196,Agraharadasarahalli Lake,Agrahara Dasarahalli-105,Govindarajanagara,True,,,,,,,,,no_polygon,,,,,,,,,,Agrahara Dasarahalli Lake (Govindarajanagar): no OSM polygon found; the Dasarahalli tanks are a different area
gba-bbmp-197,BBMP#197,BBMP,197,Gangondanahalli Lake,Nagarabhavi-128 F,Govindarajanagara,True,194,Kaigondanahalli Lake,12.8846067,77.685083,4,45921942,Gangondanahalli Lake,15.68,name_exact,1.0,,,,,3,3,Lakkenahalli kere,,
gba-bbmp-198,BBMP#198,BBMP,198,Ramagondahalli,Out of BBMP,Bangalore North Additional,False,89,Ramagondanahalli  Lake,13.118972,77.553306,8,412909369,Ramagondanahalli Lake,11.33,lms_point_in_polygon,1.0,,,,,2,1,Attur Lake,,
gba-bbmp-199,BBMP#199,BBMP,199,Avalahalli,Out of BBMP,Bangalore North Additional,False,87,Avalahalli  Lake,13.13985,77.568308,8,1204457738,Avalahalli Kere,3.63,manual_override,1.0,,,,,1,0,Singanayakanahalli Lake,,Avalahalli (Bangalore North Additional) = OSM Avalahalli Kere at 13.14 N; the southern Avalahalli Lake belongs to the Anjanapura row
gba-bbmp-200,BBMP#200,BBMP,200,Vaderahalli,Out of BBMP,Bangalore North Additional,False,82,Vaderahalli lake,13.09439,77.541,8,1127727173,Vaderahalli kere,2.43,lms_point_in_polygon,1.0,,,,,1,0,Medi Agrahara S,,
gba-bbmp-201,BBMP#201,BBMP,201,Medi agrahara,Out of BBMP,Bangalore North Additional,False,80,Medi Agrahara Lake,13.09897,77.52711,8,1254929806,Medi Agrahara Kere,1.36,lms_point_in_polygon,1.0,,,,,3,2,Medi Agrahara Lake,,
gba-bda-001,BDA#1,BDA,1,Bellanduru Lake,,Bengaluru East & South,True,,,,,,19751547,Bellandur Lake,317.3,name_exact,1.0,6,Yamalur,East,Mahadevapura,7,4,,,
gba-bda-002,BDA#2,BDA,2,Varthur Lake,,Bengaluru East,True,,,,,,19306126,Varthur Lake,155.03,name_exact,1.0,223,Varthur,East,Mahadevapura,5,5,Kelavarapalli reservoir,,
gba-bda-003,BDA#3,BDA,3,Ramasandra Lake,,Bengaluru South & North,True,,,,,,675685126,Ramasandra Lake,2.03,manual_override,1.0,,,,,2,2,Kommagatta Lake,,"Only OSM polygon named Ramasandra Lake is 2.0 ha near Kengeri; BDA's Ramasandra is reported much larger,  so the boundary is unverified. Sentinel-2 2017-2026 shows 1.4 ha of water at this polygon and every water body over 2 ha within 2.5 km is an already-mapped OSM lake (Sulikere,  Kommagatta,  Ullal,  Kannalli),  so no larger unmapped lake exists here; the footprint stays at the observed 2 ha with Low boundary confidence"
gba-bda-004,BDA#4,BDA,4,Kommaghatta Lake,,Bengaluru South,True,,,,,,6586696,Kommagatta Lake,11.3,name_fuzzy,0.952,,,,,3,2,Byramangala Reservoir,,
gba-bda-005,BDA#5,BDA,5,Chikkabanavara lake,,Bengaluru North,True,,,,,,75610567,Chikkabanavara Lake,32.47,name_exact,1.0,,,,,6,6,,,
gba-forest-001,Forest Department#1,Forest Department,1,Madivala Lake,,Bengaluru East & South,True,231,Madiwala Lake,12.9062301,77.6143924,6,2310417,Madiwala Lake,83.22,lms_point_in_polygon,1.0,154,Bilekahalli,South,Bommanahalli,4,3,Agara Lake,,
gba-forest-002,Forest Department#2,Forest Department,2,Puttenahalli Lake,,Bengaluru North,True,71,Puttenahalli Lake (Bommanahalli),12.890222,77.587639,1,15989750,Puttenahalli Lake,8.5,manual_override,1.0,85,Doddabettahalli,North,Yelahanka,4,3,Yelahanka Lake,,"Puttenahalli Lake in Yelahanka (Bengaluru North taluk),  not the JP Nagar one"
gba-forest-003,Forest Department#3,Forest Department,3,Hebbala Lake,,Bengaluru North,True,,,,,,8754543,Hebbal Lake,45.58,name_fuzzy,0.923,146,Rajiv Gandhi Nagar,North,Byatarayanapura,1,0,Nagawara Lake,,
gba-forest-004,Forest Department#4,Forest Department,4,Nagavara Lake,,Bengaluru North,True,,,,,,30414489,Nagawara Lake,29.39,name_fuzzy,0.875,176,Kempapura,North,Byatarayanapura,2,1,,,
gba-bmrcl-001,BMRCL#1,BMRCL,1,Veerasandra Lake,,Anekal talk,True,,,,,,17012230,Veerasandra Lake,3.09,name_exact,1.0,,,,,3,3,Hebbagodi Lake,,
