serial,month,sampling_month,name,name_on_row_line,lat,lon,temp_c,do_mgl,ph,conductivity_umho_cm,bod_mgl,nitrate_n_mgl,nitrite_n_mgl,fecal_coliform_mpn,total_coliform_mpn,carbonate_mgl,bicarbonate_mgl,turbidity_ntu,phenolphthalein_alkalinity_mgl,total_alkalinity_mgl,chlorides_mgl,cod_mgl,tkn_mgl,ammoniacal_n_mgl,total_hardness_mgl,ca_as_caco3_mgl,ca_mgl,mg_as_caco3_mgl,mg_mgl,sulphate_mgl,sodium_mgl,tds_mgl,tss_mgl,phosphate_mgl,boron_mgl,potassium_mgl,fluoride_mgl,sodium_pct,sar,ortho_phosphate_mgl,use_based_class
1,2026-06,Jun-2026,Madiwala Tank,Madiwala Tank,12.908501,77.615365,28,4.8,7.8,466,9,1.8,BDL,700,2800,BDL,120,24.4,BDL,120,92,92,BDL,0.4,80,40,16,40,10,34,48,322,28,BDL,BDL,5,0.3,54,2.3,BDL,D
2,2026-06,Jun-2026,Lalbagh Tank,Lalbagh Tank,12.946154,77.581861,31,6,8.2,522,4,0.84,BDL,470,2800,BDL,128,36.8,BDL,128,68,40,BDL,0.4,88,48,19,40,10,26,69,314,44,BDL,BDL,5,BDL,63,3.3,0.3,D
3,2026-06,Jun-2026,Kempambudhi Tank,Kempambudhi Tank,12.951514,77.560386,31,4.3,6.5,472,6,1.81,BDL,630,3500,BDL,152,18.9,BDL,152,48,84,BDL,0.4,132,76,30,56,14,12,47,314,26,0.31,BDL,5,BDL,42,1.78,0.79,D
4,2026-06,Jun-2026,Yediyur Tank,Yediyur Tank,12.933697,77.577689,31,5.1,6.5,293,5,1.12,BDL,3300,11000,BDL,104,19.5,BDL,104,36,48,BDL,0.5,84,64,26,20,5,BDL,28,196,26,BDL,BDL,3,BDL,41,1.33,0.45,D
5,2026-06,Jun-2026,Sankey Tank,Sankey Tank,13.008775,77.574124,27,4,7.8,572,6,2.2,BDL,340,2400,BDL,132,6,BDL,132,92,62,BDL,0.4,152,88,35,64,16,25,54.5,370,14,BDL,BDL,6,0.34,33,2.5,BDL,D
6,2026-06,Jun-2026,Byrasandra Tank,Byrasandra Tank,12.930292,77.59508,30,4.5,7.3,1286,8,4.5,BDL,700,5400,BDL,168,7.9,BDL,168,264,96,BDL,0.86,216,116,46,100,24,49,132,858,BDL,0.48,BDL,16,0.59,55,4,1.4,D
7,2026-06,Jun-2026,Nayandanahalli Tank,Nayandanahalli Tank,12.939988,77.521078,29.8,5.2,7,830,5,3.2,BDL,70,1600,BDL,196,14,BDL,196,143,48,BDL,0.4,225,120,48,105,26,36,83,564,28,0.24,BDL,6,0.33,36,2.4,0.7,D
8,2026-06,Jun-2026,Hesaraghatta Lake,Hesaraghatta Lake,13.143235,77.486649,30,6.8,7.3,418,5,1.4,BDL,79,1600,BDL,80,5.8,BDL,80,56,52,BDL,0.4,100,56,22,44,11,20,40,286,BDL,BDL,BDL,8,0.22,44,1.74,BDL,D
9,2026-06,Jun-2026,Herohalli Tank,Herohalli Tank,12.989261,77.492374,30,5.2,7.5,1062,7,3.7,BDL,790,2400,BDL,268,7.2,BDL,268,164,68,BDL,0.51,248,132,53,116,28,42,97,706,BDL,0.28,BDL,13,0.3,44,2.7,0.76,D
10,2026-06,Jun-2026,Anchepalya Lake,Anchepalya Lake,13.052523,77.481882,29,4.9,7.4,1075,7,3.9,BDL,390,2800,BDL,264,5.4,BDL,264,168,80,BDL,0.82,256,136,54,120,29,47,99,722,BDL,0.24,BDL,14,0.37,44,2.7,0.69,D
11,2026-06,Jun-2026,Shivapura Tank,Shivapura Tank,13.026112,77.504431,29,4.7,6.5,752,7,2.6,BDL,470,2800,BDL,84,12.5,BDL,84,108,88,BDL,0.72,160,88,35,72,18,77,69,508,16,BDL,BDL,8,0.28,46,2.4,0.32,D
12,2026-06,Jun-2026,Karihobanahalli Lake,Karihobanahalli Lake,13.02092,77.495848,29,4.8,6.7,1783,8,6.2,BDL,5800,12000,BDL,264,21.2,BDL,264,348,92,BDL,0.85,372,192,77,180,44,79,162,1184,26,BDL,BDL,20,0.31,47,3.7,0.37,D
13,2026-06,Jun-2026,Bellandur Lake,Bellandur Lake,12.935903,77.670072,28,2.6,8.5,924,32,3.4,0.08,700,5400,40,228,99.4,20,248,164,160,1.82,1.4,180,96,38,84,20,58,114,606,114,0.96,BDL,26,0.55,53,3.5,2.3,E
14,2026-06,Jun-2026,Vengaiyyanakere( Kr Puram Lake ),Vengaiyyanakere( Kr Puram Lake ),13.014692,77.699247,26,1.8,7.2,903,16,3.5,0.26,4900,9400,BDL,200,26.2,BDL,200,140,164,4.1,3.7,236,120,48,116,28,44,72,622,32,0.31,BDL,18,0.31,38,2.03,0.91,E
15,2026-06,Jun-2026,Doddanekkundi Lake,Doddanekkundi Lake,12.971789,77.686788,26,4.1,7.2,595,6,2.4,BDL,17,70,BDL,112,12.8,BDL,112,104,64,BDL,0.49,108,60,24,48,12,7,48,402,16,BDL,BDL,2,BDL,54,2.01,0.39,D
16,2026-06,Jun-2026,Yelemallappa Shetty Lake,Yelemallappa Shetty Lake,13.024035,77.732746,28,2,6.5,428,16,1.6,BDL,400,3500,BDL,88,9.6,BDL,88,60,160,15.6,14.8,100,52,21,48,12,21,41,290,12,0.47,BDL,8,BDL,44,1.78,1.42,E
17,2026-06,Jun-2026,Dasarahalli Tank,Dasarahalli Tank,13.040072,77.512103,29,2.5,6.5,512,25,1.8,BDL,3300,11000,BDL,88,17.1,BDL,88,60,192,9.2,7.1,144,80,32,64,16,34,46,348,20,BDL,BDL,7,0.4,39,1.7,0.53,E
18,2026-06,Jun-2026,Kalkere Tank,Kalkere Tank,13.046684,77.660034,25,0.8,8.5,5400,90,19.4,0.11,140,1700,200,850,12.8,100,950,1460,304,44,34,360,200,80,160,39,9,512,3592,16,0.27,BDL,67,0.54,71,12,0.76,E
19,2026-06,Jun-2026,Varthur Lake,Varthur Lake,12.945136,77.746339,26,6,7.2,906,4,3.5,0.27,940,2800,BDL,200,6.4,BDL,200,140,48,BDL,0.4,236,124,50,112,27,44,90,624,BDL,BDL,BDL,19,BDL,43,2.54,0.32,D
20,2026-06,Jun-2026,Ibbalur Lake,Ibbalur Lake,12.922487,77.667833,28,5,8,965,5,3.8,0.06,460,3500,BDL,332,14.3,BDL,332,144,64,BDL,0.45,240,124,50,116,28,55,106,668,18,1.3,BDL,23,0.95,46,2.9,3,D
21,2026-06,Jun-2026,Tubarahalli Tank,Tubarahalli Tank,12.958628,77.724734,25,2.7,6.9,616,11,2.3,BDL,470,4300,BDL,132,15.6,BDL,132,92,116,5.6,5.1,156,84,34,72,18,30,59,418,20,0.28,BDL,12,0.26,42,2.05,0.8,E
22,2026-06,Jun-2026,Kaikondanahalli Lake,Kaikondanahalli Lake,12.912366,77.673722,28,5.4,8,1165,6,4.3,BDL,3400,13000,BDL,204,35.8,BDL,204,204,68,BDL,0.4,232,120,48,112,27,116,122,792,42,0.82,BDL,13,0.24,52,3.5,1.9,D
23,2026-06,Jun-2026,Agaram Lake,Agaram Lake,12.921688,77.643863,28,5.2,8.2,967,4,3.8,0.05,330,2400,BDL,336,16.5,BDL,336,136,56,BDL,0.61,220,116,46,104,25,57,102,664,22,1.3,BDL,22,0.93,47,3,3,D
24,2026-06,Jun-2026,Gottigere Lake,Gottigere Lake,12.851789,77.59079,28,4.9,7.5,632,9,2.5,BDL,580,4300,BDL,148,27.4,BDL,148,108,96,BDL,0.4,116,60,24,56,14,48,66,434,34,BDL,BDL,7,0.27,53,2.7,BDL,D
25,2026-06,Jun-2026,Puttenahalli Lake,Puttenahalli Lake,12.889557,77.587179,28,4.7,7.7,469,9,1.8,BDL,480,5400,BDL,120,24.6,BDL,120,92,100,BDL,0.4,80,40,16,40,10,34,48,324,30,BDL,BDL,5,0.3,54,2.3,BDL,D
26,2026-06,Jun-2026,Kalena Agrahara Lake,Kalena Agrahara Lake,12.865578,77.590275,27,4.9,7.8,464,8,1.8,BDL,580,2100,BDL,120,24.2,BDL,120,92,84,BDL,0.4,80,40,16,40,10,34,49,320,28,BDL,BDL,5,0.31,55,2.4,BDL,D
27,2026-06,Jun-2026,Hulimavu Lake,Hulimavu Lake,12.870088,77.603031,28,5.8,7,3030,6,11.5,BDL,340,2400,BDL,84,39.2,BDL,84,780,68,BDL,0.84,408,208,83,200,49,186,364,2090,44,BDL,BDL,44,0.38,63,7.8,BDL,E
28,2026-06,Jun-2026,Singasandra Lake,Singasandra Lake,12.881982,77.644816,28,5.3,8.2,1047,6,3.8,0.55,400,3500,BDL,252,34.8,BDL,252,176,68,BDL,0.43,228,120,48,108,26,95,110,712,42,0.57,BDL,11,0.21,50,3.1,1.3,D
29,2026-06,Jun-2026,Begur Tank,Begur Tank,12.877734,77.629061,28,5.4,7.8,1545,6,6.2,0.48,630,2200,BDL,244,10.2,BDL,244,304,56,BDL,0.4,200,120,48,80,19,56,133,1046,12,0.39,BDL,8,0.58,58,4.09,1.09,D
30,2026-06,Jun-2026,Parappana Agrahara Lake,Parappana Agrahara Lake,12.879105,77.662235,28,5.2,8.1,1042,6,3.8,0.55,5800,12000,BDL,248,34.9,BDL,248,168,68,BDL,0.42,224,116,46,108,26,95,109,706,40,0.57,BDL,11,BDL,50,3.1,1.3,D
31,2026-06,Jun-2026,Haralur Lake,Haralur Lake,12.89517,77.662593,28,5.5,7.7,1128,5,4.3,0.06,580,4300,BDL,252,8.5,BDL,252,120,56,BDL,0.4,228,116,46,112,27,243,118,778,12,1.2,BDL,12,BDL,51,3.4,3.7,D
32,2026-06,Jun-2026,Somasundrapalya Lake,Somasundrapalya Lake,12.899249,77.647505,28,5,7.9,914,6,3.7,0.06,380,1500,BDL,196,18.3,BDL,196,148,64,BDL,0.65,164,88,35,76,18,55,79,618,22,BDL,BDL,5,0.82,50,2.67,0.55,D
33,2026-06,Jun-2026,Anekal Doddakere Tank,Anekal Doddakere Tank,12.713112,77.685162,29,5.4,7.7,1423,6,5.7,0.5,49,9200,BDL,336,5.6,BDL,336,272,64,BDL,0.4,308,160,64,148,36,BDL,118,964,BDL,BDL,BDL,7,0.51,45,2.93,BDL,D
34,2026-06,Jun-2026,Puttenahalli Lake,Puttenahalli Lake,13.111748,77.576109,30,2.4,7.2,1306,8,5,BDL,340,2400,BDL,30,12,BDL,308,225,84,1.56,1.2,356,184,74,172,42,57,124,888,26,0.38,BDL,14,0.34,35,2.9,1.13,E
35,2026-06,Jun-2026,Jakkur Lake,Jakkur Lake,13.089447,77.610713,30,2,7.9,1240,8,4.8,BDL,470,5400,BDL,293,26,BDL,293,213,79,2.4,2.3,338,180,72,158,38,54,120,843,33,0.36,BDL,12,0.33,34,2.8,1.07,E
36,2026-06,Jun-2026,Amruthahalli Lake,Amruthahalli Lake,13.061563,77.597823,27,1.7,7.7,674,12,2.7,BDL,460,1700,BDL,164,14,BDL,164,119,127,4.2,3.2,188,100,40,83,20,30,69,472,24,BDL,BDL,7,0.38,35,2.2,0.58,E
37,2026-06,Jun-2026,Allalasandra Lake,Allalasandra Lake,13.090595,77.585206,30,3,7.6,643,9,2.5,BDL,3100,8400,BDL,152,22,BDL,152,111,87,1.82,1.4,173,92,37,81,20,28,66,436,30,BDL,BDL,6,0.38,36,2.2,0.54,E
38,2026-06,Jun-2026,Yelahanka Tank,Yelahanka Tank,13.110944,77.596232,30,2.8,8,941,12,3.6,BDL,2100,5800,BDL,222,24,BDL,222,162,121,2.86,2.2,256,136,54,120,29,41,92,640,32,0.27,BDL,10,0.4,35,2.5,0.8,E
39,2026-06,Jun-2026,Subramanyapura Tank,Subramanyapura Tank,12.896412,77.542849,30.9,4.2,6.7,666,8,2.3,0.68,630,4300,BDL,116,7.6,BDL,116,100,92,BDL,0.79,96,52,21,40,10,55,68,450,BDL,0.24,BDL,10,0.49,57,3,0.68,D
40,2026-06,Jun-2026,Devarakere Tank,Devarakere Tank,12.897833,77.55502,30.7,2.6,7.3,438,29,1.5,BDL,4900,13000,BDL,140,6.5,BDL,140,40,192,3.2,2.4,140,76,30,64,16,BDL,40,296,BDL,0.43,BDL,6,0.54,37,2,1.2,E
41,2026-06,Jun-2026,Malathahalli Lake,Malathahalli Lake,12.965149,77.495334,28.7,4.2,7.7,799,6,3.1,BDL,460,4300,BDL,176,10.1,BDL,176,128,68,BDL,0.49,208,108,43,100,24,39,78,552,12,BDL,BDL,16,0.22,43,2.35,0.23,D
42,2026-06,Jun-2026,Hoskere Lake,Hoskere Lake,12.937598,77.435837,29.8,1,6.6,575,17,2.2,BDL,330,5400,BDL,120,4.6,BDL,120,84,168,7.4,6.9,144,76,30,68,17,28,56,394,BDL,1.02,BDL,12,0.31,43,2.02,3,E
43,2026-06,Jun-2026,Yelachenahalli Lake,Yelachenahalli Lake,12.900395,77.565308,31,5.3,6.8,378,5,1.45,0.2,270,2400,BDL,140,23.1,BDL,110,52,56,BDL,0.4,124,76,30,48,12,BDL,36,258,32,0.31,BDL,4,BDL,38,1.41,0.8,D
44,2026-06,Jun-2026,Kengeri Tank,Kengeri Tank,12.916694,77.486671,26.9,1.2,7.1,931,16,3.6,0.27,340,2400,BDL,204,5.1,BDL,204,148,164,4.2,3.8,244,124,50,120,29,45,92,638,BDL,0.86,BDL,19,0.36,43,2.56,2.52,E
45,2026-06,Jun-2026,Uttarahalli Doraikere,Uttarahalli Doraikere,12.90751,77.541164,28.9,0.4,6.7,497,90,1.7,BDL,26000,70000,BDL,164,42.4,BDL,164,28,304,5.5,4.2,184,100,40,84,20,56,42,338,54,1.2,BDL,5,0.41,33,1,3.3,E
46,2026-06,Jun-2026,Dhorekere Tank,Dhorekere Tank,12.901895,77.550029,29.7,5.7,8.2,424,5,1.1,0.7,580,2800,BDL,84,11.4,BDL,84,32,60,BDL,0.52,136,76,30,60,15,40,45,286,14,BDL,BDL,7,0.47,40,2,0.55,D
47,2026-06,Jun-2026,Jigani Tank,Jigani Tank,12.793052,77.635403,21,5.5,7.6,1426,6,5.8,0.39,63,1600,BDL,336,6.8,BDL,336,280,56,BDL,0.4,284,148,59,136,33,BDL,120,968,BDL,BDL,BDL,8,0.46,47,3.1,BDL,D
48,2026-06,Jun-2026,Benniganahalli Lake,Benniganahalli Lake,12.996955,77.667953,27,1.9,7.1,472,13,1.8,BDL,430,5400,BDL,96,8.1,BDL,96,72,144,3.2,2.8,116,60,24,56,14,23,46,322,BDL,0.23,BDL,9,BDL,44,1.85,0.67,E
49,2026-06,Jun-2026,Mathikere Tank,Mathikere Tank,13.034957,77.550552,27,4.2,7.8,828,5,3.2,BDL,630,2200,BDL,192,10,BDL,192,144,48,BDL,0.4,224,120,48,104,25,36,83,540,18,BDL,BDL,8,0.32,35,3.3,BDL,D
50,2026-06,Jun-2026,Gangondanahalli Lake,Gangondanahalli Lake,13.016906,77.475409,30,0.7,6.5,1135,90,4,BDL,4300,11000,BDL,248,5.7,BDL,248,208,304,44,34,292,152,61,140,34,BDL,107,760,BDL,0.48,BDL,16,0.54,43,2.7,1.3,E
51,2026-06,Jun-2026,Chikkabanavara Lake,Chikkabanavara Lake,13.082452,77.506749,30,5,6.7,440,6,1.6,BDL,700,3500,BDL,92,4.9,BDL,92,68,68,BDL,0.4,112,60,24,52,13,23,43,304,BDL,BDL,BDL,10,0.28,42,1.76,BDL,D
52,2026-06,Jun-2026,Andhrahalli Lake,Andhrahalli Lake,13.011089,77.48633,29,3.2,6.5,1247,20,4.5,0.64,4900,13000,BDL,68,14.6,BDL,68,44,144,6,4.6,468,240,96,228,55,147,120,818,18,BDL,BDL,10,0.42,35,2.4,0.14,E
53,2026-06,Jun-2026,Kachohalli Lake,Kachohalli Lake,13.00012,77.465986,33,0.6,6.5,1275,39,5.1,0.29,630,3500,BDL,428,8.3,BDL,428,144,280,16,13,324,168,67,156,38,38,112,864,BDL,0.21,BDL,9,BDL,42,2.7,0.61,E
54,2026-06,Jun-2026,Sarakki Lake,Sarakki Lake,12.899542,77.579895,31,4.2,7.1,760,6,2.92,0.08,430,1500,BDL,144,22.1,BDL,144,120,64,BDL,0.6,136,76,30,60,15,21,75,514,30,0.65,BDL,7,BDL,53,2.8,1.54,D
55,2026-06,Jun-2026,Nelamangala Lake,Nelamangala Lake,13.081006,77.399543,28,5.5,7.7,2160,5,9,BDL,430,5400,BDL,552,4,BDL,552,408,44,BDL,0.4,644,332,133,312,76,106,200,1604,BDL,BDL,BDL,20,0.42,32,4.8,BDL,D
56,2026-06,Jun-2026,Abbigere Lake,Abbigere Lake,13.079588,77.528603,30,4.4,6.6,438,7,1.8,BDL,580,4300,BDL,88,5.6,BDL,88,64,72,BDL,0.82,104,56,22,48,12,22,42,298,BDL,BDL,BDL,9,0.26,44,1.8,BDL,D
57,2026-06,Jun-2026,Chelekere Lake,Chelekere Lake,13.026463,77.6453,27,2.6,7.8,686,7,2.6,BDL,4600,12000,BDL,162,12,BDL,162,118,74,2.3,1.8,185,104,42,81,20,30,69,466,26,BDL,BDL,7,0.32,34,2.2,0.57,E
58,2026-06,Jun-2026,Singapura Lake,Singapura Lake,13.084724,77.538512,30,3.6,8,732,5,2.8,BDL,79,920,BDL,173,10,BDL,173,126,54,3.12,2.4,198,108,43,90,22,32,74,498,18,0.21,BDL,8,0.32,35,2.3,0.62,E
59,2026-06,Jun-2026,Narasipura Lake,Narasipura Lake,13.072139,77.558333,30,5.9,7.4,472,4,1.8,BDL,580,2800,BDL,96,8.6,BDL,96,68,48,BDL,0.46,116,60,24,56,14,23,46,324,12,BDL,BDL,9,0.22,44,1.87,BDL,D
60,2026-06,Jun-2026,Rachenahalli Lake,Rachenahalli Lake,13.06242,77.614212,28,2,8.1,1238,8,4.8,BDL,2700,13000,BDL,292,10,BDL,292,213,84,3.9,3,338,176,70,162,39,54,124,842,20,0.36,BDL,12,0.34,36,2.9,1.07,E
61,2026-06,Jun-2026,Kogilu Kere,Kogilu Kere,13.108177,77.618517,28,2,7.2,693,9,2.7,BDL,4900,7000,BDL,164,12,BDL,164,119,90,3.12,2.4,187,104,42,83,20,30,66,470,22,BDL,BDL,7,0.36,33,2.1,0.58,E
62,2026-06,Jun-2026,Viswaneedam Lake,Viswaneedam Lake,12.874936,77.336064,32,0.6,6.5,657,36,2.7,BDL,4600,11000,BDL,236,62,BDL,236,44,268,7.1,5.7,172,92,37,80,19,42,56,444,BDL,0.31,BDL,2,BDL,41,1.85,1.15,E
63,2026-06,Jun-2026,Arashinakunte Kere,Arashinakunte Kere,12.661463,77.193771,29,0.8,6.5,1144,56,4.1,BDL,430,4300,BDL,248,9.5,BDL,248,204,260,39,30,292,152,61,140,34,BDL,120,772,12,0.25,BDL,18,0.59,45,3.1,1.4,E
64,2026-06,Jun-2026,Sadaramangala Lake,Sadaramangala Lake,12.999495,77.728367,26,2.6,6.5,612,27,2.5,BDL,580,4300,BDL,172,8.3,BDL,172,68,220,8,6.4,144,76,30,68,17,35,50,414,BDL,0.21,BDL,2,BDL,42,1.8,0.6,E
65,2026-06,Jun-2026,Bhattarahalli Lake,Bhattarahalli Lake,13.024513,77.708911,27,1.6,7.3,780,17,3,BDL,470,4300,BDL,172,9.2,BDL,172,120,168,4.6,4.1,200,104,42,96,23,38,77,530,12,0.34,BDL,16,0.25,43,2.36,1.01,E
66,2026-06,Jun-2026,Kundalahalli Lake,Kundalahalli Lake,12.969471,77.720501,25,5.9,6.5,909,5,3.3,0.5,340,2400,BDL,68,5.2,BDL,68,176,64,BDL,0.4,164,88,35,76,18,72,95,610,BDL,BDL,BDL,14,0.24,53,3.2,0.38,D
67,2026-06,Jun-2026,Kowdhenahalli Tank,Kowdhenahalli Tank,13.012553,77.684723,26,1.7,7.4,571,18,2.2,BDL,790,1400,BDL,120,24.8,BDL,120,84,172,4.4,3.9,144,76,30,68,17,28,55,388,28,0.33,BDL,11,0.26,41,2,0.95,E
68,2026-06,Jun-2026,Garudacharpalya Tank,Garudacharpalya Tank,12.990298,77.696344,27,1.8,6.5,502,42,1.7,0.2,430,21000,BDL,104,7.8,BDL,104,60,232,33,25,100,56,22,44,11,8,48,340,BDL,0.43,BDL,6,0.37,49,2,1.1,E
69,2026-06,Jun-2026,Rampura Lake,Rampura Lake,13.045,77.690556,25,2.8,8.2,1520,15,6,0.43,21,170,BDL,352,33,BDL,352,300,140,14,10.8,392,208,83,184,45,67,144,988,70,1.7,BDL,20,0.8,35,3.2,5,E
70,2026-06,Jun-2026,Chinnappanahalli Lake,Chinnappanahalli Lake,12.96589,77.706923,27,3,7.1,1276,13,4.8,0.35,140,1600,BDL,288,7.3,BDL,288,204,124,3.1,2.6,340,172,69,168,41,62,120,862,BDL,0.25,BDL,25,0.34,41,2.83,0.75,E
71,2026-06,Jun-2026,Devarabeesanahalli Lake,Devarabeesanahalli Lake,12.923262,77.686892,28,1.7,8.5,923,30,3.5,0.07,3100,9400,40,232,109,20,252,168,152,1.95,1.5,208,108,43,100,24,71,115,632,124,1,BDL,25,0.56,51,3.4,2.5,E
72,2026-06,Jun-2026,Vibhuthipura Lake,Vibhuthipura Lake,12.967863,77.675603,25,2.8,7.5,973,21,3.9,BDL,840,5400,BDL,240,57,BDL,240,152,160,2.3,1.8,176,92,37,84,20,19,88,660,68,1.56,BDL,3,BDL,52,2.89,4.54,E
73,2026-06,Jun-2026,Nallurahalli Lake,Nallurahalli Lake,12.974353,77.735542,26,5.6,6.6,821,6,2.9,0.58,700,2800,BDL,76,7.5,BDL,76,160,56,BDL,0.44,140,76,30,64,16,68,76,552,BDL,BDL,BDL,11,0.28,52,2.8,0.34,D
74,2026-06,Jun-2026,Pattandur Agrahara Lake,Pattandur Agrahara Lake,12.980196,77.738402,26,5.1,6.9,1609,7,5.8,BDL,470,5400,BDL,284,2.8,BDL,284,328,68,BDL,0.62,300,156,62,144,35,27,172,1076,BDL,0.8,BDL,21,0.31,53,4.3,2.2,D
75,2026-06,Jun-2026,Seetharampalya Lake,Seetharampalya Lake,12.982262,77.713189,27,1.2,7.3,1109,56,3.8,BDL,3100,8400,BDL,240,6.4,BDL,240,196,260,36,28,212,112,45,100,24,26,116,746,BDL,0.93,BDL,15,0.45,52,3.5,2.5,E
76,2026-06,Jun-2026,Devasandra Lake,Devasandra Lake,13.002584,77.704595,28,2.2,7.6,429,12,1.6,BDL,330,2400,BDL,88,22.7,BDL,88,60,140,4.1,3.6,104,56,22,48,12,21,42,292,28,0.43,BDL,8,0.22,44,1.8,1.27,E
77,2026-06,Jun-2026,Sheelavanta-Whitefield Lake,Sheelavanta-Whitefield Lake,12.964,77.741667,28,2.5,6.9,618,12,2.3,BDL,310,3500,BDL,132,18.2,BDL,132,96,120,5.8,5.3,156,80,32,76,18,30,60,420,24,0.31,BDL,12,0.36,43,2.1,0.91,E
78,2026-06,Jun-2026,Doddakannehalli Lake,Doddakannehalli Lake,12.912238,77.693333,28,5.6,8,1039,5,3.8,0.33,840,2800,BDL,244,35.2,BDL,244,156,56,BDL,0.4,228,116,46,112,27,100,109,716,40,0.91,BDL,11,BDL,50,3.1,2.1,D
79,2026-06,Jun-2026,Kasavanahalli Lake,Kasavanahalli Lake,12.903816,77.667176,28,5.6,7.6,1130,5,4.3,0.06,3200,9400,BDL,256,8.8,BDL,256,124,52,BDL,0.4,224,112,45,112,27,241,119,780,12,1.2,BDL,12,BDL,52,3.4,2.9,D
80,2026-06,Jun-2026,Rayasandra Lake,Rayasandra Lake,12.870364,77.677283,20,2.8,6.8,2120,31,8.14,0.75,460,2100,BDL,524,26.4,BDL,524,368,208,28,20,416,224,90,192,47,68,205,1430,36,BDL,BDL,18,0.87,50,4,0.17,E
81,2026-06,Jun-2026,Chandapura Lake,Chandapura Lake,12.805571,77.704791,24,3.5,7,2460,28,9.44,0.63,470,2800,BDL,220,24.8,BDL,220,492,192,24.7,19,560,296,118,264,64,57,245,1644,34,BDL,BDL,22,1.77,47,4.5,0.19,E
82,2026-06,Jun-2026,Ullalu Lake,Ullalu Lake,12.960692,77.48058,29.4,1.3,6.7,370,16,1.4,BDL,470,2800,BDL,72,14.8,BDL,72,48,160,8.8,8.4,88,48,19,40,10,18,36,254,18,0.84,BDL,7,BDL,44,1.68,2.45,E
83,2026-06,Jun-2026,Ullalu Lake Sompura Lake,Sompura Lake,12.874737,77.498511,26.5,5.1,7.8,1192,5,4.58,0.1,700,2200,BDL,264,23.5,BDL,264,272,56,BDL,0.4,68,56,22,12,3,31,110,790,32,BDL,BDL,12,0.76,74,5.8,2.3,D
84,2026-06,Jun-2026,Gubbalal Lake,Gubbalal Lake,12.880667,77.539722,28.4,1,6.5,459,56,1.6,0.57,400,3500,BDL,160,16.2,BDL,160,40,260,3.7,2.8,132,72,29,60,15,9.5,42,310,20,0.54,BDL,7,0.38,39,2,1.5,E
85,2026-06,Jun-2026,Hosakerehalli Lake,Hosakerehalli Lake,12.925621,77.534005,27.6,1,6.5,567,27,1.9,BDL,3200,9400,BDL,224,18.6,BDL,224,28,208,1.6,1.3,160,84,34,36,9,9,37,384,22,1.19,BDL,2,0.82,33,1.26,3.43,E
86,2026-06,Jun-2026,Chinnakurchi Kere,Chinnakurchi Kere,12.819102,77.465121,28.7,2.5,6.5,202,11,0.78,BDL,3100,9400,BDL,64,64.6,BDL,64,12,112,5.12,3.2,96,56,22,40,10,BDL,19,136,84,BDL,BDL,2,BDL,29,0.84,0.18,E
87,2026-06,Jun-2026,Machohalli Lake,Machohalli Lake,13.012473,77.454819,33,0.6,6.6,1898,44,7.7,0.6,2200,13000,BDL,344,26.3,BDL,344,340,300,20,16,376,192,77,184,45,71,172,1290,32,0.23,BDL,12,0.27,49,3.87,0.65,E
88,2026-06,Jun-2026,Doddabidarakallu Lake,Doddabidarakallu Lake,13.043337,77.495637,30,0.9,6.5,528,42,2,BDL,4900,9400,BDL,196,8.2,BDL,196,28,232,38,29,160,88,35,72,18,10,60,358,12,BDL,BDL,7,0.45,43,2.1,0.45,E
89,2026-06,Jun-2026,Kammagondanahalli Lake,Kammagondanahalli Lake,13.068814,77.525008,30,5.5,6.5,435,5,1.6,BDL,840,2800,BDL,84,5.8,BDL,84,60,56,BDL,0.66,108,60,24,48,12,21,41,290,BDL,BDL,BDL,8,0.24,43,1.71,BDL,D
90,2026-06,Jun-2026,Basavanapura Lake,Basavanapura Lake,12.844669,77.588939,28,5.4,7.6,456,4,0.84,BDL,480,3500,BDL,128,36.8,BDL,128,68,48,BDL,0.4,88,48,19,40,10,26,69,314,44,BDL,BDL,5,BDL,63,3.3,0.3,D
91,2026-06,Jun-2026,Kodi Singasandra Lake,Kodi Singasandra Lake,12.877959,77.641832,28,6.1,7.6,518,4,2.1,BDL,460,1500,BDL,136,6.8,BDL,136,56,40,BDL,0.4,116,64,26,52,13,32,47,350,BDL,BDL,BDL,3,0.31,45,1.9,BDL,D
92,2026-06,Jun-2026,Kothanuru Lake,Kothanuru Lake,12.873691,77.579472,28,4.9,7.8,631,9,2.2,BDL,460,3500,BDL,148,27.7,BDL,148,108,92,BDL,0.4,116,60,24,56,14,48,66,434,32,BDL,BDL,7,0.29,53,2.7,BDL,D
93,2026-06,Jun-2026,Mangamanapalya Lake (Swarana Kunte),,12.902831,77.638852,28,4.7,8,910,9,3.7,BDL,470,2200,BDL,196,16.6,BDL,196,152,88,BDL,0.82,176,92,37,84,20,52,76,616,20,0.22,BDL,3,0.28,48,2.5,0.64,D
94,2026-06,Jun-2026,"Kannahalli Lake Kannahalli, Bengaluru","Kannahalli Lake Kannahalli, Bengaluru",12.96873,77.46087,32,0.5,6.7,1872,35,7.6,0.56,17000,49000,BDL,512,24.6,BDL,512,264,256,7.7,6.2,520,264,106,256,62,86,170,1268,30,1.41,BDL,10,0.3,41,3.24,4.1,E
95,2026-06,Jun-2026,"Hoodi (Rajapalya Lake) Itpl Main Road, Near Hoodi,Bengaluru",,12.9867,77.7227,26,5.3,7.4,812,7,2.9,BDL,3200,9400,BDL,56,12.3,BDL,56,132,72,BDL,0.65,116,64,26,52,13,39,61,550,16,BDL,BDL,3,0.22,52,2.47,0.23,D
96,2026-06,Jun-2026,"Munekolalu Lake ,Marathahalli, East Taluka ,Bengaluru",,12.9609,77.7083,25,1.2,7.2,1290,40,4.9,0.37,79,920,BDL,292,9.1,BDL,292,208,144,4.7,4.2,344,176,70,168,41,63,123,874,14,0.46,BDL,26,0.29,41,2.88,1.35,E
97,2026-06,Jun-2026,"Mahadevpuraâ Lake, K. R. Puram , Bangalore East Taluka",,12.9874,77.6917,25,1.4,8.2,531,30,1.9,0.59,460,9200,BDL,132,20.1,BDL,132,84,220,25,19,88,52,21,36,9,7,50,358,24,0.77,BDL,7,0.52,52,2.3,1.9,E
98,2026-06,Jun-2026,"Segehalli Lake Baavanapura Road Battarahalli , Bangalore East",,13.0167,77.7129,28,1.1,6.9,1043,19,4,0.3,3100,8400,BDL,220,16.2,BDL,220,164,200,8.6,8.2,272,140,56,132,32,49,102,708,20,0.66,BDL,21,0.36,42,2.68,1.93,E
99,2026-06,Jun-2026,"Kannamangala Lake Hoskote Main Road , Bengalore",,13.0279,77.7742,26,5.7,7.3,904,5,3.4,0.25,94,1600,BDL,200,5.6,BDL,200,136,56,BDL,0.4,232,120,48,112,27,43,88,620,BDL,BDL,BDL,17,0.24,43,2.51,0.24,D
100,2026-06,Jun-2026,Kannur Lake Near By Hennur Road Bengalore,,13.1012,77.6532,25,1.2,8,13040,59,50.06,1,70,920,BDL,1740,48.6,BDL,1740,2820,356,104,65,856,444,178,412,100,105,325,6312,64,0.76,BDL,102,0.99,42,4.83,1.94,E
101,2026-06,Jun-2026,"Basavanapura Lake Ayyappa Nagr Main Road , K. R. Puram , Bengaluru",,13.0097,77.71278,28,3.2,7.5,430,11,1.7,BDL,390,1700,BDL,92,19.8,BDL,92,64,136,2.2,1.8,108,56,22,52,13,22,43,294,24,BDL,BDL,9,BDL,44,1.71,0.38,E
102,2026-06,Jun-2026,"Doddakallasandra Lake,Bengaluru","Doddakallasandra Lake,Bengaluru",12.881283,77.56179,28,4.8,7.6,635,8,2.5,BDL,110,1600,BDL,152,27.5,BDL,152,112,88,BDL,0.4,120,60,24,60,15,48,65,438,32,BDL,BDL,7,0.28,53,2.6,BDL,D
103,2026-06,Jun-2026,"Byrasandra Upper Lake,Bengaluru","Byrasandra Upper Lake,Bengaluru",12.554835,77.354549,31,2.8,7,603,20,2.1,0.03,3900,14000,BDL,180,18.6,BDL,180,68,144,2.7,2.1,156,84,34,72,18,6,53,404,24,1.3,BDL,10,0.74,40,2,3.6,E
104,2026-06,Jun-2026,"Soulkere, Kaikondrahalli Vill,Bengaluru","Soulkere, Kaikondrahalli Vill,Bengaluru",12.917471,77.67881,28,5.6,7.7,1144,5,4.3,0.06,330,2400,BDL,260,8.2,BDL,260,128,52,BDL,0.4,228,116,46,112,27,241,120,790,12,1.2,BDL,13,BDL,52,3.4,2.8,D
105,2026-06,Jun-2026,"Kudlu Doddakere, Kudlu Vill,Bengaluru","Kudlu Doddakere, Kudlu Vill,Bengaluru",12.886024,77.66597,28,5.4,8.2,1120,6,4,BDL,3100,8400,BDL,200,36.2,BDL,200,200,64,BDL,0.4,228,116,46,112,27,117,117,760,42,0.84,BDL,12,0.25,51,3.4,1.9,D
106,2026-06,Jun-2026,"Kudlu Chikkakere, Bgp Layout Kudlu Vill ,Bengaluru",,12.893066,77.655959,28,5.3,8.2,1133,6,4.3,0.33,630,2800,BDL,236,39,BDL,236,196,68,BDL,0.44,224,116,46,108,26,117,118,776,46,0.8,BDL,12,0.22,52,3.4,1.9,D
107,2026-06,Jun-2026,"Doddathogur Lake , Doddathoguru Vill,Bengaluru",,12.850254,77.645186,28,6,7.5,504,4,2,BDL,840,9200,BDL,112,6.9,BDL,112,52,44,BDL,0.4,108,60,24,48,12,29,46,342,BDL,BDL,BDL,2,BDL,47,1.94,BDL,D
108,2026-06,Jun-2026,"Anjanapura Lake ( Avala Halli Lake) Anjanapura,Bengaluru",,12.866965,77.565735,28,5.3,7.4,628,6,2.2,BDL,630,2200,BDL,148,27.5,BDL,148,108,68,BDL,0.4,116,60,24,56,14,48,66,432,32,BDL,BDL,7,0.25,53,2.7,BDL,D
109,2026-06,Jun-2026,"Chunchaghatta Lake, Chunchaghatta Phase 7, J P Nagar, Bengaluru",,12.886957,77.57537,28,5,7.2,504,7,2,BDL,330,3500,BDL,140,6.8,BDL,140,56,76,BDL,0.4,124,64,26,60,15,68,52,348,12,BDL,BDL,5,0.23,47,2,BDL,D
110,2026-06,Jun-2026,"Kembhatahali Lake-66, Kothannur, 1St Phase , Bengaluru",,12.857679,77.576915,28,5,6.9,477,7,1.8,BDL,470,2800,BDL,132,5.8,BDL,132,100,72,BDL,0.4,88,44,18,44,11,39,49,330,BDL,BDL,BDL,5,BDL,53,2.3,BDL,D
111,2026-06,Jun-2026,"Doddakammanahalli Lake, Doddakammanahalli Phase2, Tejaswini Nagar","Doddakammanahalli Phase2, Tejaswini",12.85471,77.603625,28,5.5,8.1,451,6,1.8,BDL,580,1700,BDL,116,18.6,BDL,116,68,64,BDL,0.4,64,36,14,28,7,28,36,306,20,BDL,BDL,3,BDL,54,1.95,BDL,D
112,2026-06,Jun-2026,"Basspura Lake, Aishwarya Crystal Layout, Begur, Bengaluru",,12.869068,77.644611,28,6.1,7.3,589,4,2.4,BDL,700,3500,BDL,128,20.6,BDL,128,88,40,BDL,0.4,108,60,24,48,12,34,47,402,24,BDL,BDL,2,0.36,48,1.98,0.36,D
113,2026-06,Jun-2026,"Lower Amblipura Lake, Pwd Quarters,1St Sector, Hsr Layout Bengaluru","Quarters,1St Sector, Hsr Layout",12.916873,77.665277,28,1.2,7.7,920,25,3.7,0.06,700,3500,BDL,192,16.8,BDL,192,136,180,1.8,1.5,168,88,35,80,19,50,81,624,20,0.22,BDL,7,BDL,50,2.72,0.62,E
114,2026-06,Jun-2026,"Bhoganhalli Lake, Bhoganhalli,, Bengaluru",,12.92429,77.699344,28,2,8,1262,19,5.1,0.07,790,1700,BDL,240,8.6,BDL,240,196,136,BDL,1.2,232,120,48,112,27,110,112,856,BDL,0.97,BDL,8,BDL,50,3.19,2.72,E
115,2026-06,Jun-2026,"Parappana Agrahara Chikka Kere, Near Central Jail, Sai Sree Layout Parappana Agrahara,","Central Jail, Sai Sree Layout Parappana",12.878062,77.668637,28,5.3,8.1,1040,6,4,0.55,2700,7900,BDL,256,34.5,BDL,256,180,68,BDL,0.43,232,120,48,112,27,93,109,710,40,0.58,BDL,11,0.21,49,3.1,1.3,D
116,2026-06,Jun-2026,"Vittasandra Lake, Vittasandra,","Vittasandra Lake, Vittasandra,",12.854362,77.633857,28,5.5,7.4,1793,6,7.2,0.5,470,2800,BDL,96,8.9,BDL,96,416,60,BDL,0.4,244,128,51,116,28,67,160,1214,BDL,0.47,BDL,10,0.48,58,4.45,1.35,D
117,2026-06,Jun-2026,"Akshyanagara Lake, Akshyanagara West, Bengaluru",,12.871633,77.614944,28,4.9,7.2,589,5,2.4,BDL,340,2400,BDL,136,15.3,BDL,136,80,48,BDL,0.4,100,56,22,44,11,34,46,398,18,BDL,BDL,2,0.32,49,2,0.31,D
118,2026-06,Jun-2026,"Yallenahalli Lake, Begur-Koppa Rd, Akshayanagara, Bengaluru",,12.866293,77.614589,28,6,7.6,509,4,2,BDL,490,3500,BDL,112,6.2,BDL,112,48,44,BDL,0.4,92,52,21,40,10,31,45,344,BDL,BDL,BDL,BDL,0.46,51,2.05,BDL,D
119,2026-06,Jun-2026,Doddagubbi Lake,Doddagubbi Lake,13.074598,77.672604,25,1.8,8,5500,34,21,1.24,11,79,BDL,1280,45,BDL,1280,500,180,12,9,1400,730,292,670,163,196,380,3700,98,1.33,BDL,96,0.4,29,4.4,3.8,E
120,2026-06,Jun-2026,Chikkagubi Lake,Chikkagubi Lake,13.087485,77.665332,25,1.3,8.2,10970,57,42.11,0.7,2600,7000,BDL,1580,51.2,BDL,1580,2500,392,58.5,45,696,368,147,328,80,89,115,5102,68,0.68,BDL,98,0.95,23,1.9,1.73,E
121,2026-06,Jun-2026,Vijanapura Lake,Vijanapura Lake,13.009167,77.676764,26,2.3,8.2,432,11,1.6,BDL,3300,11000,BDL,112,38.6,BDL,112,68,140,3.6,3.2,92,48,19,44,11,21,35,296,44,BDL,BDL,9,0.24,42,1.58,0.43,E
122,2026-06,Jun-2026,Cheemasandra,Cheemasandra,13.044,77.740272,25,3,6.5,2210,16,8.48,0.59,5800,12000,BDL,552,58.4,BDL,552,400,152,14.4,12,420,216,86,204,50,39,220,1462,76,BDL,BDL,22,0.98,51,4.67,0.32,E
123,2026-06,Jun-2026,Leghumenahalli Lake,Leghumenahalli Lake,13.0731,77.75573,26,5.1,7.2,905,6,3.5,0.27,270,2400,BDL,204,6.9,BDL,204,140,64,BDL,0.62,236,124,50,112,27,44,89,622,12,BDL,BDL,18,0.26,43,2.52,0.28,D
124,2026-06,Jun-2026,Varanasi Lake,Varanasi Lake,13.027121,77.686976,27,3.5,6.5,486,12,1.87,BDL,940,3500,BDL,144,23.6,BDL,144,32,104,1.8,1.5,112,76,30,36,9,44,36,332,32,0.49,BDL,4,0.34,40,1.48,1.15,E
125,2026-06,Jun-2026,Gangashetty Lake,Gangashetty Lake,13.00502,77.693716,27,3.6,6.9,1125,12,4.32,BDL,790,9200,BDL,292,25.2,BDL,292,164,108,2.24,1.6,184,112,45,72,18,27,92,768,34,BDL,BDL,9,1.02,50,2.95,0.27,E
126,2026-06,Jun-2026,Panathur Lake,Panathur Lake,12.93252,77.706813,25,3.4,7.1,1272,10,4.6,0.36,79,540,BDL,288,5.8,BDL,288,204,108,2.8,2.4,336,172,69,164,40,62,61,870,BDL,0.23,BDL,25,BDL,26,1.44,0.68,E
127,2026-06,Jun-2026,Garudacharpalya Lake-2,Garudacharpalya Lake-2,12.986692,77.697785,27,5.4,8.2,535,6,1.9,0.68,260,8400,BDL,96,15.6,BDL,96,88,52,BDL,0.41,120,68,27,52,13,12,52,362,20,BDL,BDL,6,0.29,47,2.1,0.64,D
128,2026-06,Jun-2026,Mahadevapura Lake-2,Mahadevapura Lake-2,12.975948,77.689396,25,2,6.5,398,28,1.7,BDL,790,3500,BDL,100,5.8,BDL,100,36,212,20,15,108,60,24,48,12,6,45,270,BDL,0.42,BDL,7,0.44,45,1.9,1.1,E
129,2026-06,Jun-2026,B- Narayannapura Lake-2,B- Narayannapura Lake-2,12.996322,77.682721,25,5,6.8,392,7,1.6,BDL,630,2200,BDL,120,4.6,BDL,120,40,80,BDL,0.59,112,64,26,48,12,27,43,266,BDL,0.43,BDL,6,0.3,43,1.8,1.2,D
130,2026-06,Jun-2026,Halnayakanahalli Lake,Halnayakanahalli Lake,12.899842,77.691732,25,4.6,7,1594,10,6.1,BDL,70,1600,BDL,236,24.2,BDL,236,420,92,BDL,0.82,308,156,62,152,37,23,167,1064,28,BDL,BDL,17,0.33,52,4.1,BDL,D
